address	name
00402000	_DT_INIT
00402040	free
00402050	__vfprintf_chk
00402060	abort
00402070	__errno_location
00402090	pthread_getattr_np
004020a0	sigaction
004020e0	mmap
00402100	nanosleep
00402110	gai_strerror
00402150	fputc
00402160	pthread_attr_init
00402170	sigemptyset
00402180	pthread_attr_getstack
00402190	sigfillset
004021a0	pthread_attr_setdetachstate
004021c0	malloc
004021d0	pthread_sigmask
00402200	munmap
00402210	pthread_create
00402220	pthread_self
00402250	pthread_attr_destroy
00402260	sigismember
00402270	fwrite
00402280	__fprintf_chk
004022a0	getaddrinfo
004022b0	strerror
004022c0	sigaddset
004022d0	setegid
004022f0	pthread_attr_getstacksize
00402350	entry
00402390	FUN_00402390
004023c0	FUN_004023c0
00402400	_FINI_0
00402430	_INIT_0
00402440	FUN_00402440
004024c0	FUN_004024c0
00402520	FUN_00402520
00402560	FUN_00402560
00402600	FUN_00402600
00402680	FUN_00402680
00402700	FUN_00402700
004027c0	FUN_004027c0
004028c0	FUN_004028c0
00403120	FUN_00403120
00403180	FUN_00403180
004036c0	FUN_004036c0
00403f60	FUN_00403f60
00403f80	FUN_00403f80
00403fa0	FUN_00403fa0
00404300	FUN_00404300
00404460	FUN_00404460
004044a0	FUN_004044a0
00404760	FUN_00404760
00404780	FUN_00404780
00404980	FUN_00404980
004049c0	FUN_004049c0
00404b60	FUN_00404b60
00404ec0	FUN_00404ec0
00404f00	FUN_00404f00
00405080	FUN_00405080
004050a0	FUN_004050a0
00405140	FUN_00405140
00405220	FUN_00405220
004052c0	FUN_004052c0
004053a0	FUN_004053a0
00405440	FUN_00405440
00405480	FUN_00405480
00405540	FUN_00405540
004058e0	FUN_004058e0
00405a00	FUN_00405a00
00405ac0	FUN_00405ac0
00405ba0	FUN_00405ba0
00405c60	FUN_00405c60
00405f00	FUN_00405f00
00406100	FUN_00406100
004062e0	FUN_004062e0
004067a0	FUN_004067a0
004068e0	FUN_004068e0
00406ba0	FUN_00406ba0
00407320	FUN_00407320
004074c0	FUN_004074c0
004077c0	FUN_004077c0
004079a0	FUN_004079a0
00407c20	FUN_00407c20
00407ea0	FUN_00407ea0
00407fc0	FUN_00407fc0
00408100	FUN_00408100
004083c0	FUN_004083c0
00408440	FUN_00408440
004085e0	FUN_004085e0
00408780	FUN_00408780
00408960	FUN_00408960
00408c20	FUN_00408c20
00408e80	FUN_00408e80
00408fe0	FUN_00408fe0
00409140	FUN_00409140
004092c0	FUN_004092c0
004094e0	FUN_004094e0
00409700	FUN_00409700
00409800	FUN_00409800
00409920	FUN_00409920
00409b00	FUN_00409b00
00409ce0	FUN_00409ce0
00409fc0	FUN_00409fc0
0040a360	FUN_0040a360
0040a4a0	FUN_0040a4a0
0040a5a0	FUN_0040a5a0
0040ac20	FUN_0040ac20
0040ac80	FUN_0040ac80
0040aea0	FUN_0040aea0
0040b080	FUN_0040b080
0040b1c0	FUN_0040b1c0
0040b3c0	FUN_0040b3c0
0040b5e0	FUN_0040b5e0
0040b980	FUN_0040b980
0040b9e0	FUN_0040b9e0
0040bbe0	FUN_0040bbe0
0040be00	FUN_0040be00
0040c1c0	FUN_0040c1c0
0040c540	FUN_0040c540
0040c5c0	FUN_0040c5c0
0040c860	FUN_0040c860
0040cb00	FUN_0040cb00
0040d080	FUN_0040d080
0040d100	FUN_0040d100
0040d3c0	FUN_0040d3c0
0040d680	FUN_0040d680
0040de20	FUN_0040de20
0040e460	FUN_0040e460
0040e540	FUN_0040e540
0040e7a0	FUN_0040e7a0
0040e940	FUN_0040e940
0040e980	FUN_0040e980
0040e9c0	FUN_0040e9c0
0040ea20	FUN_0040ea20
0040eac0	FUN_0040eac0
0040eba0	FUN_0040eba0
0040ee00	FUN_0040ee00
0040f3c0	FUN_0040f3c0
0040f580	FUN_0040f580
0040f6e0	FUN_0040f6e0
0040f7a0	FUN_0040f7a0
0040f860	FUN_0040f860
0040f8c0	FUN_0040f8c0
0040f920	FUN_0040f920
0040fcc0	FUN_0040fcc0
0040fd80	FUN_0040fd80
0040fe40	FUN_0040fe40
0040ff40	FUN_0040ff40
00410120	FUN_00410120
00410180	FUN_00410180
004102e0	FUN_004102e0
004103c0	FUN_004103c0
00410560	FUN_00410560
00410660	FUN_00410660
00410860	FUN_00410860
00410b80	FUN_00410b80
00410be0	FUN_00410be0
00410c20	FUN_00410c20
00410cc0	FUN_00410cc0
004111e0	FUN_004111e0
004113c0	FUN_004113c0
00411480	FUN_00411480
00411560	FUN_00411560
004115c0	FUN_004115c0
004116a0	FUN_004116a0
004118c0	FUN_004118c0
004118e0	FUN_004118e0
00411f00	FUN_00411f00
00412100	FUN_00412100
004121c0	FUN_004121c0
00412240	FUN_00412240
004122c0	FUN_004122c0
00412760	FUN_00412760
004127e0	FUN_004127e0
00412800	FUN_00412800
00412820	FUN_00412820
00412f00	FUN_00412f00
004131e0	FUN_004131e0
00413220	FUN_00413220
00413260	FUN_00413260
00413340	FUN_00413340
004134c0	FUN_004134c0
00413620	FUN_00413620
00413720	FUN_00413720
00413940	FUN_00413940
004140e0	FUN_004140e0
004141a0	FUN_004141a0
00414200	FUN_00414200
00414fa0	FUN_00414fa0
00415160	FUN_00415160
00415220	FUN_00415220
00415600	FUN_00415600
004157e0	FUN_004157e0
004158e0	FUN_004158e0
00415980	FUN_00415980
00415a80	FUN_00415a80
00415cc0	FUN_00415cc0
00415d40	FUN_00415d40
00415f20	FUN_00415f20
00416020	FUN_00416020
00416080	FUN_00416080
00416200	FUN_00416200
00416260	FUN_00416260
00416660	FUN_00416660
00416740	FUN_00416740
00416800	FUN_00416800
004168c0	FUN_004168c0
00416940	FUN_00416940
004169c0	FUN_004169c0
00416a40	FUN_00416a40
00416ac0	FUN_00416ac0
00416b20	FUN_00416b20
00416cc0	FUN_00416cc0
00416ee0	FUN_00416ee0
004170c0	FUN_004170c0
00417340	FUN_00417340
004173c0	FUN_004173c0
00417440	FUN_00417440
004174a0	FUN_004174a0
004175a0	FUN_004175a0
00417760	FUN_00417760
004177e0	FUN_004177e0
00417880	FUN_00417880
00417900	FUN_00417900
00417960	FUN_00417960
004179a0	FUN_004179a0
00417dc0	FUN_00417dc0
00417e00	FUN_00417e00
00417fe0	FUN_00417fe0
00418320	FUN_00418320
004185a0	FUN_004185a0
00418c20	FUN_00418c20
00418d20	FUN_00418d20
00418de0	FUN_00418de0
00418f40	FUN_00418f40
00419220	FUN_00419220
00419540	FUN_00419540
00419880	FUN_00419880
00419be0	FUN_00419be0
00419e60	FUN_00419e60
00419f20	FUN_00419f20
0041a060	FUN_0041a060
0041a0c0	FUN_0041a0c0
0041a160	FUN_0041a160
0041a1a0	FUN_0041a1a0
0041a280	FUN_0041a280
0041a3a0	FUN_0041a3a0
0041a440	FUN_0041a440
0041a720	FUN_0041a720
0041a840	FUN_0041a840
0041a8a0	FUN_0041a8a0
0041a8e0	FUN_0041a8e0
0041a900	FUN_0041a900
0041a940	FUN_0041a940
0041aa40	FUN_0041aa40
0041aaa0	FUN_0041aaa0
0041ab40	FUN_0041ab40
0041ac00	FUN_0041ac00
0041ac80	FUN_0041ac80
0041ade0	FUN_0041ade0
0041b060	FUN_0041b060
0041b3c0	FUN_0041b3c0
0041b560	FUN_0041b560
0041b5e0	FUN_0041b5e0
0041b640	FUN_0041b640
0041b720	FUN_0041b720
0041b8e0	FUN_0041b8e0
0041b900	FUN_0041b900
0041ba40	FUN_0041ba40
0041bb00	FUN_0041bb00
0041bca0	FUN_0041bca0
0041be20	FUN_0041be20
0041bf00	FUN_0041bf00
0041c300	FUN_0041c300
0041c440	FUN_0041c440
0041c6a0	FUN_0041c6a0
0041c860	FUN_0041c860
0041ca60	FUN_0041ca60
0041cae0	FUN_0041cae0
0041cf60	FUN_0041cf60
0041d040	FUN_0041d040
0041d0c0	FUN_0041d0c0
0041d1a0	FUN_0041d1a0
0041d220	FUN_0041d220
0041d3c0	FUN_0041d3c0
0041d480	FUN_0041d480
0041d9a0	FUN_0041d9a0
0041db20	FUN_0041db20
0041ddc0	FUN_0041ddc0
0041dfc0	FUN_0041dfc0
0041e100	FUN_0041e100
0041e460	FUN_0041e460
0041e5c0	FUN_0041e5c0
0041e620	FUN_0041e620
0041e8c0	FUN_0041e8c0
0041e920	FUN_0041e920
0041e980	FUN_0041e980
0041ea20	FUN_0041ea20
0041eae0	FUN_0041eae0
0041ecc0	FUN_0041ecc0
0041ed80	FUN_0041ed80
0041ee00	FUN_0041ee00
0041ee80	FUN_0041ee80
0041ef20	FUN_0041ef20
0041efc0	FUN_0041efc0
0041f0c0	FUN_0041f0c0
00420920	FUN_00420920
00420b80	FUN_00420b80
00420c40	FUN_00420c40
004211c0	FUN_004211c0
00421260	FUN_00421260
00421a60	FUN_00421a60
00421b80	FUN_00421b80
00421c80	FUN_00421c80
00421ca0	FUN_00421ca0
00421d20	FUN_00421d20
00421f60	FUN_00421f60
004220a0	FUN_004220a0
00422160	FUN_00422160
00422260	FUN_00422260
004229c0	FUN_004229c0
00422a20	FUN_00422a20
00422fe0	FUN_00422fe0
00423d20	FUN_00423d20
00423ee0	FUN_00423ee0
00424440	FUN_00424440
00424640	FUN_00424640
00424880	FUN_00424880
00424980	FUN_00424980
00424b20	FUN_00424b20
00424d20	FUN_00424d20
00424de0	FUN_00424de0
00424ea0	FUN_00424ea0
00424f40	FUN_00424f40
00425160	FUN_00425160
00425200	FUN_00425200
00425300	FUN_00425300
004253a0	FUN_004253a0
004254c0	FUN_004254c0
00425680	FUN_00425680
00425780	FUN_00425780
00425ca0	FUN_00425ca0
00425e80	FUN_00425e80
00426180	FUN_00426180
00426240	FUN_00426240
00426860	FUN_00426860
004268c0	FUN_004268c0
00426b80	FUN_00426b80
00426c00	FUN_00426c00
00426d40	FUN_00426d40
00426ee0	FUN_00426ee0
00427480	FUN_00427480
004276c0	FUN_004276c0
00427b00	FUN_00427b00
00427d20	FUN_00427d20
00427e80	FUN_00427e80
004281a0	FUN_004281a0
004283e0	FUN_004283e0
00428460	FUN_00428460
004286e0	FUN_004286e0
004287c0	FUN_004287c0
004288e0	FUN_004288e0
004289a0	FUN_004289a0
00428a40	FUN_00428a40
00428c60	FUN_00428c60
00428e20	FUN_00428e20
00429060	FUN_00429060
004291a0	FUN_004291a0
00429500	FUN_00429500
00429600	FUN_00429600
004296a0	FUN_004296a0
004297e0	FUN_004297e0
00429860	FUN_00429860
00429920	FUN_00429920
00429a00	FUN_00429a00
00429b00	FUN_00429b00
00429b80	FUN_00429b80
00429c00	FUN_00429c00
00429c80	FUN_00429c80
00429d00	FUN_00429d00
00429e80	FUN_00429e80
0042a020	FUN_0042a020
0042a200	FUN_0042a200
0042a280	FUN_0042a280
0042a320	FUN_0042a320
0042a580	FUN_0042a580
0042a5e0	FUN_0042a5e0
0042a7a0	FUN_0042a7a0
0042a840	FUN_0042a840
0042a9c0	FUN_0042a9c0
0042ada0	FUN_0042ada0
0042af40	FUN_0042af40
0042b240	FUN_0042b240
0042b320	FUN_0042b320
0042b3a0	FUN_0042b3a0
0042b560	FUN_0042b560
0042b660	FUN_0042b660
0042b7e0	FUN_0042b7e0
0042b820	FUN_0042b820
0042b8e0	FUN_0042b8e0
0042b980	FUN_0042b980
0042ba00	FUN_0042ba00
0042bb20	FUN_0042bb20
0042bc40	FUN_0042bc40
0042bd60	FUN_0042bd60
0042bec0	FUN_0042bec0
0042bfe0	FUN_0042bfe0
0042c160	FUN_0042c160
0042c320	FUN_0042c320
0042c4c0	FUN_0042c4c0
0042c560	FUN_0042c560
0042c740	FUN_0042c740
0042c880	FUN_0042c880
0042d820	FUN_0042d820
0042d920	FUN_0042d920
0042db60	FUN_0042db60
0042dc00	FUN_0042dc00
0042dc60	FUN_0042dc60
0042dd80	FUN_0042dd80
0042df60	FUN_0042df60
0042e040	FUN_0042e040
0042e120	FUN_0042e120
0042e1e0	FUN_0042e1e0
0042e440	FUN_0042e440
0042e4a0	FUN_0042e4a0
0042e500	FUN_0042e500
0042e580	FUN_0042e580
0042e620	FUN_0042e620
0042e720	FUN_0042e720
0042ea40	FUN_0042ea40
0042eac0	FUN_0042eac0
0042eb40	FUN_0042eb40
0042ed40	FUN_0042ed40
0042f080	FUN_0042f080
0042f520	FUN_0042f520
0042f640	FUN_0042f640
0042f6a0	FUN_0042f6a0
0042f760	FUN_0042f760
0042f8c0	FUN_0042f8c0
0042f9a0	FUN_0042f9a0
0042ffc0	FUN_0042ffc0
004302a0	FUN_004302a0
00430500	FUN_00430500
00430640	FUN_00430640
00430900	FUN_00430900
00430960	FUN_00430960
00430a00	FUN_00430a00
00430a80	FUN_00430a80
00430ca0	FUN_00430ca0
00430e80	FUN_00430e80
004310a0	FUN_004310a0
00431140	FUN_00431140
004312a0	FUN_004312a0
004313e0	FUN_004313e0
004314e0	FUN_004314e0
00431760	FUN_00431760
00431820	FUN_00431820
00431920	FUN_00431920
004319a0	FUN_004319a0
00431ba0	FUN_00431ba0
00431d80	FUN_00431d80
00431e80	FUN_00431e80
00431f40	FUN_00431f40
00432280	FUN_00432280
00432640	FUN_00432640
00432700	FUN_00432700
00432840	FUN_00432840
00432b00	FUN_00432b00
00432c60	FUN_00432c60
00433220	FUN_00433220
00433640	FUN_00433640
00433700	FUN_00433700
00433ce0	FUN_00433ce0
00433da0	FUN_00433da0
00433fa0	FUN_00433fa0
00434340	FUN_00434340
004344a0	FUN_004344a0
004345e0	FUN_004345e0
00434b20	FUN_00434b20
00434de0	FUN_00434de0
00434e80	FUN_00434e80
00434f20	FUN_00434f20
00435060	FUN_00435060
004352a0	FUN_004352a0
004355c0	FUN_004355c0
004356c0	FUN_004356c0
00435840	FUN_00435840
00435a60	FUN_00435a60
00435c40	FUN_00435c40
00435ce0	FUN_00435ce0
00435de0	FUN_00435de0
00435f00	FUN_00435f00
00435f80	FUN_00435f80
00436020	FUN_00436020
00436080	FUN_00436080
004360e0	FUN_004360e0
00436140	FUN_00436140
00436560	FUN_00436560
00436640	FUN_00436640
00436700	FUN_00436700
004367c0	FUN_004367c0
004369e0	FUN_004369e0
00436ac0	FUN_00436ac0
00436b80	FUN_00436b80
00436e00	FUN_00436e00
00437020	FUN_00437020
004370a0	FUN_004370a0
00437260	FUN_00437260
00437460	FUN_00437460
004375c0	FUN_004375c0
00437700	FUN_00437700
00437980	FUN_00437980
00437ee0	FUN_00437ee0
00438120	FUN_00438120
004384c0	FUN_004384c0
00438760	FUN_00438760
004389a0	FUN_004389a0
00438c40	FUN_00438c40
00438d60	FUN_00438d60
00438de0	FUN_00438de0
004393e0	FUN_004393e0
00439440	FUN_00439440
004395e0	FUN_004395e0
004397c0	FUN_004397c0
00439a00	FUN_00439a00
00439c80	FUN_00439c80
00439d00	FUN_00439d00
00439de0	FUN_00439de0
00439e80	FUN_00439e80
00439f60	FUN_00439f60
0043a060	FUN_0043a060
0043a540	FUN_0043a540
0043a600	FUN_0043a600
0043a7c0	FUN_0043a7c0
0043a9e0	FUN_0043a9e0
0043aa80	FUN_0043aa80
0043ab00	FUN_0043ab00
0043abe0	FUN_0043abe0
0043b100	FUN_0043b100
0043b1c0	FUN_0043b1c0
0043b220	FUN_0043b220
0043b2c0	FUN_0043b2c0
0043b320	FUN_0043b320
0043b400	FUN_0043b400
0043b4c0	FUN_0043b4c0
0043b4e0	FUN_0043b4e0
0043b540	FUN_0043b540
0043b7e0	FUN_0043b7e0
0043b840	FUN_0043b840
0043b8c0	FUN_0043b8c0
0043b920	FUN_0043b920
0043b9c0	FUN_0043b9c0
0043bb20	FUN_0043bb20
0043bbe0	FUN_0043bbe0
0043bd60	FUN_0043bd60
0043c120	FUN_0043c120
0043c260	FUN_0043c260
0043c380	FUN_0043c380
0043c420	FUN_0043c420
0043c4a0	FUN_0043c4a0
0043c540	FUN_0043c540
0043c8a0	FUN_0043c8a0
0043c960	FUN_0043c960
0043ca20	FUN_0043ca20
0043cb00	FUN_0043cb00
0043cc80	FUN_0043cc80
0043cf20	FUN_0043cf20
0043d060	FUN_0043d060
0043d1c0	FUN_0043d1c0
0043d2c0	FUN_0043d2c0
0043d300	FUN_0043d300
0043d380	FUN_0043d380
0043d3e0	FUN_0043d3e0
0043d460	FUN_0043d460
0043d4e0	FUN_0043d4e0
0043d780	FUN_0043d780
0043d860	FUN_0043d860
0043d920	FUN_0043d920
0043e1a0	FUN_0043e1a0
0043e200	FUN_0043e200
0043e260	FUN_0043e260
0043e2c0	FUN_0043e2c0
0043e3a0	FUN_0043e3a0
0043e480	FUN_0043e480
0043e560	FUN_0043e560
0043e5c0	FUN_0043e5c0
0043e7c0	FUN_0043e7c0
0043eaa0	FUN_0043eaa0
0043eb40	FUN_0043eb40
0043ecc0	FUN_0043ecc0
0043ee60	FUN_0043ee60
0043f080	FUN_0043f080
0043f2e0	FUN_0043f2e0
0043f360	FUN_0043f360
0043f680	FUN_0043f680
0043f7c0	FUN_0043f7c0
0043f940	FUN_0043f940
0043fa40	FUN_0043fa40
0043fce0	FUN_0043fce0
0043fd80	FUN_0043fd80
004400a0	FUN_004400a0
004402a0	FUN_004402a0
00440340	FUN_00440340
004406a0	FUN_004406a0
004407e0	FUN_004407e0
00440940	FUN_00440940
00440ae0	FUN_00440ae0
00440f80	FUN_00440f80
00441120	FUN_00441120
00441440	FUN_00441440
004415e0	FUN_004415e0
00441640	FUN_00441640
004416a0	FUN_004416a0
004417e0	FUN_004417e0
00441820	FUN_00441820
00441880	FUN_00441880
00441960	FUN_00441960
004419c0	FUN_004419c0
00441e40	FUN_00441e40
00442040	FUN_00442040
00442080	FUN_00442080
00442360	FUN_00442360
00442660	FUN_00442660
004426a0	FUN_004426a0
004427e0	FUN_004427e0
004428a0	FUN_004428a0
00442a00	FUN_00442a00
00442aa0	FUN_00442aa0
00442b20	FUN_00442b20
00443240	FUN_00443240
004432a0	FUN_004432a0
00443300	FUN_00443300
004435a0	FUN_004435a0
00443620	FUN_00443620
00443680	FUN_00443680
00443820	FUN_00443820
00443920	FUN_00443920
00443a20	FUN_00443a20
00443ac0	FUN_00443ac0
00443f00	FUN_00443f00
00443f80	FUN_00443f80
00444020	FUN_00444020
004440c0	FUN_004440c0
00444200	FUN_00444200
00444360	FUN_00444360
004443c0	FUN_004443c0
00444420	FUN_00444420
00444960	FUN_00444960
00444cc0	FUN_00444cc0
00444dc0	FUN_00444dc0
00444e20	FUN_00444e20
004450c0	FUN_004450c0
00445520	FUN_00445520
004455c0	FUN_004455c0
00445920	FUN_00445920
00445b20	FUN_00445b20
00445b60	FUN_00445b60
00445bc0	FUN_00445bc0
00445d20	FUN_00445d20
00445f40	FUN_00445f40
00445fa0	FUN_00445fa0
00446080	FUN_00446080
004460e0	FUN_004460e0
00446140	FUN_00446140
004462e0	FUN_004462e0
004463e0	FUN_004463e0
004465c0	FUN_004465c0
00446700	FUN_00446700
004469e0	FUN_004469e0
00446d40	FUN_00446d40
00446e80	FUN_00446e80
00446f20	FUN_00446f20
00447040	FUN_00447040
00447220	FUN_00447220
00448540	FUN_00448540
00448640	FUN_00448640
00448a40	FUN_00448a40
00448b80	FUN_00448b80
00448c20	FUN_00448c20
00448de0	FUN_00448de0
00448e40	FUN_00448e40
00448ec0	FUN_00448ec0
00449280	FUN_00449280
004497c0	FUN_004497c0
00449ac0	FUN_00449ac0
00449ec0	FUN_00449ec0
0044a180	FUN_0044a180
0044a1e0	FUN_0044a1e0
0044aa00	FUN_0044aa00
0044ac00	FUN_0044ac00
0044ad00	FUN_0044ad00
0044afe0	FUN_0044afe0
0044b100	FUN_0044b100
0044b200	FUN_0044b200
0044b6c0	FUN_0044b6c0
0044b980	FUN_0044b980
0044bbc0	FUN_0044bbc0
0044be40	FUN_0044be40
0044bfc0	FUN_0044bfc0
0044c0a0	FUN_0044c0a0
0044c240	FUN_0044c240
0044c6a0	FUN_0044c6a0
0044c7a0	FUN_0044c7a0
0044c920	FUN_0044c920
0044cd00	FUN_0044cd00
0044d6e0	FUN_0044d6e0
0044d7a0	FUN_0044d7a0
0044d8a0	FUN_0044d8a0
0044d960	FUN_0044d960
0044da00	FUN_0044da00
0044da60	FUN_0044da60
0044e1e0	FUN_0044e1e0
0044e4e0	FUN_0044e4e0
0044e560	FUN_0044e560
0044e620	FUN_0044e620
0044e800	FUN_0044e800
0044e940	FUN_0044e940
0044ea80	FUN_0044ea80
0044eac0	FUN_0044eac0
0044ebe0	FUN_0044ebe0
0044edc0	FUN_0044edc0
0044ef40	FUN_0044ef40
0044efa0	FUN_0044efa0
0044f080	FUN_0044f080
0044f240	FUN_0044f240
0044f2c0	FUN_0044f2c0
0044f400	FUN_0044f400
0044f580	FUN_0044f580
0044f660	FUN_0044f660
0044fa00	FUN_0044fa00
0044fba0	FUN_0044fba0
0044fc40	FUN_0044fc40
0044fd20	FUN_0044fd20
00450300	FUN_00450300
00450360	FUN_00450360
004503c0	FUN_004503c0
004509a0	FUN_004509a0
00450cc0	FUN_00450cc0
00450dc0	FUN_00450dc0
00450e60	FUN_00450e60
00450ee0	FUN_00450ee0
00450fc0	FUN_00450fc0
00451060	FUN_00451060
00451100	FUN_00451100
00451260	FUN_00451260
00451400	FUN_00451400
00451480	FUN_00451480
004514e0	FUN_004514e0
004515e0	FUN_004515e0
00451700	FUN_00451700
00451ce0	FUN_00451ce0
00451e20	FUN_00451e20
00452060	FUN_00452060
004524c0	FUN_004524c0
004524e0	FUN_004524e0
00452600	FUN_00452600
004526e0	FUN_004526e0
004527c0	FUN_004527c0
00452960	FUN_00452960
00454040	FUN_00454040
00454120	FUN_00454120
00454480	FUN_00454480
004546c0	FUN_004546c0
00454aa0	FUN_00454aa0
00454e00	FUN_00454e00
00454f60	FUN_00454f60
004550c0	FUN_004550c0
00455220	FUN_00455220
004552e0	FUN_004552e0
004553c0	FUN_004553c0
004555a0	FUN_004555a0
004556c0	FUN_004556c0
00455720	FUN_00455720
00455920	FUN_00455920
00455a20	FUN_00455a20
00455d20	FUN_00455d20
00455d80	FUN_00455d80
00456000	FUN_00456000
00456080	FUN_00456080
00456680	FUN_00456680
004567e0	FUN_004567e0
00456900	FUN_00456900
00456a40	FUN_00456a40
00456b20	FUN_00456b20
00456b80	FUN_00456b80
00456c20	FUN_00456c20
00456da0	FUN_00456da0
00456e40	FUN_00456e40
00456ee0	FUN_00456ee0
00456f00	FUN_00456f00
00457040	FUN_00457040
00457140	FUN_00457140
004571e0	FUN_004571e0
00457240	FUN_00457240
004573a0	FUN_004573a0
004573e0	FUN_004573e0
00457420	FUN_00457420
004575a0	FUN_004575a0
00457660	FUN_00457660
00457800	FUN_00457800
004579a0	FUN_004579a0
00457aa0	FUN_00457aa0
00457be0	FUN_00457be0
00457cc0	FUN_00457cc0
00458040	FUN_00458040
004583a0	FUN_004583a0
00458520	FUN_00458520
00458740	FUN_00458740
00458780	FUN_00458780
00458800	FUN_00458800
00458960	FUN_00458960
004591c0	FUN_004591c0
00459240	FUN_00459240
004595c0	FUN_004595c0
00459680	FUN_00459680
004596e0	FUN_004596e0
004598e0	FUN_004598e0
00459c40	FUN_00459c40
00459d40	FUN_00459d40
00459f40	FUN_00459f40
00459fe0	FUN_00459fe0
0045a0a0	FUN_0045a0a0
0045a1a0	FUN_0045a1a0
0045a2c0	FUN_0045a2c0
0045a480	FUN_0045a480
0045a540	FUN_0045a540
0045a640	FUN_0045a640
0045a700	FUN_0045a700
0045a7c0	FUN_0045a7c0
0045a940	FUN_0045a940
0045ab00	FUN_0045ab00
0045abc0	FUN_0045abc0
0045ad40	FUN_0045ad40
0045af00	FUN_0045af00
0045b0e0	FUN_0045b0e0
0045b1c0	FUN_0045b1c0
0045ba20	FUN_0045ba20
0045bca0	FUN_0045bca0
0045bec0	FUN_0045bec0
0045bf60	FUN_0045bf60
0045bfe0	FUN_0045bfe0
0045c0c0	FUN_0045c0c0
0045c160	FUN_0045c160
0045c6c0	FUN_0045c6c0
0045c7a0	FUN_0045c7a0
0045c860	FUN_0045c860
0045c9a0	FUN_0045c9a0
0045ca20	FUN_0045ca20
0045caa0	FUN_0045caa0
0045cb20	FUN_0045cb20
0045ccc0	FUN_0045ccc0
0045cda0	FUN_0045cda0
0045cfc0	FUN_0045cfc0
0045d020	FUN_0045d020
0045d120	FUN_0045d120
0045d1a0	FUN_0045d1a0
0045d400	FUN_0045d400
0045d480	FUN_0045d480
0045d700	FUN_0045d700
0045d880	FUN_0045d880
0045d980	FUN_0045d980
0045dae0	FUN_0045dae0
0045dc80	FUN_0045dc80
0045e0a0	FUN_0045e0a0
0045e2c0	FUN_0045e2c0
0045e4e0	FUN_0045e4e0
0045e600	FUN_0045e600
0045e900	FUN_0045e900
0045eb40	FUN_0045eb40
0045eca0	FUN_0045eca0
0045f060	FUN_0045f060
0045f120	FUN_0045f120
0045f280	FUN_0045f280
0045f4e0	FUN_0045f4e0
0045f560	FUN_0045f560
0045f6e0	FUN_0045f6e0
0045f800	FUN_0045f800
0045f8c0	FUN_0045f8c0
00460360	FUN_00460360
00460580	FUN_00460580
00460840	FUN_00460840
004608a0	FUN_004608a0
00460a80	FUN_00460a80
00460ae0	FUN_00460ae0
00460bc0	FUN_00460bc0
00460c40	FUN_00460c40
00460cc0	FUN_00460cc0
004611c0	FUN_004611c0
00461280	FUN_00461280
00461340	FUN_00461340
004613e0	FUN_004613e0
004614e0	FUN_004614e0
004615e0	FUN_004615e0
00461660	FUN_00461660
00461740	FUN_00461740
00461820	FUN_00461820
004618a0	FUN_004618a0
00461b40	FUN_00461b40
00461e00	FUN_00461e00
00461fe0	FUN_00461fe0
00462040	FUN_00462040
004620c0	FUN_004620c0
004621a0	FUN_004621a0
00462580	FUN_00462580
00462760	FUN_00462760
00462860	FUN_00462860
00462a00	FUN_00462a00
00462b00	FUN_00462b00
00462b80	FUN_00462b80
00462c60	FUN_00462c60
00462e80	FUN_00462e80
00462ee0	FUN_00462ee0
00462fc0	FUN_00462fc0
00463420	FUN_00463420
004634c0	FUN_004634c0
00463580	FUN_00463580
00463660	FUN_00463660
00463900	FUN_00463900
00463a00	FUN_00463a00
00464060	FUN_00464060
00464160	FUN_00464160
004643e0	FUN_004643e0
00464720	FUN_00464720
00464800	FUN_00464800
004648a0	FUN_004648a0
00464a20	FUN_00464a20
00464b00	FUN_00464b00
00464b60	FUN_00464b60
00464e00	FUN_00464e00
00464ec0	FUN_00464ec0
00464ee0	FUN_00464ee0
00464f00	FUN_00464f00
00464f20	FUN_00464f20
00464fc0	FUN_00464fc0
00464fe0	FUN_00464fe0
00465040	FUN_00465040
00465120	FUN_00465120
004651e0	FUN_004651e0
00465260	FUN_00465260
004652e0	FUN_004652e0
004653a0	FUN_004653a0
00465420	FUN_00465420
00465560	FUN_00465560
004655c0	FUN_004655c0
00465640	FUN_00465640
00465740	FUN_00465740
00465820	FUN_00465820
004658e0	FUN_004658e0
00465940	FUN_00465940
00465ac0	FUN_00465ac0
00465c20	FUN_00465c20
00465c80	FUN_00465c80
00465da0	FUN_00465da0
00465ee0	FUN_00465ee0
00466020	FUN_00466020
004661a0	FUN_004661a0
004662a0	FUN_004662a0
00466340	FUN_00466340
00466580	FUN_00466580
00466600	FUN_00466600
004666a0	FUN_004666a0
00466760	FUN_00466760
004667c0	FUN_004667c0
00466960	FUN_00466960
00466d00	FUN_00466d00
00466d80	FUN_00466d80
00466e60	FUN_00466e60
004674c0	FUN_004674c0
00467760	FUN_00467760
00467860	FUN_00467860
00467b80	FUN_00467b80
00467c20	FUN_00467c20
00467d00	FUN_00467d00
00467e60	FUN_00467e60
00467f00	FUN_00467f00
00467fc0	FUN_00467fc0
004680e0	FUN_004680e0
00468380	FUN_00468380
004684a0	FUN_004684a0
00468960	FUN_00468960
004689c0	FUN_004689c0
00468a80	FUN_00468a80
00468f40	FUN_00468f40
004690a0	FUN_004690a0
004691e0	FUN_004691e0
004692a0	FUN_004692a0
00469480	FUN_00469480
004695a0	FUN_004695a0
00469720	FUN_00469720
00469840	FUN_00469840
00469980	FUN_00469980
00469f60	FUN_00469f60
0046ab00	FUN_0046ab00
0046ab40	FUN_0046ab40
0046ab80	FUN_0046ab80
0046abc0	FUN_0046abc0
0046ac20	FUN_0046ac20
0046ac60	FUN_0046ac60
0046acc0	FUN_0046acc0
0046aea0	FUN_0046aea0
0046afe0	FUN_0046afe0
0046b3c0	FUN_0046b3c0
0046b4c0	FUN_0046b4c0
0046b7a0	FUN_0046b7a0
0046b920	FUN_0046b920
0046b9c0	FUN_0046b9c0
0046ba60	FUN_0046ba60
0046bd20	FUN_0046bd20
0046c340	FUN_0046c340
0046d800	FUN_0046d800
0046dce0	FUN_0046dce0
0046de00	FUN_0046de00
0046df00	FUN_0046df00
0046e140	FUN_0046e140
0046e1c0	FUN_0046e1c0
0046e200	FUN_0046e200
0046e260	FUN_0046e260
0046e2a0	FUN_0046e2a0
0046e2e0	FUN_0046e2e0
0046e340	FUN_0046e340
0046e380	FUN_0046e380
0046e460	FUN_0046e460
0046e660	FUN_0046e660
0046e6c0	FUN_0046e6c0
0046e700	FUN_0046e700
0046e740	FUN_0046e740
0046e780	FUN_0046e780
0046e7a0	FUN_0046e7a0
0046e8a0	FUN_0046e8a0
0046eb60	FUN_0046eb60
0046ebe0	FUN_0046ebe0
0046ec80	FUN_0046ec80
0046ed40	FUN_0046ed40
0046ee40	FUN_0046ee40
0046ef40	FUN_0046ef40
0046ef60	FUN_0046ef60
0046f0e0	FUN_0046f0e0
0046f120	FUN_0046f120
0046f160	FUN_0046f160
0046f1a0	FUN_0046f1a0
0046f240	FUN_0046f240
0046f280	FUN_0046f280
0046f2c0	FUN_0046f2c0
0046f300	FUN_0046f300
0046f360	FUN_0046f360
0046f3c0	FUN_0046f3c0
0046f440	FUN_0046f440
0046f4a0	FUN_0046f4a0
0046f500	FUN_0046f500
0046f580	FUN_0046f580
0046f620	FUN_0046f620
0046f680	FUN_0046f680
0046f6e0	FUN_0046f6e0
0046f700	FUN_0046f700
0046f720	FUN_0046f720
0046f780	FUN_0046f780
0046f800	FUN_0046f800
0046f840	FUN_0046f840
0046f880	FUN_0046f880
0046f8c0	FUN_0046f8c0
0046f960	FUN_0046f960
0046fa00	FUN_0046fa00
0046fa40	FUN_0046fa40
0046fa80	FUN_0046fa80
0046fac0	FUN_0046fac0
0046fbe0	FUN_0046fbe0
0046fc60	FUN_0046fc60
0046fde0	FUN_0046fde0
0046fe40	FUN_0046fe40
0046fe80	FUN_0046fe80
004700a0	FUN_004700a0
00470120	FUN_00470120
00470220	FUN_00470220
004703a0	FUN_004703a0
00470540	FUN_00470540
004706a0	FUN_004706a0
00470760	FUN_00470760
004707e0	FUN_004707e0
00470900	FUN_00470900
00470e00	FUN_00470e00
00470fc0	FUN_00470fc0
00471000	FUN_00471000
00471200	FUN_00471200
00471240	FUN_00471240
00471280	FUN_00471280
004712c0	FUN_004712c0
00471300	FUN_00471300
00471340	FUN_00471340
00471380	FUN_00471380
004713c0	FUN_004713c0
00471400	FUN_00471400
00471460	FUN_00471460
004714a0	FUN_004714a0
004715e0	FUN_004715e0
00471620	FUN_00471620
00471760	FUN_00471760
004717a0	FUN_004717a0
004719a0	FUN_004719a0
00471c20	FUN_00471c20
00471ca0	FUN_00471ca0
00471d20	FUN_00471d20
00471da0	FUN_00471da0
00471dc0	FUN_00471dc0
00471de0	FUN_00471de0
00471e00	FUN_00471e00
00471e20	FUN_00471e20
00471ea0	FUN_00471ea0
00471ee0	FUN_00471ee0
00471f60	FUN_00471f60
00471f80	FUN_00471f80
00472040	FUN_00472040
00472060	FUN_00472060
00472120	FUN_00472120
00472280	FUN_00472280
004725a0	FUN_004725a0
004725e0	FUN_004725e0
00472620	FUN_00472620
00472660	FUN_00472660
004726a0	FUN_004726a0
004726e0	FUN_004726e0
00472840	FUN_00472840
00472860	FUN_00472860
00472880	FUN_00472880
004728c0	FUN_004728c0
00472900	FUN_00472900
00472960	FUN_00472960
004729c0	FUN_004729c0
00472a20	FUN_00472a20
00472a80	FUN_00472a80
00472ac0	FUN_00472ac0
00472b00	FUN_00472b00
00472b20	FUN_00472b20
00472ce0	FUN_00472ce0
00472e00	FUN_00472e00
00472fa0	FUN_00472fa0
00472fe0	FUN_00472fe0
00473020	FUN_00473020
004733a0	FUN_004733a0
004734c0	FUN_004734c0
00473560	FUN_00473560
00473640	FUN_00473640
00473de0	FUN_00473de0
00473ec0	FUN_00473ec0
00474080	FUN_00474080
00474120	FUN_00474120
00474160	FUN_00474160
00474180	FUN_00474180
00474240	FUN_00474240
00474460	FUN_00474460
004747e0	FUN_004747e0
00474980	FUN_00474980
00474b20	FUN_00474b20
00474c20	FUN_00474c20
00474ce0	FUN_00474ce0
00474d00	FUN_00474d00
00474d40	FUN_00474d40
00474d80	FUN_00474d80
00474de0	FUN_00474de0
00474e40	FUN_00474e40
00474ea0	FUN_00474ea0
00474ec0	FUN_00474ec0
00475060	FUN_00475060
00475180	FUN_00475180
004751e0	FUN_004751e0
00475280	FUN_00475280
004752e0	FUN_004752e0
00475ca0	FUN_00475ca0
00475d60	FUN_00475d60
00475e40	FUN_00475e40
00475e80	FUN_00475e80
00475ec0	FUN_00475ec0
00475fc0	FUN_00475fc0
00476020	FUN_00476020
00476060	FUN_00476060
00476de0	FUN_00476de0
00476e00	FUN_00476e00
00476e20	FUN_00476e20
00476e40	FUN_00476e40
00476ec0	FUN_00476ec0
00476f60	FUN_00476f60
00476fa0	FUN_00476fa0
00477040	FUN_00477040
00477060	FUN_00477060
00477120	FUN_00477120
004771e0	FUN_004771e0
00478aa0	FUN_00478aa0
00478ac0	FUN_00478ac0
00478ae0	FUN_00478ae0
00478b00	FUN_00478b00
00478bc0	FUN_00478bc0
00478d20	FUN_00478d20
00478d40	FUN_00478d40
00478d60	FUN_00478d60
00478d80	FUN_00478d80
00478dc0	FUN_00478dc0
00478de0	FUN_00478de0
00478e00	FUN_00478e00
00478e40	FUN_00478e40
00478e80	FUN_00478e80
00478ea0	_cgo_topofstack
00478f00	FUN_00478f00
00478f20	FUN_00478f20
00478f40	FUN_00478f40
00478f60	FUN_00478f60
00478f80	FUN_00478f80
00478fa0	FUN_00478fa0
00478fc0	FUN_00478fc0
00478fe0	FUN_00478fe0
00479280	FUN_00479280
004792c0	FUN_004792c0
004792e0	FUN_004792e0
00479300	FUN_00479300
00479320	FUN_00479320
00479340	FUN_00479340
00479360	FUN_00479360
00479380	FUN_00479380
004793a0	FUN_004793a0
004793c0	FUN_004793c0
004793e0	FUN_004793e0
00479400	FUN_00479400
00479420	FUN_00479420
00479440	FUN_00479440
00479460	FUN_00479460
00479480	FUN_00479480
0047949b	FUN_0047949b
004794c9	FUN_004794c9
004794e0	FUN_004794e0
00479501	FUN_00479501
0047950a	FUN_0047950a
00479521	FUN_00479521
00479525	FUN_00479525
0047952a	FUN_0047952a
0047952f	FUN_0047952f
00479538	FUN_00479538
0047953c	FUN_0047953c
00479541	FUN_00479541
00479546	FUN_00479546
0047954f	FUN_0047954f
00479558	FUN_00479558
0047955d	FUN_0047955d
00479566	FUN_00479566
0047957d	FUN_0047957d
00479581	FUN_00479581
00479586	FUN_00479586
0047958b	FUN_0047958b
00479594	FUN_00479594
00479598	FUN_00479598
0047959d	FUN_0047959d
004795a2	FUN_004795a2
004795ab	FUN_004795ab
004795af	FUN_004795af
004795b4	FUN_004795b4
004795b9	FUN_004795b9
004795c2	FUN_004795c2
004795c6	FUN_004795c6
004795cb	FUN_004795cb
004795d0	FUN_004795d0
00479600	FUN_00479600
00479662	FUN_00479662
004796ee	FUN_004796ee
00479796	FUN_00479796
004797a4	FUN_004797a4
004797b2	FUN_004797b2
004797c0	FUN_004797c0
004797dc	FUN_004797dc
004797ea	FUN_004797ea
004797f8	FUN_004797f8
00479814	FUN_00479814
00479830	FUN_00479830
00479876	FUN_00479876
00479884	FUN_00479884
00479892	FUN_00479892
004798a0	FUN_004798a0
004798ae	FUN_004798ae
004798bc	FUN_004798bc
004798ca	FUN_004798ca
004798d8	FUN_004798d8
004798e6	FUN_004798e6
004798f4	FUN_004798f4
00479902	FUN_00479902
00479910	FUN_00479910
0047991e	FUN_0047991e
0047992c	FUN_0047992c
0047993a	FUN_0047993a
004799a0	FUN_004799a0
00479ca0	FUN_00479ca0
0047a5e0	FUN_0047a5e0
0047a600	FUN_0047a600
0047a620	FUN_0047a620
0047a660	FUN_0047a660
0047a680	FUN_0047a680
0047a6a0	FUN_0047a6a0
0047a6c0	FUN_0047a6c0
0047a700	FUN_0047a700
0047a720	FUN_0047a720
0047a760	FUN_0047a760
0047a780	FUN_0047a780
0047a7a0	FUN_0047a7a0
0047a7c0	FUN_0047a7c0
0047a7e0	FUN_0047a7e0
0047a800	FUN_0047a800
0047a820	FUN_0047a820
0047a840	FUN_0047a840
0047a860	FUN_0047a860
0047a920	FUN_0047a920
0047a960	FUN_0047a960
0047a980	FUN_0047a980
0047a9c0	FUN_0047a9c0
0047ab60	FUN_0047ab60
0047abc0	FUN_0047abc0
0047ac20	FUN_0047ac20
0047ac60	FUN_0047ac60
0047aca0	FUN_0047aca0
0047acc0	FUN_0047acc0
0047ad00	FUN_0047ad00
0047ada0	FUN_0047ada0
0047ade0	FUN_0047ade0
0047ae20	FUN_0047ae20
0047ae40	FUN_0047ae40
0047ae60	FUN_0047ae60
0047aee0	FUN_0047aee0
0047b300	FUN_0047b300
0047b360	FUN_0047b360
0047b420	FUN_0047b420
0047b460	FUN_0047b460
0047b480	FUN_0047b480
0047b4c0	FUN_0047b4c0
0047b580	FUN_0047b580
0047b5a0	FUN_0047b5a0
0047b5c0	FUN_0047b5c0
0047b5e0	FUN_0047b5e0
0047b600	FUN_0047b600
0047b620	FUN_0047b620
0047b640	FUN_0047b640
0047b680	FUN_0047b680
0047b6c0	FUN_0047b6c0
0047b6e0	FUN_0047b6e0
0047b700	FUN_0047b700
0047b720	FUN_0047b720
0047b740	FUN_0047b740
0047b7a0	FUN_0047b7a0
0047c6c0	FUN_0047c6c0
0047cfa0	FUN_0047cfa0
0047d040	FUN_0047d040
0047d180	FUN_0047d180
0047d320	FUN_0047d320
0047d3e0	FUN_0047d3e0
0047d4a0	FUN_0047d4a0
0047d680	FUN_0047d680
0047d720	FUN_0047d720
0047d740	FUN_0047d740
0047dd00	FUN_0047dd00
0047dd80	FUN_0047dd80
0047de40	FUN_0047de40
0047e620	FUN_0047e620
0047e800	FUN_0047e800
0047e860	FUN_0047e860
0047e940	FUN_0047e940
0047ea80	FUN_0047ea80
0047ec00	FUN_0047ec00
0047ece0	FUN_0047ece0
0047ee40	FUN_0047ee40
0047eee0	FUN_0047eee0
0047f020	FUN_0047f020
0047f940	FUN_0047f940
0047f9c0	FUN_0047f9c0
0047fc00	FUN_0047fc00
0047fce0	FUN_0047fce0
0047ff80	FUN_0047ff80
00480260	FUN_00480260
00480660	FUN_00480660
00480680	FUN_00480680
004806e0	FUN_004806e0
00480800	FUN_00480800
00480820	FUN_00480820
00480860	FUN_00480860
004809a0	FUN_004809a0
00480c80	FUN_00480c80
00480d60	FUN_00480d60
00480e20	FUN_00480e20
00480ea0	FUN_00480ea0
004810c0	FUN_004810c0
00481120	FUN_00481120
00481160	FUN_00481160
004811a0	FUN_004811a0
004812c0	FUN_004812c0
00481300	FUN_00481300
00481360	FUN_00481360
00481420	FUN_00481420
00481500	FUN_00481500
00481680	FUN_00481680
00481700	FUN_00481700
00481980	FUN_00481980
00481a20	FUN_00481a20
00481b20	FUN_00481b20
00481c20	FUN_00481c20
00481d20	FUN_00481d20
00481f00	FUN_00481f00
00481f60	FUN_00481f60
00482100	FUN_00482100
00482180	FUN_00482180
00482220	FUN_00482220
004822e0	FUN_004822e0
00482580	FUN_00482580
004827e0	FUN_004827e0
00482800	FUN_00482800
00482940	FUN_00482940
004829e0	FUN_004829e0
00482da0	FUN_00482da0
00483160	FUN_00483160
004834c0	FUN_004834c0
004837c0	FUN_004837c0
00483820	FUN_00483820
00483ca0	FUN_00483ca0
00483d00	FUN_00483d00
00483f40	FUN_00483f40
004845c0	FUN_004845c0
00484620	FUN_00484620
004847c0	FUN_004847c0
00484960	FUN_00484960
004849c0	FUN_004849c0
00484bc0	FUN_00484bc0
00484d20	FUN_00484d20
00485080	FUN_00485080
004855e0	FUN_004855e0
004857e0	FUN_004857e0
00485900	FUN_00485900
004862c0	FUN_004862c0
004865c0	FUN_004865c0
004866c0	FUN_004866c0
00486f00	FUN_00486f00
00487660	FUN_00487660
004877a0	FUN_004877a0
00487880	FUN_00487880
00487900	FUN_00487900
00487a40	FUN_00487a40
00487be0	FUN_00487be0
00488360	FUN_00488360
004883c0	FUN_004883c0
00488960	FUN_00488960
00489000	FUN_00489000
00489220	FUN_00489220
00489280	FUN_00489280
00489480	FUN_00489480
004894e0	FUN_004894e0
004896e0	FUN_004896e0
0048ac80	FUN_0048ac80
0048aee0	FUN_0048aee0
0048b000	FUN_0048b000
0048b120	FUN_0048b120
0048b2e0	FUN_0048b2e0
0048b340	FUN_0048b340
0048b3e0	FUN_0048b3e0
0048b640	FUN_0048b640
0048b700	FUN_0048b700
0048bd80	FUN_0048bd80
0048bf40	FUN_0048bf40
0048bfa0	FUN_0048bfa0
0048c080	FUN_0048c080
0048c0e0	FUN_0048c0e0
0048c200	FUN_0048c200
0048cac0	FUN_0048cac0
0048cd40	FUN_0048cd40
0048d0e0	FUN_0048d0e0
0048d160	FUN_0048d160
0048d220	FUN_0048d220
0048d280	FUN_0048d280
0048d300	FUN_0048d300
0048d6e0	FUN_0048d6e0
0048d780	FUN_0048d780
0048d860	FUN_0048d860
0048d9e0	FUN_0048d9e0
0048dca0	FUN_0048dca0
0048dee0	FUN_0048dee0
0048e020	FUN_0048e020
0048e340	FUN_0048e340
0048e3c0	FUN_0048e3c0
0048e440	FUN_0048e440
0048e4c0	FUN_0048e4c0
0048e560	FUN_0048e560
0048e5e0	FUN_0048e5e0
0048e700	FUN_0048e700
0048e800	FUN_0048e800
0048e900	FUN_0048e900
0048e9e0	FUN_0048e9e0
0048eac0	FUN_0048eac0
0048eba0	FUN_0048eba0
0048ec20	FUN_0048ec20
0048ed60	FUN_0048ed60
0048eec0	FUN_0048eec0
0048f040	FUN_0048f040
0048f2a0	FUN_0048f2a0
0048f3e0	FUN_0048f3e0
0048f4c0	FUN_0048f4c0
0048f5c0	FUN_0048f5c0
0048f680	FUN_0048f680
0048f760	FUN_0048f760
0048f860	FUN_0048f860
0048f920	FUN_0048f920
0048f9e0	FUN_0048f9e0
0048fae0	FUN_0048fae0
0048fbe0	FUN_0048fbe0
0048fca0	FUN_0048fca0
0048fda0	FUN_0048fda0
0048ff40	FUN_0048ff40
00490000	FUN_00490000
004900c0	FUN_004900c0
004901c0	FUN_004901c0
00490380	FUN_00490380
00490440	FUN_00490440
00490540	FUN_00490540
00490640	FUN_00490640
00490720	FUN_00490720
00490800	FUN_00490800
00490980	FUN_00490980
00490a60	FUN_00490a60
00490b40	FUN_00490b40
00490c20	FUN_00490c20
00490d00	FUN_00490d00
00490e20	FUN_00490e20
00490f40	FUN_00490f40
004911e0	FUN_004911e0
00491200	FUN_00491200
00491220	FUN_00491220
004912a0	FUN_004912a0
00491340	FUN_00491340
00491440	FUN_00491440
00491640	FUN_00491640
004916a0	FUN_004916a0
00491ba0	FUN_00491ba0
00491c00	FUN_00491c00
00491c60	FUN_00491c60
00491ea0	FUN_00491ea0
00491f60	FUN_00491f60
00492360	FUN_00492360
004924c0	FUN_004924c0
00492680	FUN_00492680
00492d60	FUN_00492d60
00492ea0	FUN_00492ea0
004930a0	FUN_004930a0
00495560	FUN_00495560
00495c40	FUN_00495c40
00495d00	FUN_00495d00
00495de0	FUN_00495de0
00495f20	FUN_00495f20
00496060	FUN_00496060
00498e00	FUN_00498e00
00498fc0	FUN_00498fc0
00499140	FUN_00499140
00499c20	FUN_00499c20
0049a020	FUN_0049a020
0049a1e0	FUN_0049a1e0
0049a2a0	FUN_0049a2a0
0049a300	FUN_0049a300
0049a3c0	FUN_0049a3c0
0049a480	FUN_0049a480
0049a5c0	FUN_0049a5c0
0049a6a0	FUN_0049a6a0
0049a740	FUN_0049a740
0049a8a0	FUN_0049a8a0
0049a9c0	FUN_0049a9c0
0049aa60	FUN_0049aa60
0049ab60	FUN_0049ab60
0049ac20	FUN_0049ac20
0049ace0	FUN_0049ace0
0049ad80	FUN_0049ad80
0049ae00	FUN_0049ae00
0049aec0	FUN_0049aec0
0049afa0	FUN_0049afa0
0049b0c0	FUN_0049b0c0
0049b200	FUN_0049b200
0049b260	FUN_0049b260
0049b340	FUN_0049b340
0049b480	FUN_0049b480
0049b960	FUN_0049b960
0049bac0	FUN_0049bac0
0049bc80	FUN_0049bc80
0049bd60	FUN_0049bd60
0049be40	FUN_0049be40
0049c040	FUN_0049c040
0049c0c0	FUN_0049c0c0
0049c780	FUN_0049c780
0049c9e0	FUN_0049c9e0
0049ccc0	FUN_0049ccc0
0049d0a0	FUN_0049d0a0
0049d1c0	FUN_0049d1c0
0049d420	FUN_0049d420
0049d4e0	FUN_0049d4e0
0049d740	FUN_0049d740
0049d9c0	FUN_0049d9c0
0049daa0	FUN_0049daa0
0049e040	FUN_0049e040
0049e220	FUN_0049e220
0049e760	FUN_0049e760
0049f120	FUN_0049f120
0049f440	FUN_0049f440
0049f6c0	FUN_0049f6c0
0049f840	FUN_0049f840
004a0c60	FUN_004a0c60
004a0d20	FUN_004a0d20
004a18a0	FUN_004a18a0
004a1900	FUN_004a1900
004a19c0	FUN_004a19c0
004a1e40	FUN_004a1e40
004a2220	FUN_004a2220
004a27a0	FUN_004a27a0
004a36a0	FUN_004a36a0
004a3740	FUN_004a3740
004a3e80	FUN_004a3e80
004a4000	FUN_004a4000
004a4240	FUN_004a4240
004a43c0	FUN_004a43c0
004a44c0	FUN_004a44c0
004a52e0	FUN_004a52e0
004a5540	FUN_004a5540
004a5640	FUN_004a5640
004a5760	FUN_004a5760
004a5940	FUN_004a5940
004a5b20	FUN_004a5b20
004a5c80	FUN_004a5c80
004a64e0	FUN_004a64e0
004a69c0	FUN_004a69c0
004a6ea0	FUN_004a6ea0
004a7140	FUN_004a7140
004a72a0	FUN_004a72a0
004a7320	FUN_004a7320
004a7800	FUN_004a7800
004a7d60	FUN_004a7d60
004a7da0	FUN_004a7da0
004a7e40	FUN_004a7e40
004a89e0	FUN_004a89e0
004a8b00	FUN_004a8b00
004a8ca0	FUN_004a8ca0
004a8da0	FUN_004a8da0
004a8e60	FUN_004a8e60
004a9580	FUN_004a9580
004aa240	FUN_004aa240
004aa3e0	FUN_004aa3e0
004aa580	FUN_004aa580
004aa6a0	FUN_004aa6a0
004aa7c0	FUN_004aa7c0
004aa900	FUN_004aa900
004aaaa0	FUN_004aaaa0
004aac40	FUN_004aac40
004ae340	FUN_004ae340
004ae3c0	FUN_004ae3c0
004ae4e0	FUN_004ae4e0
004ae5e0	FUN_004ae5e0
004ae6e0	FUN_004ae6e0
004ae860	FUN_004ae860
004ae8c0	FUN_004ae8c0
004aee60	FUN_004aee60
004af0a0	FUN_004af0a0
004af1c0	FUN_004af1c0
004af2c0	FUN_004af2c0
004af460	FUN_004af460
004af740	FUN_004af740
004af9e0	FUN_004af9e0
004afba0	FUN_004afba0
004afdc0	FUN_004afdc0
004afee0	FUN_004afee0
004b0320	FUN_004b0320
004b07c0	FUN_004b07c0
004b08c0	FUN_004b08c0
004b0980	FUN_004b0980
004b0ac0	FUN_004b0ac0
004b0be0	FUN_004b0be0
004b0dc0	FUN_004b0dc0
004b0f40	FUN_004b0f40
004b10c0	FUN_004b10c0
004b1200	FUN_004b1200
004b1340	FUN_004b1340
004b14c0	FUN_004b14c0
004b1bc0	FUN_004b1bc0
004b1f00	FUN_004b1f00
004b2640	FUN_004b2640
004b2a60	FUN_004b2a60
004b2ac0	FUN_004b2ac0
004b2ce0	FUN_004b2ce0
004b2f80	FUN_004b2f80
004b3240	FUN_004b3240
004b3300	FUN_004b3300
004b33a0	FUN_004b33a0
004b3440	FUN_004b3440
004b36a0	FUN_004b36a0
004b3840	FUN_004b3840
004b39c0	FUN_004b39c0
004b3c00	FUN_004b3c00
004b40e0	FUN_004b40e0
004b4400	FUN_004b4400
004b4580	FUN_004b4580
004b4700	FUN_004b4700
004b4a60	FUN_004b4a60
004b4fe0	FUN_004b4fe0
004b5560	FUN_004b5560
004b5740	FUN_004b5740
004b59a0	FUN_004b59a0
004b5b60	FUN_004b5b60
004b5d20	FUN_004b5d20
004b6420	FUN_004b6420
004b68c0	FUN_004b68c0
004b6b80	FUN_004b6b80
004b6c80	FUN_004b6c80
004b6dc0	FUN_004b6dc0
004b6fc0	FUN_004b6fc0
004b71e0	FUN_004b71e0
004b72a0	FUN_004b72a0
004b73c0	FUN_004b73c0
004b7480	FUN_004b7480
004b7660	FUN_004b7660
004b7840	FUN_004b7840
004b7f20	FUN_004b7f20
004b8340	FUN_004b8340
004b8580	FUN_004b8580
004b8a40	FUN_004b8a40
004b8ec0	FUN_004b8ec0
004b9180	FUN_004b9180
004b92e0	FUN_004b92e0
004b9980	FUN_004b9980
004b9c20	FUN_004b9c20
004b9ea0	FUN_004b9ea0
004ba120	FUN_004ba120
004ba620	FUN_004ba620
004ba920	FUN_004ba920
004bab20	FUN_004bab20
004bac00	FUN_004bac00
004bad20	FUN_004bad20
004bae00	FUN_004bae00
004baee0	FUN_004baee0
004baf20	FUN_004baf20
004bb080	FUN_004bb080
004bb1e0	FUN_004bb1e0
004bb6a0	FUN_004bb6a0
004bbae0	FUN_004bbae0
004bbbe0	FUN_004bbbe0
004bc240	FUN_004bc240
004bc320	FUN_004bc320
004bc7a0	FUN_004bc7a0
004bc820	FUN_004bc820
004bd1a0	FUN_004bd1a0
004bd860	FUN_004bd860
004bdb00	FUN_004bdb00
004bdd80	FUN_004bdd80
004bdf60	FUN_004bdf60
004be380	FUN_004be380
004be480	FUN_004be480
004bebe0	FUN_004bebe0
004beec0	FUN_004beec0
004bf100	FUN_004bf100
004bf740	FUN_004bf740
004bf980	FUN_004bf980
004c0220	FUN_004c0220
004c02c0	FUN_004c02c0
004c0360	FUN_004c0360
004c1ae0	FUN_004c1ae0
004c1dc0	FUN_004c1dc0
004c20c0	FUN_004c20c0
004c2180	FUN_004c2180
004c2400	FUN_004c2400
004c2460	FUN_004c2460
004c24a0	FUN_004c24a0
004c2540	FUN_004c2540
004c25e0	FUN_004c25e0
004c26c0	FUN_004c26c0
004c2b80	FUN_004c2b80
004c2c40	FUN_004c2c40
004c2e00	FUN_004c2e00
004c2ea0	FUN_004c2ea0
004c30e0	FUN_004c30e0
004c3180	FUN_004c3180
004c3420	FUN_004c3420
004c3620	FUN_004c3620
004c3bc0	FUN_004c3bc0
004c3d00	FUN_004c3d00
004c3dc0	FUN_004c3dc0
004c3ee0	FUN_004c3ee0
004c45e0	FUN_004c45e0
004c4d20	FUN_004c4d20
004c5280	FUN_004c5280
004c5480	FUN_004c5480
004c56e0	FUN_004c56e0
004c57c0	FUN_004c57c0
004c5900	FUN_004c5900
004c5980	FUN_004c5980
004c5ac0	FUN_004c5ac0
004c5cc0	FUN_004c5cc0
004c5e00	FUN_004c5e00
004c6120	FUN_004c6120
004c7100	FUN_004c7100
004c72e0	FUN_004c72e0
004c74a0	FUN_004c74a0
004c75c0	FUN_004c75c0
004c7780	FUN_004c7780
004c7e20	FUN_004c7e20
004c8120	FUN_004c8120
004c83e0	FUN_004c83e0
004c8600	FUN_004c8600
004c86a0	FUN_004c86a0
004c8740	FUN_004c8740
004c89c0	FUN_004c89c0
004c8ba0	FUN_004c8ba0
004c8d40	FUN_004c8d40
004c8e40	FUN_004c8e40
004c9000	FUN_004c9000
004c91c0	FUN_004c91c0
004c92c0	FUN_004c92c0
004c93e0	FUN_004c93e0
004c9500	FUN_004c9500
004c9620	FUN_004c9620
004c97e0	FUN_004c97e0
004c98a0	FUN_004c98a0
004c9900	FUN_004c9900
004c9a20	FUN_004c9a20
004c9be0	FUN_004c9be0
004c9d20	FUN_004c9d20
004c9e40	FUN_004c9e40
004c9f80	FUN_004c9f80
004ca100	FUN_004ca100
004ca2c0	FUN_004ca2c0
004ca7a0	FUN_004ca7a0
004ca960	FUN_004ca960
004caa20	FUN_004caa20
004cab20	FUN_004cab20
004cac00	FUN_004cac00
004cb080	FUN_004cb080
004cb2e0	FUN_004cb2e0
004cbce0	FUN_004cbce0
004cc280	FUN_004cc280
004cc380	FUN_004cc380
004cc460	FUN_004cc460
004cc520	FUN_004cc520
004cc620	FUN_004cc620
004cc6e0	FUN_004cc6e0
004cc7c0	FUN_004cc7c0
004cdd20	FUN_004cdd20
004ce000	FUN_004ce000
004ce100	FUN_004ce100
004ce1a0	FUN_004ce1a0
004ce220	FUN_004ce220
004ce240	FUN_004ce240
004ce2e0	FUN_004ce2e0
004ce300	FUN_004ce300
004ce360	FUN_004ce360
004ce420	FUN_004ce420
004ce4e0	FUN_004ce4e0
004ce540	FUN_004ce540
004ce6c0	FUN_004ce6c0
004ce740	FUN_004ce740
004ce7c0	FUN_004ce7c0
004cea20	FUN_004cea20
004ceb80	FUN_004ceb80
004ceba0	FUN_004ceba0
004cef00	FUN_004cef00
004cf040	FUN_004cf040
004cfa00	FUN_004cfa00
004cfa40	FUN_004cfa40
004cfc60	FUN_004cfc60
004cffa0	FUN_004cffa0
004d0d60	FUN_004d0d60
004d10a0	FUN_004d10a0
004d18e0	FUN_004d18e0
004d22c0	FUN_004d22c0
004d2860	FUN_004d2860
004d30c0	FUN_004d30c0
004d3540	FUN_004d3540
004d5880	FUN_004d5880
004d6380	FUN_004d6380
004d6420	FUN_004d6420
004d64e0	FUN_004d64e0
004d6540	FUN_004d6540
004d65c0	FUN_004d65c0
004d6640	FUN_004d6640
004d66c0	FUN_004d66c0
004d6780	FUN_004d6780
004d6800	FUN_004d6800
004d6920	FUN_004d6920
004d6a80	FUN_004d6a80
004d6b00	FUN_004d6b00
004d7200	FUN_004d7200
004d74c0	FUN_004d74c0
004d7520	FUN_004d7520
004d7640	FUN_004d7640
004d7760	FUN_004d7760
004d78a0	FUN_004d78a0
004d79a0	FUN_004d79a0
004d7a40	FUN_004d7a40
004d7aa0	FUN_004d7aa0
004d7b00	FUN_004d7b00
004d7c00	FUN_004d7c00
004d7d20	FUN_004d7d20
004d7fa0	FUN_004d7fa0
004d81e0	FUN_004d81e0
004d8240	FUN_004d8240
004d83a0	FUN_004d83a0
004d8400	FUN_004d8400
004d8560	FUN_004d8560
004d85c0	FUN_004d85c0
004d8660	FUN_004d8660
004d8700	FUN_004d8700
004d87e0	FUN_004d87e0
004d8940	FUN_004d8940
004d89a0	FUN_004d89a0
004d8d60	FUN_004d8d60
004d8dc0	FUN_004d8dc0
004d8fa0	FUN_004d8fa0
004d9340	FUN_004d9340
004d93a0	FUN_004d93a0
004d96a0	FUN_004d96a0
004d9700	FUN_004d9700
004d9a00	FUN_004d9a00
004d9a60	FUN_004d9a60
004d9fe0	FUN_004d9fe0
004da040	FUN_004da040
004da340	FUN_004da340
004da3a0	FUN_004da3a0
004da6a0	FUN_004da6a0
004da700	FUN_004da700
004daa40	FUN_004daa40
004daaa0	FUN_004daaa0
004dae80	FUN_004dae80
004daee0	FUN_004daee0
004db080	FUN_004db080
004db0e0	FUN_004db0e0
004db2a0	FUN_004db2a0
004db300	FUN_004db300
004db5e0	FUN_004db5e0
004dbe80	FUN_004dbe80
004dbf00	FUN_004dbf00
004dc080	FUN_004dc080
004dc3a0	FUN_004dc3a0
004dc400	FUN_004dc400
004dc700	FUN_004dc700
004dc760	FUN_004dc760
004dcb00	FUN_004dcb00
004dcbe0	FUN_004dcbe0
004dcc60	FUN_004dcc60
004dcce0	FUN_004dcce0
004dd560	FUN_004dd560
004ddb20	FUN_004ddb20
004ddfc0	FUN_004ddfc0
004de0c0	FUN_004de0c0
004de440	FUN_004de440
004df160	FUN_004df160
004df1c0	FUN_004df1c0
004df200	FUN_004df200
004df260	FUN_004df260
004df400	FUN_004df400
004df680	FUN_004df680
004df700	FUN_004df700
004df7e0	FUN_004df7e0
004df920	FUN_004df920
004df9e0	FUN_004df9e0
004dfa60	FUN_004dfa60
004e0040	FUN_004e0040
004e0080	FUN_004e0080
004e0280	FUN_004e0280
004e0320	FUN_004e0320
004e05c0	FUN_004e05c0
004e0640	FUN_004e0640
004e0700	FUN_004e0700
004e0aa0	FUN_004e0aa0
004e0e60	FUN_004e0e60
004e0f60	FUN_004e0f60
004e1360	FUN_004e1360
004e13c0	FUN_004e13c0
004e1520	FUN_004e1520
004e1580	FUN_004e1580
004e15e0	FUN_004e15e0
004e1840	FUN_004e1840
004e1940	FUN_004e1940
004e1c00	FUN_004e1c00
004e1cc0	FUN_004e1cc0
004e1ec0	FUN_004e1ec0
004e20c0	FUN_004e20c0
004e2240	FUN_004e2240
004e23e0	FUN_004e23e0
004e2860	FUN_004e2860
004e29e0	FUN_004e29e0
004e33c0	FUN_004e33c0
004e3520	FUN_004e3520
004e35c0	FUN_004e35c0
004e39a0	FUN_004e39a0
004e3a00	FUN_004e3a00
004e3bc0	FUN_004e3bc0
004e4040	FUN_004e4040
004e40a0	FUN_004e40a0
004e4200	FUN_004e4200
004e4280	FUN_004e4280
004e4380	FUN_004e4380
004e43e0	FUN_004e43e0
004e4440	FUN_004e4440
004e4660	FUN_004e4660
004e4740	FUN_004e4740
004e48a0	FUN_004e48a0
004e4a00	FUN_004e4a00
004e4a20	FUN_004e4a20
004e4d40	FUN_004e4d40
004e4da0	FUN_004e4da0
004e4ea0	FUN_004e4ea0
004e5220	FUN_004e5220
004e53a0	FUN_004e53a0
004e62a0	FUN_004e62a0
004e7c80	FUN_004e7c80
004e8300	FUN_004e8300
004e8480	FUN_004e8480
004e8840	FUN_004e8840
004e8b40	FUN_004e8b40
004e8ba0	FUN_004e8ba0
004e8f00	FUN_004e8f00
004e9480	FUN_004e9480
004e95a0	FUN_004e95a0
004e9680	FUN_004e9680
004e9700	FUN_004e9700
004e9c20	FUN_004e9c20
004e9e20	FUN_004e9e20
004e9ec0	FUN_004e9ec0
004e9f80	FUN_004e9f80
004ea7c0	FUN_004ea7c0
004ea860	FUN_004ea860
004eac20	FUN_004eac20
004ead40	FUN_004ead40
004eae20	FUN_004eae20
004eafa0	FUN_004eafa0
004eb080	FUN_004eb080
004eb120	FUN_004eb120
004eb260	FUN_004eb260
004eb340	FUN_004eb340
004eb3c0	FUN_004eb3c0
004eb680	FUN_004eb680
004ebc20	FUN_004ebc20
004ebc80	FUN_004ebc80
004ebd00	FUN_004ebd00
004ebee0	FUN_004ebee0
004ebfe0	FUN_004ebfe0
004ec1c0	FUN_004ec1c0
004ec2c0	FUN_004ec2c0
004ec980	FUN_004ec980
004ece00	FUN_004ece00
004ed360	FUN_004ed360
004edae0	FUN_004edae0
004ee0c0	FUN_004ee0c0
004eff60	FUN_004eff60
004f00e0	FUN_004f00e0
004f01c0	FUN_004f01c0
004f02e0	FUN_004f02e0
004f0480	FUN_004f0480
004f0620	FUN_004f0620
004f1800	FUN_004f1800
004f1a00	FUN_004f1a00
004f1c20	FUN_004f1c20
004f2060	FUN_004f2060
004f2240	FUN_004f2240
004f2340	FUN_004f2340
004f24e0	FUN_004f24e0
004f2720	FUN_004f2720
004f2800	FUN_004f2800
004f28e0	FUN_004f28e0
004f2a60	FUN_004f2a60
004f2b40	FUN_004f2b40
004f2d60	FUN_004f2d60
004f2e40	FUN_004f2e40
004f3040	FUN_004f3040
004f3600	FUN_004f3600
004f3ac0	FUN_004f3ac0
004f3b60	FUN_004f3b60
004f4160	FUN_004f4160
004f43a0	FUN_004f43a0
004f4980	FUN_004f4980
004f5680	FUN_004f5680
004f5960	FUN_004f5960
004f5b20	FUN_004f5b20
004f5c80	FUN_004f5c80
004f5f80	FUN_004f5f80
004f6340	FUN_004f6340
004f6520	FUN_004f6520
004f67a0	FUN_004f67a0
004f69e0	FUN_004f69e0
004f6d40	FUN_004f6d40
004f71c0	FUN_004f71c0
004f76a0	FUN_004f76a0
004f7c60	FUN_004f7c60
004f80c0	FUN_004f80c0
004f8520	FUN_004f8520
004f8620	FUN_004f8620
004f8700	FUN_004f8700
004f87e0	FUN_004f87e0
004f88e0	FUN_004f88e0
004f89c0	FUN_004f89c0
004f8b60	FUN_004f8b60
004f8ca0	FUN_004f8ca0
004f8da0	FUN_004f8da0
004f8e80	FUN_004f8e80
004f8fc0	FUN_004f8fc0
004f9880	FUN_004f9880
004f9b60	FUN_004f9b60
004f9d20	FUN_004f9d20
004fa0e0	FUN_004fa0e0
004fa4c0	FUN_004fa4c0
004fa740	FUN_004fa740
004fa960	FUN_004fa960
004faa20	FUN_004faa20
004faac0	FUN_004faac0
004faba0	FUN_004faba0
004fad20	FUN_004fad20
004faec0	FUN_004faec0
004faf80	FUN_004faf80
004fb4e0	FUN_004fb4e0
004fbc00	FUN_004fbc00
004fd6a0	FUN_004fd6a0
004fd820	FUN_004fd820
004ffaa0	FUN_004ffaa0
004ffb60	FUN_004ffb60
004ffd00	FUN_004ffd00
004fff60	FUN_004fff60
00500180	FUN_00500180
00500200	FUN_00500200
00500460	FUN_00500460
00500700	FUN_00500700
005007e0	FUN_005007e0
00500920	FUN_00500920
005009a0	FUN_005009a0
00500a60	FUN_00500a60
00500b40	FUN_00500b40
00500bc0	FUN_00500bc0
00500f60	FUN_00500f60
005011e0	FUN_005011e0
005012a0	FUN_005012a0
00503720	FUN_00503720
00503be0	FUN_00503be0
00504520	FUN_00504520
00504840	FUN_00504840
00504de0	FUN_00504de0
00504f20	FUN_00504f20
005050a0	FUN_005050a0
00505140	FUN_00505140
00505600	FUN_00505600
005056a0	FUN_005056a0
00505780	FUN_00505780
005058c0	FUN_005058c0
00505a20	FUN_00505a20
00505c80	FUN_00505c80
00505f20	FUN_00505f20
00506120	FUN_00506120
00506520	FUN_00506520
00506ec0	FUN_00506ec0
00506f40	FUN_00506f40
00507a20	FUN_00507a20
00507aa0	FUN_00507aa0
00507be0	FUN_00507be0
00507d00	FUN_00507d00
00507de0	FUN_00507de0
00508040	FUN_00508040
005085a0	FUN_005085a0
00508b60	FUN_00508b60
00509780	FUN_00509780
00509a80	FUN_00509a80
0050aa20	FUN_0050aa20
0050aba0	FUN_0050aba0
0050ade0	FUN_0050ade0
0050b0e0	FUN_0050b0e0
0050b2c0	FUN_0050b2c0
0050b5c0	FUN_0050b5c0
0050b620	FUN_0050b620
0050b780	FUN_0050b780
0050b840	FUN_0050b840
0050b8a0	FUN_0050b8a0
0050c160	FUN_0050c160
0050ca20	FUN_0050ca20
0050cc00	FUN_0050cc00
0050e7c0	FUN_0050e7c0
0050e840	FUN_0050e840
0050f380	FUN_0050f380
00510160	FUN_00510160
00510840	FUN_00510840
005112c0	FUN_005112c0
00511540	FUN_00511540
00511a60	FUN_00511a60
00511d20	FUN_00511d20
00512020	FUN_00512020
00512600	FUN_00512600
00512ee0	FUN_00512ee0
005138c0	FUN_005138c0
005144a0	FUN_005144a0
00514a80	FUN_00514a80
00515340	FUN_00515340
005155c0	FUN_005155c0
00515a00	FUN_00515a00
00515c80	FUN_00515c80
00515f60	FUN_00515f60
00516400	FUN_00516400
00517bc0	FUN_00517bc0
00517da0	FUN_00517da0
00517f40	FUN_00517f40
00518060	FUN_00518060
005183c0	FUN_005183c0
00518540	FUN_00518540
005187a0	FUN_005187a0
00518c20	FUN_00518c20
00518d20	FUN_00518d20
00518ec0	FUN_00518ec0
005190c0	FUN_005190c0
00519180	FUN_00519180
00519440	FUN_00519440
005197e0	FUN_005197e0
0051a940	FUN_0051a940
0051aa40	FUN_0051aa40
0051aac0	FUN_0051aac0
0051ab40	FUN_0051ab40
0051bc80	FUN_0051bc80
0051bde0	FUN_0051bde0
0051c120	FUN_0051c120
0051c2e0	FUN_0051c2e0
0051c3e0	FUN_0051c3e0
0051c540	FUN_0051c540
0051c660	FUN_0051c660
0051c9c0	FUN_0051c9c0
0051cc00	FUN_0051cc00
0051cd40	FUN_0051cd40
0051cfa0	FUN_0051cfa0
0051d100	FUN_0051d100
0051d2e0	FUN_0051d2e0
0051d400	FUN_0051d400
0051d4a0	FUN_0051d4a0
0051d9a0	FUN_0051d9a0
0051dec0	FUN_0051dec0
0051e180	FUN_0051e180
0051e620	FUN_0051e620
0051e860	FUN_0051e860
0051eac0	FUN_0051eac0
0051ec60	FUN_0051ec60
0051ee40	FUN_0051ee40
0051f0c0	FUN_0051f0c0
0051f860	FUN_0051f860
0051faa0	FUN_0051faa0
0051fb00	FUN_0051fb00
00520180	FUN_00520180
00520480	FUN_00520480
00520be0	FUN_00520be0
00521380	FUN_00521380
00521bc0	FUN_00521bc0
00521e40	FUN_00521e40
00522180	FUN_00522180
00522340	FUN_00522340
00522560	FUN_00522560
00522900	FUN_00522900
00522d80	FUN_00522d80
00522e40	FUN_00522e40
00522f20	FUN_00522f20
005232a0	FUN_005232a0
005233a0	FUN_005233a0
005235a0	FUN_005235a0
005237c0	FUN_005237c0
00523a00	FUN_00523a00
00523b60	FUN_00523b60
00523c00	FUN_00523c00
00523d60	FUN_00523d60
00524480	FUN_00524480
005244e0	FUN_005244e0
00524680	FUN_00524680
00524820	FUN_00524820
00524ae0	FUN_00524ae0
00524bc0	FUN_00524bc0
00524c80	FUN_00524c80
00524d60	FUN_00524d60
00524f60	FUN_00524f60
00528620	FUN_00528620
0052a200	FUN_0052a200
0052a840	FUN_0052a840
0052ae40	FUN_0052ae40
0052afc0	FUN_0052afc0
0052b160	FUN_0052b160
0052b320	FUN_0052b320
0052b4c0	FUN_0052b4c0
0052b900	FUN_0052b900
0052bb60	FUN_0052bb60
0052cfc0	FUN_0052cfc0
0052d120	FUN_0052d120
0052d9a0	FUN_0052d9a0
0052df20	FUN_0052df20
0052e720	FUN_0052e720
0052eac0	FUN_0052eac0
0052ee80	FUN_0052ee80
0052fd80	FUN_0052fd80
00530520	FUN_00530520
00530ba0	FUN_00530ba0
00530f40	FUN_00530f40
00531000	FUN_00531000
005310e0	FUN_005310e0
005314e0	FUN_005314e0
005321a0	FUN_005321a0
005325a0	FUN_005325a0
005329a0	FUN_005329a0
00533d60	FUN_00533d60
00533f80	FUN_00533f80
005354a0	FUN_005354a0
005355a0	FUN_005355a0
005356c0	FUN_005356c0
00535720	FUN_00535720
00536d40	FUN_00536d40
00537260	FUN_00537260
005372c0	FUN_005372c0
00537b60	FUN_00537b60
00537ec0	FUN_00537ec0
00538b40	FUN_00538b40
00538ea0	FUN_00538ea0
005390a0	FUN_005390a0
00539b40	FUN_00539b40
0053a080	FUN_0053a080
0053a0e0	FUN_0053a0e0
0053a140	FUN_0053a140
0053a400	FUN_0053a400
0053a4a0	FUN_0053a4a0
0053a540	FUN_0053a540
0053a600	FUN_0053a600
0053a6a0	FUN_0053a6a0
0053a720	FUN_0053a720
0053a880	FUN_0053a880
0053ab40	FUN_0053ab40
0053aba0	FUN_0053aba0
0053adc0	FUN_0053adc0
0053ae20	FUN_0053ae20
0053aea0	FUN_0053aea0
0053af60	FUN_0053af60
0053b040	FUN_0053b040
0053b120	FUN_0053b120
0053b2c0	FUN_0053b2c0
0053b3e0	FUN_0053b3e0
0053b6c0	FUN_0053b6c0
0053b7a0	FUN_0053b7a0
0053b8c0	FUN_0053b8c0
0053bae0	thunk_FUN_00491c00
0053bb00	thunk_FUN_00491c60
0053bb20	thunk_FUN_00491ba0
0053bba0	FUN_0053bba0
0053bcc0	FUN_0053bcc0
0053bec0	FUN_0053bec0
0053bf60	FUN_0053bf60
0053c340	FUN_0053c340
0053c800	FUN_0053c800
0053c880	FUN_0053c880
0053cb00	FUN_0053cb00
0053cca0	FUN_0053cca0
0053cd00	FUN_0053cd00
0053cda0	FUN_0053cda0
0053ce80	FUN_0053ce80
0053d520	FUN_0053d520
0053d680	FUN_0053d680
0053d720	FUN_0053d720
0053d840	FUN_0053d840
0053d8c0	FUN_0053d8c0
0053d960	FUN_0053d960
0053da40	FUN_0053da40
0053dac0	FUN_0053dac0
0053dba0	FUN_0053dba0
0053dca0	FUN_0053dca0
0053dd00	FUN_0053dd00
0053de00	FUN_0053de00
0053dec0	FUN_0053dec0
0053e100	FUN_0053e100
0053e2c0	FUN_0053e2c0
0053e340	FUN_0053e340
0053e400	FUN_0053e400
0053e5c0	FUN_0053e5c0
0053fb40	FUN_0053fb40
00540580	FUN_00540580
005406a0	FUN_005406a0
005407a0	FUN_005407a0
00540a00	FUN_00540a00
00540b80	FUN_00540b80
00540c80	FUN_00540c80
00540d20	FUN_00540d20
00540dc0	FUN_00540dc0
00541900	FUN_00541900
005419c0	FUN_005419c0
00541ba0	FUN_00541ba0
00541d60	FUN_00541d60
00541fa0	FUN_00541fa0
00542460	FUN_00542460
005424c0	FUN_005424c0
00542620	FUN_00542620
005427c0	FUN_005427c0
00542960	FUN_00542960
00542b80	FUN_00542b80
005430c0	FUN_005430c0
005434c0	FUN_005434c0
00543560	FUN_00543560
00544100	FUN_00544100
005441c0	FUN_005441c0
00544280	FUN_00544280
00544300	FUN_00544300
00544380	FUN_00544380
005444e0	FUN_005444e0
005445c0	FUN_005445c0
00544d60	FUN_00544d60
00544f40	FUN_00544f40
00545520	FUN_00545520
00545720	FUN_00545720
00545b40	FUN_00545b40
00545c80	FUN_00545c80
00545f00	FUN_00545f00
00546100	FUN_00546100
005465e0	FUN_005465e0
00546640	FUN_00546640
00546940	FUN_00546940
00546a60	FUN_00546a60
00546b00	FUN_00546b00
00546c20	FUN_00546c20
00546d20	FUN_00546d20
00546f20	FUN_00546f20
00547240	FUN_00547240
00547600	FUN_00547600
00547780	FUN_00547780
005479e0	FUN_005479e0
00547c20	FUN_00547c20
00548180	FUN_00548180
005483e0	FUN_005483e0
005486a0	FUN_005486a0
005488c0	FUN_005488c0
00548d40	FUN_00548d40
00549020	FUN_00549020
005491a0	FUN_005491a0
005492e0	FUN_005492e0
00549420	FUN_00549420
005496c0	FUN_005496c0
00549860	FUN_00549860
00549d20	FUN_00549d20
00549de0	FUN_00549de0
0054a000	FUN_0054a000
0054a480	FUN_0054a480
0054a8c0	FUN_0054a8c0
0054ae80	FUN_0054ae80
0054b2a0	FUN_0054b2a0
0054b440	FUN_0054b440
0054bb20	FUN_0054bb20
0054bea0	FUN_0054bea0
0054c0a0	FUN_0054c0a0
0054c200	FUN_0054c200
0054c300	_cgo_panic
0054c360	FUN_0054c360
0054c380	crosscall2
0054c400	FUN_0054c400
0054d0a0	FUN_0054d0a0
0054d180	FUN_0054d180
0054d1a0	FUN_0054d1a0
0054d460	FUN_0054d460
0054d7e0	FUN_0054d7e0
0054d860	FUN_0054d860
0054dcc0	FUN_0054dcc0
0054df00	FUN_0054df00
0054e360	FUN_0054e360
0054e580	FUN_0054e580
0054e6e0	FUN_0054e6e0
0054e8e0	FUN_0054e8e0
0054ec00	FUN_0054ec00
0054f1c0	FUN_0054f1c0
0054f220	FUN_0054f220
0054f920	FUN_0054f920
0054f980	FUN_0054f980
0054fc40	FUN_0054fc40
0054fde0	FUN_0054fde0
0054ff00	FUN_0054ff00
00550000	FUN_00550000
00550e20	FUN_00550e20
005510a0	FUN_005510a0
005511c0	FUN_005511c0
00551260	FUN_00551260
00551300	FUN_00551300
00551440	FUN_00551440
00551560	FUN_00551560
005516e0	FUN_005516e0
00551a20	FUN_00551a20
005527c0	FUN_005527c0
00553280	FUN_00553280
00553c60	FUN_00553c60
00554300	FUN_00554300
00554a60	FUN_00554a60
00555020	FUN_00555020
00555600	FUN_00555600
005556a0	FUN_005556a0
00555740	FUN_00555740
00555b20	FUN_00555b20
00555c60	FUN_00555c60
005560a0	FUN_005560a0
005567c0	FUN_005567c0
00557400	FUN_00557400
00557660	FUN_00557660
00557800	FUN_00557800
005579e0	FUN_005579e0
005582a0	FUN_005582a0
00558380	FUN_00558380
00558600	FUN_00558600
005586a0	FUN_005586a0
00558740	FUN_00558740
00558ba0	FUN_00558ba0
00558ec0	FUN_00558ec0
0055ab80	FUN_0055ab80
0055ade0	FUN_0055ade0
0055ae40	FUN_0055ae40
0055bca0	FUN_0055bca0
0055bd00	FUN_0055bd00
0055be60	FUN_0055be60
0055bec0	FUN_0055bec0
0055bf80	FUN_0055bf80
0055c080	FUN_0055c080
0055c180	FUN_0055c180
0055c280	FUN_0055c280
0055c380	FUN_0055c380
0055c480	FUN_0055c480
0055c5a0	FUN_0055c5a0
0055c6a0	FUN_0055c6a0
0055c8c0	FUN_0055c8c0
0055d640	FUN_0055d640
0055da20	FUN_0055da20
0055da80	FUN_0055da80
0055e680	FUN_0055e680
0055e6e0	FUN_0055e6e0
0055eb60	FUN_0055eb60
0055ebc0	FUN_0055ebc0
0055eca0	FUN_0055eca0
0055ef60	FUN_0055ef60
0055f360	FUN_0055f360
0055f3c0	FUN_0055f3c0
0055f640	FUN_0055f640
0055f880	FUN_0055f880
0055fcc0	FUN_0055fcc0
0055ff20	FUN_0055ff20
00560080	FUN_00560080
00560340	FUN_00560340
005606e0	FUN_005606e0
00560780	FUN_00560780
00560880	FUN_00560880
00560940	FUN_00560940
00560ac0	FUN_00560ac0
00560cc0	FUN_00560cc0
00560e20	FUN_00560e20
00561280	FUN_00561280
005613e0	FUN_005613e0
005617e0	FUN_005617e0
00561900	FUN_00561900
00561de0	FUN_00561de0
00561e80	FUN_00561e80
005628e0	FUN_005628e0
00562aa0	FUN_00562aa0
00562b20	FUN_00562b20
00562d60	FUN_00562d60
00562e60	FUN_00562e60
00563140	FUN_00563140
005633e0	FUN_005633e0
00563540	FUN_00563540
00563780	FUN_00563780
00563b80	FUN_00563b80
00564140	FUN_00564140
00564b80	FUN_00564b80
00564f60	FUN_00564f60
005650e0	FUN_005650e0
005652a0	FUN_005652a0
00565640	FUN_00565640
00565820	FUN_00565820
00565b40	FUN_00565b40
00566800	FUN_00566800
00566a40	FUN_00566a40
00566c00	FUN_00566c00
00566d80	FUN_00566d80
00566f40	FUN_00566f40
00567480	FUN_00567480
00567580	FUN_00567580
00567660	FUN_00567660
00567820	FUN_00567820
005679a0	FUN_005679a0
00567c80	FUN_00567c80
00567de0	FUN_00567de0
00567f40	FUN_00567f40
00568080	FUN_00568080
00568a20	FUN_00568a20
00568f40	FUN_00568f40
00569040	FUN_00569040
00569080	FUN_00569080
005695e0	FUN_005695e0
00569680	FUN_00569680
00569760	FUN_00569760
00569a20	FUN_00569a20
00569ac0	FUN_00569ac0
00569c80	FUN_00569c80
00569ce0	FUN_00569ce0
0056a860	FUN_0056a860
0056a9e0	FUN_0056a9e0
0056ab40	FUN_0056ab40
0056abe0	FUN_0056abe0
0056acc0	FUN_0056acc0
0056ad60	FUN_0056ad60
0056ae40	FUN_0056ae40
0056b0a0	FUN_0056b0a0
0056b160	FUN_0056b160
0056b1a0	FUN_0056b1a0
0056b440	FUN_0056b440
0056b4e0	FUN_0056b4e0
0056b920	FUN_0056b920
0056b980	FUN_0056b980
0056bd20	FUN_0056bd20
0056c160	FUN_0056c160
0056c240	FUN_0056c240
0056c2a0	FUN_0056c2a0
0056c480	FUN_0056c480
0056c4e0	FUN_0056c4e0
0056c880	FUN_0056c880
0056d320	FUN_0056d320
0056d7e0	FUN_0056d7e0
0056ddc0	FUN_0056ddc0
0056df20	FUN_0056df20
0056dfe0	FUN_0056dfe0
0056e0a0	FUN_0056e0a0
0056e180	FUN_0056e180
0056e260	FUN_0056e260
0056e6c0	FUN_0056e6c0
0056e980	FUN_0056e980
0056eec0	FUN_0056eec0
0056f000	FUN_0056f000
0056f140	FUN_0056f140
0056f280	FUN_0056f280
0056f3c0	FUN_0056f3c0
0056f500	FUN_0056f500
0056fa40	FUN_0056fa40
0056fc20	FUN_0056fc20
0056fdc0	FUN_0056fdc0
0056fea0	FUN_0056fea0
00570340	FUN_00570340
00570440	FUN_00570440
005704c0	FUN_005704c0
00570700	FUN_00570700
00570b20	FUN_00570b20
00570c00	FUN_00570c00
00570d20	FUN_00570d20
00570e40	FUN_00570e40
00570f60	FUN_00570f60
00571220	FUN_00571220
00571420	FUN_00571420
005715a0	FUN_005715a0
00571660	FUN_00571660
005718e0	FUN_005718e0
00571d00	FUN_00571d00
00571ee0	FUN_00571ee0
00571f60	FUN_00571f60
00572240	FUN_00572240
00572540	FUN_00572540
00572740	FUN_00572740
00573320	FUN_00573320
00573760	FUN_00573760
00573820	FUN_00573820
005738e0	FUN_005738e0
00573a60	FUN_00573a60
00573c00	FUN_00573c00
00573da0	FUN_00573da0
00573f80	FUN_00573f80
00574000	FUN_00574000
005740c0	FUN_005740c0
005742c0	FUN_005742c0
005746c0	FUN_005746c0
005747e0	FUN_005747e0
00574900	FUN_00574900
005749c0	FUN_005749c0
00574ba0	FUN_00574ba0
00574bc0	FUN_00574bc0
00574be0	FUN_00574be0
00574c00	FUN_00574c00
00574c20	FUN_00574c20
00574c40	FUN_00574c40
00574c60	FUN_00574c60
00574c80	FUN_00574c80
00574ca0	FUN_00574ca0
00574cc0	FUN_00574cc0
00574ce0	FUN_00574ce0
00574de0	FUN_00574de0
00575060	FUN_00575060
00575380	FUN_00575380
005759e0	FUN_005759e0
00575fe0	FUN_00575fe0
00576400	FUN_00576400
00576640	FUN_00576640
005769e0	FUN_005769e0
00576c60	FUN_00576c60
00576e40	FUN_00576e40
00576fc0	FUN_00576fc0
005771a0	FUN_005771a0
005773e0	FUN_005773e0
005779a0	FUN_005779a0
00577ea0	FUN_00577ea0
00578620	FUN_00578620
00578f20	FUN_00578f20
0057b9e0	FUN_0057b9e0
0057bc40	FUN_0057bc40
0057c100	FUN_0057c100
0057c2a0	FUN_0057c2a0
0057c4c0	FUN_0057c4c0
0057c700	FUN_0057c700
0057cb20	FUN_0057cb20
0057cd00	FUN_0057cd00
0057cfe0	FUN_0057cfe0
0057d180	FUN_0057d180
0057dc00	FUN_0057dc00
0057dd00	FUN_0057dd00
0057dfc0	FUN_0057dfc0
0057e1c0	FUN_0057e1c0
0057e380	FUN_0057e380
0057e780	FUN_0057e780
0057e980	FUN_0057e980
0057fa80	FUN_0057fa80
0057fe20	FUN_0057fe20
0057ffe0	FUN_0057ffe0
00580160	FUN_00580160
00580260	FUN_00580260
005802c0	FUN_005802c0
005803a0	FUN_005803a0
00580400	FUN_00580400
00580600	FUN_00580600
005807c0	FUN_005807c0
00580840	FUN_00580840
00580da0	FUN_00580da0
00581040	FUN_00581040
005815c0	FUN_005815c0
00581640	FUN_00581640
00581820	FUN_00581820
005864c0	FUN_005864c0
005865a0	FUN_005865a0
00587180	FUN_00587180
005873a0	FUN_005873a0
005875a0	FUN_005875a0
00587820	FUN_00587820
00587be0	FUN_00587be0
00587de0	FUN_00587de0
00588c00	FUN_00588c00
00588f60	FUN_00588f60
005893c0	FUN_005893c0
005896c0	FUN_005896c0
00589780	FUN_00589780
00589c00	FUN_00589c00
00589f60	FUN_00589f60
0058a040	FUN_0058a040
0058a120	FUN_0058a120
0058a200	FUN_0058a200
0058a680	FUN_0058a680
0058ab20	FUN_0058ab20
0058af20	FUN_0058af20
0058b120	FUN_0058b120
0058b340	FUN_0058b340
0058b540	FUN_0058b540
0058b7e0	FUN_0058b7e0
0058b8a0	FUN_0058b8a0
0058bfa0	FUN_0058bfa0
0058c220	FUN_0058c220
0058c2e0	FUN_0058c2e0
0058c3a0	FUN_0058c3a0
0058c460	FUN_0058c460
0058c840	FUN_0058c840
0058c880	FUN_0058c880
0058c8e0	FUN_0058c8e0
0058c920	thunk_FUN_0058c840
0058c940	FUN_0058c940
0058c980	FUN_0058c980
0058ca40	FUN_0058ca40
0058cb00	FUN_0058cb00
0058cce0	FUN_0058cce0
0058cdc0	FUN_0058cdc0
0058cf20	FUN_0058cf20
0058d160	FUN_0058d160
0058d620	FUN_0058d620
0058d780	FUN_0058d780
0058d7e0	FUN_0058d7e0
0058d920	FUN_0058d920
0058db00	FUN_0058db00
0058e460	FUN_0058e460
0058e540	FUN_0058e540
0058e6e0	FUN_0058e6e0
0058e8c0	FUN_0058e8c0
0058ea80	FUN_0058ea80
0058eb60	FUN_0058eb60
0058ed40	FUN_0058ed40
0058efe0	FUN_0058efe0
0058f040	FUN_0058f040
0058f5a0	FUN_0058f5a0
0058f6a0	FUN_0058f6a0
0058f780	FUN_0058f780
0058fa20	FUN_0058fa20
0058fb60	FUN_0058fb60
0058fe00	FUN_0058fe00
00590160	FUN_00590160
005905a0	FUN_005905a0
00590640	FUN_00590640
00590a40	FUN_00590a40
00590ee0	FUN_00590ee0
00591140	FUN_00591140
00591400	FUN_00591400
00591500	FUN_00591500
00591740	FUN_00591740
00591940	FUN_00591940
00591d60	FUN_00591d60
005921a0	FUN_005921a0
00592240	FUN_00592240
005924a0	FUN_005924a0
00592560	FUN_00592560
005926a0	FUN_005926a0
00592a20	FUN_00592a20
00592b20	FUN_00592b20
00592d20	FUN_00592d20
00593180	FUN_00593180
005945c0	FUN_005945c0
00595220	FUN_00595220
00595400	FUN_00595400
005959c0	FUN_005959c0
00596620	FUN_00596620
00596b20	FUN_00596b20
00596f40	FUN_00596f40
00596fe0	FUN_00596fe0
00597100	FUN_00597100
00597de0	FUN_00597de0
00597f00	FUN_00597f00
005981c0	FUN_005981c0
00598540	FUN_00598540
005987a0	FUN_005987a0
005989a0	thunk_FUN_005989bf
005989bf	FUN_005989bf
00598a60	FUN_00598a60
00598e40	FUN_00598e40
00598fc0	FUN_00598fc0
00599600	FUN_00599600
00599b20	FUN_00599b20
00599f00	FUN_00599f00
00599f20	FUN_00599f20
0059a2c0	FUN_0059a2c0
0059a540	FUN_0059a540
0059a900	FUN_0059a900
0059b1c0	FUN_0059b1c0
0059b560	FUN_0059b560
0059b620	FUN_0059b620
0059b8c0	FUN_0059b8c0
0059b9a0	FUN_0059b9a0
0059b9e0	FUN_0059b9e0
0059ba40	FUN_0059ba40
0059bee0	FUN_0059bee0
0059bfa0	FUN_0059bfa0
0059c2a0	FUN_0059c2a0
0059c640	FUN_0059c640
0059c720	FUN_0059c720
0059c7a0	FUN_0059c7a0
0059cc00	FUN_0059cc00
0059d080	FUN_0059d080
0059d2a0	FUN_0059d2a0
005a1ea0	FUN_005a1ea0
005a7ac0	FUN_005a7ac0
005a7b20	FUN_005a7b20
005a7b80	FUN_005a7b80
005a7ce0	FUN_005a7ce0
005a7d80	FUN_005a7d80
005a8140	FUN_005a8140
005a8200	FUN_005a8200
005a8240	FUN_005a8240
005a86c0	FUN_005a86c0
005a88a0	FUN_005a88a0
005a8c20	FUN_005a8c20
005a8f00	FUN_005a8f00
005a9100	FUN_005a9100
005a94a0	FUN_005a94a0
005a9ca0	FUN_005a9ca0
005aa0e0	FUN_005aa0e0
005aa960	FUN_005aa960
005ab960	FUN_005ab960
005abb00	FUN_005abb00
005abce0	FUN_005abce0
005abe40	FUN_005abe40
005ac240	FUN_005ac240
005ac4a0	FUN_005ac4a0
005ac540	FUN_005ac540
005ac680	FUN_005ac680
005ad1c0	FUN_005ad1c0
005ad6a0	FUN_005ad6a0
005ad780	FUN_005ad780
005ad8a0	FUN_005ad8a0
005ada00	FUN_005ada00
005adac0	FUN_005adac0
005aee40	FUN_005aee40
005af100	FUN_005af100
005af3a0	FUN_005af3a0
005af460	FUN_005af460
005af520	FUN_005af520
005af620	FUN_005af620
005af6c0	FUN_005af6c0
005af7e0	FUN_005af7e0
005afac0	FUN_005afac0
005afb80	FUN_005afb80
005afe40	FUN_005afe40
005aff20	FUN_005aff20
005b0340	FUN_005b0340
005b0440	FUN_005b0440
005b05e0	FUN_005b05e0
005b19e0	FUN_005b19e0
005b1ac0	FUN_005b1ac0
005b1be0	FUN_005b1be0
005b1c60	FUN_005b1c60
005b23c0	FUN_005b23c0
005b2480	FUN_005b2480
005b2540	FUN_005b2540
005b2600	FUN_005b2600
005b2680	FUN_005b2680
005b31c0	FUN_005b31c0
005b32c0	FUN_005b32c0
005b33c0	FUN_005b33c0
005b34c0	FUN_005b34c0
005b41c0	FUN_005b41c0
005b5440	FUN_005b5440
005b5940	FUN_005b5940
005b6020	FUN_005b6020
005b8ba0	FUN_005b8ba0
005b92e0	FUN_005b92e0
005b9cc0	FUN_005b9cc0
005bae60	FUN_005bae60
005bca40	FUN_005bca40
005bd120	FUN_005bd120
005bdc80	FUN_005bdc80
005be300	FUN_005be300
005be4a0	FUN_005be4a0
005bebe0	FUN_005bebe0
005befe0	FUN_005befe0
005c0c60	FUN_005c0c60
005c0d60	FUN_005c0d60
005c6f60	FUN_005c6f60
005cd7c0	FUN_005cd7c0
005cdd80	FUN_005cdd80
005cea80	FUN_005cea80
005d1000	FUN_005d1000
005d17c0	FUN_005d17c0
005d1d40	FUN_005d1d40
005d27e0	FUN_005d27e0
005d32e0	FUN_005d32e0
005d34c0	FUN_005d34c0
005d35c0	FUN_005d35c0
005d3ae0	FUN_005d3ae0
005d3ce0	FUN_005d3ce0
005d3e80	FUN_005d3e80
005d4140	FUN_005d4140
005d4d40	FUN_005d4d40
005d5840	FUN_005d5840
005d5f00	FUN_005d5f00
005d6280	FUN_005d6280
005d7d60	FUN_005d7d60
005d8000	FUN_005d8000
005d8260	FUN_005d8260
005d8540	FUN_005d8540
005d9520	FUN_005d9520
005d9e40	FUN_005d9e40
005da0a0	FUN_005da0a0
005db280	FUN_005db280
005db500	FUN_005db500
005dbaa0	FUN_005dbaa0
005dcfa0	FUN_005dcfa0
005e0100	FUN_005e0100
005e3a00	FUN_005e3a00
005e4060	FUN_005e4060
005e4c20	FUN_005e4c20
005e5840	FUN_005e5840
005e5a20	FUN_005e5a20
005e5c20	FUN_005e5c20
005e81c0	FUN_005e81c0
005e8c40	FUN_005e8c40
005ec1a0	FUN_005ec1a0
005edd60	FUN_005edd60
005ee1a0	FUN_005ee1a0
005ee4a0	FUN_005ee4a0
005ee9c0	FUN_005ee9c0
005eeba0	FUN_005eeba0
005ef300	FUN_005ef300
005ef700	FUN_005ef700
005efb80	FUN_005efb80
005effc0	FUN_005effc0
005f0400	FUN_005f0400
005f06c0	FUN_005f06c0
005f0980	FUN_005f0980
005f0c40	FUN_005f0c40
005f0f00	FUN_005f0f00
005f1080	FUN_005f1080
005f1200	FUN_005f1200
005f1380	FUN_005f1380
005f1500	FUN_005f1500
005f1f00	FUN_005f1f00
005f2960	FUN_005f2960
005f2d80	FUN_005f2d80
005f3520	FUN_005f3520
005f39c0	FUN_005f39c0
005f3d40	FUN_005f3d40
005f3f20	FUN_005f3f20
005f4400	FUN_005f4400
005f4800	FUN_005f4800
005f4a80	FUN_005f4a80
005f4c80	FUN_005f4c80
005f5120	FUN_005f5120
005f5480	FUN_005f5480
005f56c0	FUN_005f56c0
005f5b40	FUN_005f5b40
005f6340	FUN_005f6340
005f7000	FUN_005f7000
005f70e0	FUN_005f70e0
005f7960	FUN_005f7960
005f7d20	FUN_005f7d20
005f7e60	FUN_005f7e60
005f9620	FUN_005f9620
0060f880	FUN_0060f880
0060fa80	FUN_0060fa80
0060fac0	FUN_0060fac0
00610280	FUN_00610280
00610360	FUN_00610360
006104e0	FUN_006104e0
00610b60	FUN_00610b60
00610e80	FUN_00610e80
00610f60	FUN_00610f60
00611180	FUN_00611180
00611300	FUN_00611300
00611440	FUN_00611440
00611540	FUN_00611540
00611620	FUN_00611620
00611700	FUN_00611700
00611780	FUN_00611780
00611840	FUN_00611840
00611c00	FUN_00611c00
00611fa0	FUN_00611fa0
00611fe0	FUN_00611fe0
00612020	FUN_00612020
00612060	FUN_00612060
00612100	FUN_00612100
00612400	FUN_00612400
006124a0	FUN_006124a0
00612680	FUN_00612680
00612be0	FUN_00612be0
00612c20	FUN_00612c20
00612c40	FUN_00612c40
00612d60	FUN_00612d60
00612ec0	FUN_00612ec0
00615d60	FUN_00615d60
00615ea0	FUN_00615ea0
00616020	FUN_00616020
006160c0	FUN_006160c0
006163c0	FUN_006163c0
00616420	FUN_00616420
00616560	FUN_00616560
00616760	FUN_00616760
006168e0	FUN_006168e0
00616ac0	FUN_00616ac0
00616cc0	FUN_00616cc0
00616e40	FUN_00616e40
00617140	FUN_00617140
006172c0	FUN_006172c0
006174e0	FUN_006174e0
00617600	FUN_00617600
00617a40	FUN_00617a40
00617ae0	FUN_00617ae0
00617e20	FUN_00617e20
006188a0	FUN_006188a0
00619040	FUN_00619040
00619100	FUN_00619100
00619620	FUN_00619620
006196c0	FUN_006196c0
00619b40	FUN_00619b40
00619ba0	FUN_00619ba0
0061a7e0	FUN_0061a7e0
0061a900	FUN_0061a900
0061ae60	FUN_0061ae60
0061b0e0	FUN_0061b0e0
0061b400	FUN_0061b400
0061b480	FUN_0061b480
0061b6a0	FUN_0061b6a0
0061bbc0	FUN_0061bbc0
0061be20	FUN_0061be20
0061bfc0	FUN_0061bfc0
0061c540	FUN_0061c540
0061c6c0	FUN_0061c6c0
0061cb00	FUN_0061cb00
0061d080	FUN_0061d080
0061d260	FUN_0061d260
0061d340	FUN_0061d340
0061d480	FUN_0061d480
0061d580	FUN_0061d580
0061d680	FUN_0061d680
0061d8c0	FUN_0061d8c0
0061d920	FUN_0061d920
0061d9a0	FUN_0061d9a0
0061dc60	FUN_0061dc60
0061dfe0	FUN_0061dfe0
0061ec20	FUN_0061ec20
0061eee0	FUN_0061eee0
0061efe0	FUN_0061efe0
0061f080	FUN_0061f080
0061f2c0	FUN_0061f2c0
0061f380	FUN_0061f380
0061f620	FUN_0061f620
0061fa60	FUN_0061fa60
0061fb00	FUN_0061fb00
00620140	FUN_00620140
006202c0	FUN_006202c0
006203a0	FUN_006203a0
00620640	FUN_00620640
00620700	FUN_00620700
006217c0	FUN_006217c0
00621ac0	FUN_00621ac0
00621ba0	FUN_00621ba0
00621ce0	FUN_00621ce0
00621e60	FUN_00621e60
00621f40	FUN_00621f40
00622000	FUN_00622000
006221e0	FUN_006221e0
006223c0	FUN_006223c0
00622520	FUN_00622520
00622680	FUN_00622680
00622740	FUN_00622740
006229c0	FUN_006229c0
00622a80	FUN_00622a80
00622b40	FUN_00622b40
00622c00	FUN_00622c00
00622d20	FUN_00622d20
006232a0	FUN_006232a0
00623420	FUN_00623420
006236a0	FUN_006236a0
006237a0	FUN_006237a0
006246a0	FUN_006246a0
00624b00	FUN_00624b00
00624c60	FUN_00624c60
006258e0	FUN_006258e0
00625a00	FUN_00625a00
00625ba0	FUN_00625ba0
00625e40	FUN_00625e40
00625ee0	FUN_00625ee0
00626280	FUN_00626280
00626660	FUN_00626660
00626700	FUN_00626700
00626cc0	FUN_00626cc0
00626ea0	FUN_00626ea0
00627060	FUN_00627060
006274c0	FUN_006274c0
00627860	FUN_00627860
006279e0	FUN_006279e0
00627c60	FUN_00627c60
00627e80	FUN_00627e80
006280e0	FUN_006280e0
00629260	FUN_00629260
00629820	FUN_00629820
0062a2c0	FUN_0062a2c0
0062a320	FUN_0062a320
0062b180	FUN_0062b180
0062b380	FUN_0062b380
0062b780	FUN_0062b780
0062c2e0	FUN_0062c2e0
0062c9c0	FUN_0062c9c0
0062d0e0	FUN_0062d0e0
0062d1c0	FUN_0062d1c0
0062d880	FUN_0062d880
0062dac0	FUN_0062dac0
0062db20	FUN_0062db20
0062e0e0	FUN_0062e0e0
0062e380	FUN_0062e380
0062e540	FUN_0062e540
0062ede0	FUN_0062ede0
0062ee40	FUN_0062ee40
0062f500	FUN_0062f500
0062f560	FUN_0062f560
006305c0	FUN_006305c0
00630620	FUN_00630620
00630e40	FUN_00630e40
00631340	FUN_00631340
00631800	FUN_00631800
00631860	FUN_00631860
00631aa0	FUN_00631aa0
00631d20	FUN_00631d20
006323c0	FUN_006323c0
00632420	FUN_00632420
006329a0	FUN_006329a0
00632a00	FUN_00632a00
00632ba0	FUN_00632ba0
00632d40	FUN_00632d40
00632de0	FUN_00632de0
00632e80	FUN_00632e80
00632f60	FUN_00632f60
00633020	FUN_00633020
006330e0	FUN_006330e0
00633420	FUN_00633420
006334e0	FUN_006334e0
00633620	FUN_00633620
00633920	FUN_00633920
006339e0	FUN_006339e0
00633ac0	FUN_00633ac0
00633b60	FUN_00633b60
00633dc0	FUN_00633dc0
00634340	FUN_00634340
006347e0	FUN_006347e0
006348c0	FUN_006348c0
00634940	FUN_00634940
00634ba0	FUN_00634ba0
00635120	FUN_00635120
006351c0	FUN_006351c0
00635200	FUN_00635200
00635420	FUN_00635420
00635860	FUN_00635860
00635940	FUN_00635940
00635a40	FUN_00635a40
00635ae0	FUN_00635ae0
00635d80	FUN_00635d80
00636bc0	FUN_00636bc0
00637880	FUN_00637880
006379c0	FUN_006379c0
00637a60	FUN_00637a60
006381a0	FUN_006381a0
00638c80	FUN_00638c80
00638da0	FUN_00638da0
00638de0	FUN_00638de0
00639220	FUN_00639220
00639760	FUN_00639760
00639860	FUN_00639860
00639980	FUN_00639980
00639a40	FUN_00639a40
00639d40	FUN_00639d40
00639d60	FUN_00639d60
0063c140	FUN_0063c140
0063df20	FUN_0063df20
0063e1a0	FUN_0063e1a0
0063e2a0	FUN_0063e2a0
0063f160	FUN_0063f160
0063ff40	FUN_0063ff40
006400c0	FUN_006400c0
00640120	FUN_00640120
00640760	FUN_00640760
00640ca0	FUN_00640ca0
00641260	FUN_00641260
006412c0	FUN_006412c0
006413a0	FUN_006413a0
006414e0	FUN_006414e0
006417e0	FUN_006417e0
00641980	FUN_00641980
00641f00	FUN_00641f00
00642300	FUN_00642300
006423e0	FUN_006423e0
00643220	FUN_00643220
006435a0	FUN_006435a0
00643660	FUN_00643660
006443a0	FUN_006443a0
00644520	FUN_00644520
00644660	FUN_00644660
00644760	FUN_00644760
00644b40	FUN_00644b40
00645300	FUN_00645300
00645480	FUN_00645480
00645640	FUN_00645640
00645800	FUN_00645800
00645ca0	FUN_00645ca0
006460e0	FUN_006460e0
006476e0	FUN_006476e0
00647dc0	FUN_00647dc0
00647e20	FUN_00647e20
00647f00	FUN_00647f00
00648040	FUN_00648040
006483a0	FUN_006483a0
00648560	FUN_00648560
00648b60	FUN_00648b60
00648fe0	FUN_00648fe0
006490c0	FUN_006490c0
0064a1e0	FUN_0064a1e0
0064a5c0	FUN_0064a5c0
0064a6a0	FUN_0064a6a0
0064ac00	FUN_0064ac00
0064b420	FUN_0064b420
0064b480	FUN_0064b480
0064b560	FUN_0064b560
0064b6e0	FUN_0064b6e0
0064ba80	FUN_0064ba80
0064bca0	FUN_0064bca0
0064c3a0	FUN_0064c3a0
0064c920	FUN_0064c920
0064ca00	FUN_0064ca00
0064de20	FUN_0064de20
0064e280	FUN_0064e280
0064e3a0	FUN_0064e3a0
0064f440	FUN_0064f440
0064f540	FUN_0064f540
0064f5c0	FUN_0064f5c0
0064f7a0	FUN_0064f7a0
0064fa00	FUN_0064fa00
0064fb00	FUN_0064fb00
0064fbe0	FUN_0064fbe0
0064fce0	FUN_0064fce0
00650060	FUN_00650060
00650360	FUN_00650360
006503c0	FUN_006503c0
00650600	FUN_00650600
006507c0	FUN_006507c0
00650f00	FUN_00650f00
00650f40	FUN_00650f40
00651680	FUN_00651680
00652180	FUN_00652180
00652320	FUN_00652320
00652540	FUN_00652540
00652660	FUN_00652660
00652720	FUN_00652720
00652800	FUN_00652800
00652fc0	FUN_00652fc0
006530a0	FUN_006530a0
00653180	FUN_00653180
00653240	FUN_00653240
006532c0	FUN_006532c0
00653400	FUN_00653400
00653500	FUN_00653500
00653b40	FUN_00653b40
00653fe0	FUN_00653fe0
00654240	FUN_00654240
00654de0	FUN_00654de0
00654fa0	FUN_00654fa0
006556c0	FUN_006556c0
006557e0	FUN_006557e0
00655de0	FUN_00655de0
00656480	FUN_00656480
00656520	FUN_00656520
00656740	FUN_00656740
00656900	FUN_00656900
00656bc0	FUN_00656bc0
00656e80	FUN_00656e80
00656f20	FUN_00656f20
00657140	FUN_00657140
00657300	FUN_00657300
006575c0	FUN_006575c0
00657880	FUN_00657880
00657920	FUN_00657920
00657ae0	FUN_00657ae0
00657da0	FUN_00657da0
00658060	FUN_00658060
006583e0	FUN_006583e0
00658500	FUN_00658500
00658740	FUN_00658740
00658980	FUN_00658980
00658bc0	FUN_00658bc0
00658e20	FUN_00658e20
006590c0	FUN_006590c0
00659180	FUN_00659180
00659480	FUN_00659480
0065a940	FUN_0065a940
0065b080	FUN_0065b080
0065b3c0	FUN_0065b3c0
0065b7c0	FUN_0065b7c0
0065b8a0	FUN_0065b8a0
0065b9e0	FUN_0065b9e0
0065bc40	FUN_0065bc40
0065bd60	FUN_0065bd60
0065bf80	FUN_0065bf80
0065c460	FUN_0065c460
0065cd80	FUN_0065cd80
0065d060	FUN_0065d060
0065d0c0	FUN_0065d0c0
0065d280	FUN_0065d280
0065d3c0	FUN_0065d3c0
0065d5c0	FUN_0065d5c0
0065d800	FUN_0065d800
0065d940	FUN_0065d940
0065d9c0	FUN_0065d9c0
0065da40	FUN_0065da40
0065dda0	FUN_0065dda0
0065de60	FUN_0065de60
0065e060	FUN_0065e060
0065e320	FUN_0065e320
0065e500	FUN_0065e500
0065e780	FUN_0065e780
0065ea40	FUN_0065ea40
0065ec20	FUN_0065ec20
0065ecc0	FUN_0065ecc0
0065eea0	FUN_0065eea0
0065f9e0	FUN_0065f9e0
006600c0	FUN_006600c0
00660cc0	FUN_00660cc0
00661100	FUN_00661100
006614a0	FUN_006614a0
00661a60	FUN_00661a60
006639e0	FUN_006639e0
00663ba0	FUN_00663ba0
00663c60	FUN_00663c60
00663f60	FUN_00663f60
00664060	FUN_00664060
006642e0	FUN_006642e0
00664940	FUN_00664940
00664a40	FUN_00664a40
00665020	FUN_00665020
00665460	FUN_00665460
00665ca0	FUN_00665ca0
00665f80	FUN_00665f80
00666260	FUN_00666260
00666540	FUN_00666540
00666ae0	FUN_00666ae0
00667020	FUN_00667020
00667100	FUN_00667100
00667200	FUN_00667200
00667420	FUN_00667420
00667540	FUN_00667540
00667840	FUN_00667840
00667a20	FUN_00667a20
00667b20	FUN_00667b20
00667d40	FUN_00667d40
00667ec0	FUN_00667ec0
00667fa0	FUN_00667fa0
00668160	FUN_00668160
006684a0	FUN_006684a0
006687a0	FUN_006687a0
00668d40	FUN_00668d40
0066b100	FUN_0066b100
0066b280	FUN_0066b280
0066b580	FUN_0066b580
0066bae0	FUN_0066bae0
0066c080	FUN_0066c080
0066c260	FUN_0066c260
0066c780	FUN_0066c780
0066cbc0	FUN_0066cbc0
0066cfc0	FUN_0066cfc0
0066d060	FUN_0066d060
0066d3a0	FUN_0066d3a0
0066d480	FUN_0066d480
0066d540	FUN_0066d540
0066d600	FUN_0066d600
0066d880	FUN_0066d880
0066dac0	FUN_0066dac0
0066e2c0	FUN_0066e2c0
0066f300	FUN_0066f300
00670000	FUN_00670000
00670260	FUN_00670260
00670960	FUN_00670960
00670f20	FUN_00670f20
00671240	FUN_00671240
00671700	FUN_00671700
00671980	FUN_00671980
00671c00	FUN_00671c00
00671dc0	FUN_00671dc0
00671fe0	FUN_00671fe0
00672580	FUN_00672580
00673160	FUN_00673160
00673200	FUN_00673200
006736e0	FUN_006736e0
00673900	FUN_00673900
00673a20	FUN_00673a20
00673b20	FUN_00673b20
00673c20	FUN_00673c20
00673d20	FUN_00673d20
00673e20	FUN_00673e20
00674000	FUN_00674000
00674180	FUN_00674180
00674360	FUN_00674360
006744a0	FUN_006744a0
00674520	FUN_00674520
006745a0	FUN_006745a0
00674620	FUN_00674620
006746a0	FUN_006746a0
00674ba0	FUN_00674ba0
00674e20	FUN_00674e20
00674fc0	FUN_00674fc0
00675160	FUN_00675160
00675300	FUN_00675300
00675500	FUN_00675500
00675540	FUN_00675540
00675580	FUN_00675580
00675640	FUN_00675640
006756c0	FUN_006756c0
00675ae0	FUN_00675ae0
00676160	FUN_00676160
006762c0	FUN_006762c0
00677220	FUN_00677220
00677520	FUN_00677520
00677920	FUN_00677920
00677dc0	FUN_00677dc0
00678480	FUN_00678480
00679220	FUN_00679220
00679420	FUN_00679420
00679540	FUN_00679540
00679ba0	FUN_00679ba0
00679ca0	FUN_00679ca0
00679f20	FUN_00679f20
00679fc0	FUN_00679fc0
0067a0c0	FUN_0067a0c0
0067a2c0	FUN_0067a2c0
0067a3e0	FUN_0067a3e0
0067aa40	FUN_0067aa40
0067ab40	FUN_0067ab40
0067adc0	FUN_0067adc0
0067ae60	FUN_0067ae60
0067af60	FUN_0067af60
0067b160	FUN_0067b160
0067b280	FUN_0067b280
0067b320	FUN_0067b320
0067b420	FUN_0067b420
0067b620	FUN_0067b620
0067b740	FUN_0067b740
0067bda0	FUN_0067bda0
0067bea0	FUN_0067bea0
0067c120	FUN_0067c120
0067c1c0	FUN_0067c1c0
00683b40	FUN_00683b40
00683da0	FUN_00683da0
00684140	FUN_00684140
00684240	FUN_00684240
00684380	FUN_00684380
006844a0	FUN_006844a0
00684580	FUN_00684580
00684700	FUN_00684700
006848a0	FUN_006848a0
00684ba0	FUN_00684ba0
00684e80	FUN_00684e80
00685140	FUN_00685140
00685400	FUN_00685400
00685620	FUN_00685620
00685760	FUN_00685760
006858c0	FUN_006858c0
006859e0	FUN_006859e0
00685a80	FUN_00685a80
00685c00	FUN_00685c00
00685cc0	FUN_00685cc0
00685dc0	FUN_00685dc0
00685e40	FUN_00685e40
00685fa0	FUN_00685fa0
00686020	FUN_00686020
00686300	FUN_00686300
00686480	FUN_00686480
00686a20	FUN_00686a20
00686b00	FUN_00686b00
00686d60	FUN_00686d60
00687300	FUN_00687300
00687320	FUN_00687320
006875c0	FUN_006875c0
00687620	FUN_00687620
00687a20	FUN_00687a20
00687a80	FUN_00687a80
006880e0	FUN_006880e0
00688200	FUN_00688200
00688360	FUN_00688360
006884c0	FUN_006884c0
00688d20	FUN_00688d20
00688e40	FUN_00688e40
00689340	FUN_00689340
006899e0	FUN_006899e0
0068a020	FUN_0068a020
0068a120	FUN_0068a120
0068a360	FUN_0068a360
0068a520	FUN_0068a520
0068afc0	FUN_0068afc0
0068b160	FUN_0068b160
0068cb60	FUN_0068cb60
0068d960	FUN_0068d960
0068da00	FUN_0068da00
0068dcc0	FUN_0068dcc0
0068df40	FUN_0068df40
0068e160	FUN_0068e160
0068e800	FUN_0068e800
0068f300	FUN_0068f300
0068fc80	FUN_0068fc80
0068fe40	FUN_0068fe40
00690a80	FUN_00690a80
00690de0	FUN_00690de0
00690f80	FUN_00690f80
00691880	FUN_00691880
00693660	FUN_00693660
00693a00	FUN_00693a00
00693ac0	FUN_00693ac0
00693ca0	FUN_00693ca0
00694d00	FUN_00694d00
00695be0	FUN_00695be0
00695f60	FUN_00695f60
006963a0	FUN_006963a0
00696ce0	FUN_00696ce0
006973a0	FUN_006973a0
00697420	FUN_00697420
006974e0	FUN_006974e0
006975c0	FUN_006975c0
006976a0	FUN_006976a0
00698320	FUN_00698320
00698d60	FUN_00698d60
00698f80	FUN_00698f80
006990c0	FUN_006990c0
006991c0	FUN_006991c0
00699fe0	FUN_00699fe0
0069a6c0	FUN_0069a6c0
0069aee0	FUN_0069aee0
0069b220	FUN_0069b220
0069b7e0	FUN_0069b7e0
0069c0c0	FUN_0069c0c0
0069c220	FUN_0069c220
0069cb60	FUN_0069cb60
0069cf40	FUN_0069cf40
0069cfe0	FUN_0069cfe0
0069d120	FUN_0069d120
0069d2e0	FUN_0069d2e0
0069d3c0	FUN_0069d3c0
0069d920	FUN_0069d920
0069dce0	FUN_0069dce0
0069e380	FUN_0069e380
0069e460	FUN_0069e460
0069e560	FUN_0069e560
0069e6a0	FUN_0069e6a0
0069e780	FUN_0069e780
0069f5c0	FUN_0069f5c0
0069f860	FUN_0069f860
0069ffc0	FUN_0069ffc0
006a0040	FUN_006a0040
006a0360	FUN_006a0360
006a0440	FUN_006a0440
006a0840	FUN_006a0840
006a0a40	FUN_006a0a40
006a1260	FUN_006a1260
006a14a0	FUN_006a14a0
006a1580	FUN_006a1580
006a1660	FUN_006a1660
006a1c40	FUN_006a1c40
006a2740	FUN_006a2740
006a2bc0	FUN_006a2bc0
006a2ce0	FUN_006a2ce0
006a3ae0	FUN_006a3ae0
006a3d60	FUN_006a3d60
006a3ee0	FUN_006a3ee0
006a4480	FUN_006a4480
006a45e0	FUN_006a45e0
006a4980	FUN_006a4980
006a4ae0	FUN_006a4ae0
006a6800	FUN_006a6800
006a7a60	FUN_006a7a60
006a82a0	FUN_006a82a0
006a8f20	FUN_006a8f20
006a9040	FUN_006a9040
006a93e0	FUN_006a93e0
006a9b80	FUN_006a9b80
006aaa00	FUN_006aaa00
006aaca0	FUN_006aaca0
006ab460	FUN_006ab460
006ab980	FUN_006ab980
006abc80	FUN_006abc80
006abde0	FUN_006abde0
006abec0	FUN_006abec0
006ac1e0	FUN_006ac1e0
006ace20	FUN_006ace20
006acf60	FUN_006acf60
006ad100	FUN_006ad100
006ad260	FUN_006ad260
006ad440	FUN_006ad440
006ad740	FUN_006ad740
006adb20	FUN_006adb20
006ae040	FUN_006ae040
006af180	FUN_006af180
006b1080	FUN_006b1080
006b2420	FUN_006b2420
006b24c0	FUN_006b24c0
006b25a0	FUN_006b25a0
006b2c20	FUN_006b2c20
006b33e0	FUN_006b33e0
006b34c0	FUN_006b34c0
006b3cc0	FUN_006b3cc0
006b4ec0	FUN_006b4ec0
006b54e0	FUN_006b54e0
006b5840	FUN_006b5840
006b5a40	FUN_006b5a40
006b5cc0	FUN_006b5cc0
006b6140	FUN_006b6140
006b6a00	FUN_006b6a00
006b80a0	FUN_006b80a0
006b8b60	FUN_006b8b60
006b8f80	FUN_006b8f80
006b9220	FUN_006b9220
006b98a0	FUN_006b98a0
006b9aa0	FUN_006b9aa0
006b9d20	FUN_006b9d20
006ba0e0	FUN_006ba0e0
006ba4e0	FUN_006ba4e0
006ba7a0	FUN_006ba7a0
006baac0	FUN_006baac0
006bcf20	FUN_006bcf20
006bd420	FUN_006bd420
006bd820	FUN_006bd820
006bd900	FUN_006bd900
006bdb60	FUN_006bdb60
006bdc60	FUN_006bdc60
006bdd40	FUN_006bdd40
006be2e0	FUN_006be2e0
006bee80	FUN_006bee80
006bf280	FUN_006bf280
006bf8c0	FUN_006bf8c0
006bfde0	FUN_006bfde0
006c01c0	FUN_006c01c0
006c01e0	FUN_006c01e0
006c0580	FUN_006c0580
006c0800	FUN_006c0800
006c0bc0	FUN_006c0bc0
006c14a0	FUN_006c14a0
006c1840	FUN_006c1840
006c1900	FUN_006c1900
006c1ba0	FUN_006c1ba0
006c1c80	FUN_006c1c80
006c1cc0	FUN_006c1cc0
006c1d20	FUN_006c1d20
006c21c0	FUN_006c21c0
006c2280	FUN_006c2280
006c2580	FUN_006c2580
006c2920	FUN_006c2920
006c2a00	FUN_006c2a00
006c2a80	FUN_006c2a80
006c2ee0	FUN_006c2ee0
006c3360	FUN_006c3360
006c3580	FUN_006c3580
006c8180	FUN_006c8180
006cd740	FUN_006cd740
006cd9c0	FUN_006cd9c0
006cdaa0	FUN_006cdaa0
006cddc0	FUN_006cddc0
006ce260	FUN_006ce260
006ce500	FUN_006ce500
006ce8e0	FUN_006ce8e0
006cea40	FUN_006cea40
006ceda0	FUN_006ceda0
006cf000	FUN_006cf000
006cf820	FUN_006cf820
006cfb20	FUN_006cfb20
006cfde0	FUN_006cfde0
006cff00	FUN_006cff00
006cffe0	FUN_006cffe0
006d0140	FUN_006d0140
006d02c0	FUN_006d02c0
006d03a0	FUN_006d03a0
006d0480	FUN_006d0480
006d0720	FUN_006d0720
006d0a40	FUN_006d0a40
006d0ba0	FUN_006d0ba0
006d0d80	FUN_006d0d80
006d0fc0	FUN_006d0fc0
006d1160	FUN_006d1160
006d1320	FUN_006d1320
006d1480	FUN_006d1480
006d1780	FUN_006d1780
006d19a0	FUN_006d19a0
006d1c60	FUN_006d1c60
006d1e60	FUN_006d1e60
006d20a0	FUN_006d20a0
006d2320	FUN_006d2320
006d26c0	FUN_006d26c0
006d2860	FUN_006d2860
006d2900	FUN_006d2900
006d3160	FUN_006d3160
006d31e0	FUN_006d31e0
006d3380	FUN_006d3380
006d3740	FUN_006d3740
006d42a0	FUN_006d42a0
006d4340	FUN_006d4340
006d46a0	FUN_006d46a0
006d4ea0	FUN_006d4ea0
006d51a0	FUN_006d51a0
006d5360	FUN_006d5360
006d54a0	FUN_006d54a0
006d55a0	FUN_006d55a0
006d58a0	FUN_006d58a0
006d5a80	FUN_006d5a80
006d5ec0	FUN_006d5ec0
006d5fe0	FUN_006d5fe0
006d6160	FUN_006d6160
006d6420	FUN_006d6420
006d65e0	FUN_006d65e0
006d67a0	FUN_006d67a0
006d6f20	FUN_006d6f20
006d7020	FUN_006d7020
006d72a0	FUN_006d72a0
006d7660	FUN_006d7660
006d7880	FUN_006d7880
006d7a80	FUN_006d7a80
006d7ba0	FUN_006d7ba0
006d7f80	FUN_006d7f80
006d82e0	FUN_006d82e0
006d8760	FUN_006d8760
006d9c60	FUN_006d9c60
006d9f40	FUN_006d9f40
006da040	FUN_006da040
006da600	FUN_006da600
006da660	FUN_006da660
006daa60	FUN_006daa60
006daac0	FUN_006daac0
006dab20	FUN_006dab20
006db5a0	FUN_006db5a0
006db7e0	FUN_006db7e0
006dba60	FUN_006dba60
006dbc00	FUN_006dbc00
006dbc80	FUN_006dbc80
006dbd40	FUN_006dbd40
006dc060	FUN_006dc060
006dc880	FUN_006dc880
006dca80	FUN_006dca80
006dccc0	FUN_006dccc0
006dcf40	FUN_006dcf40
006dcfc0	FUN_006dcfc0
006dd140	FUN_006dd140
006dd240	FUN_006dd240
006dd360	FUN_006dd360
006dd5c0	FUN_006dd5c0
006dd780	FUN_006dd780
006dd880	FUN_006dd880
006ddc20	FUN_006ddc20
006ddd20	FUN_006ddd20
006dde20	FUN_006dde20
006ddee0	FUN_006ddee0
006de900	FUN_006de900
006df7e0	FUN_006df7e0
006e2760	FUN_006e2760
006e2a40	FUN_006e2a40
006e2ba0	FUN_006e2ba0
006e2f00	FUN_006e2f00
006e3000	FUN_006e3000
006e3060	FUN_006e3060
006e3280	FUN_006e3280
006e33e0	FUN_006e33e0
006e34a0	FUN_006e34a0
006e3e20	FUN_006e3e20
006e3ea0	FUN_006e3ea0
006e40c0	FUN_006e40c0
006e4120	FUN_006e4120
006e4220	FUN_006e4220
006e4280	FUN_006e4280
006e4320	FUN_006e4320
006e4720	FUN_006e4720
006e5580	FUN_006e5580
006e55e0	FUN_006e55e0
006e5620	FUN_006e5620
006e5980	FUN_006e5980
006e59e0	FUN_006e59e0
006e5c60	FUN_006e5c60
006e62e0	FUN_006e62e0
006e6700	FUN_006e6700
006e6760	FUN_006e6760
006e68e0	FUN_006e68e0
006e6a80	FUN_006e6a80
006e6ae0	FUN_006e6ae0
006e7680	FUN_006e7680
006e77e0	FUN_006e77e0
006e7840	FUN_006e7840
006e7c40	FUN_006e7c40
006e7e80	FUN_006e7e80
006e7ee0	FUN_006e7ee0
006e8060	FUN_006e8060
006e8480	FUN_006e8480
006e9220	FUN_006e9220
006e9660	FUN_006e9660
006e9880	FUN_006e9880
006e9a00	FUN_006e9a00
006e9b00	FUN_006e9b00
006e9c20	FUN_006e9c20
006e9fc0	FUN_006e9fc0
006ebc40	FUN_006ebc40
006ebde0	FUN_006ebde0
006eca20	FUN_006eca20
006ecce0	FUN_006ecce0
006ece60	FUN_006ece60
006ed5a0	FUN_006ed5a0
006edc80	FUN_006edc80
006ee0c0	FUN_006ee0c0
006ef860	FUN_006ef860
006f0560	FUN_006f0560
006f05e0	FUN_006f05e0
006f10e0	FUN_006f10e0
006f11e0	FUN_006f11e0
006f1dc0	FUN_006f1dc0
006f1fa0	FUN_006f1fa0
006f2fc0	FUN_006f2fc0
006f33c0	FUN_006f33c0
006f3ae0	FUN_006f3ae0
006f3de0	FUN_006f3de0
006f3f80	FUN_006f3f80
006f4100	FUN_006f4100
006f42e0	FUN_006f42e0
006f43a0	FUN_006f43a0
006f5200	FUN_006f5200
006f5660	FUN_006f5660
006f57e0	FUN_006f57e0
006f5860	FUN_006f5860
006f59c0	FUN_006f59c0
006f5be0	FUN_006f5be0
006f6600	FUN_006f6600
006f69a0	FUN_006f69a0
006f7e00	FUN_006f7e00
006f8280	FUN_006f8280
006f8c60	FUN_006f8c60
006f94e0	FUN_006f94e0
006f9da0	FUN_006f9da0
006fa280	FUN_006fa280
006faa00	FUN_006faa00
006fade0	FUN_006fade0
006fb3e0	FUN_006fb3e0
006fb4c0	FUN_006fb4c0
006fb740	FUN_006fb740
006fb7a0	FUN_006fb7a0
006fb9a0	FUN_006fb9a0
00702580	FUN_00702580
00702660	FUN_00702660
007043e0	FUN_007043e0
0070cb60	FUN_0070cb60
0070d060	FUN_0070d060
00711000	FUN_00711000
007136e0	FUN_007136e0
00713860	FUN_00713860
00713a40	FUN_00713a40
007142a0	FUN_007142a0
00714f80	FUN_00714f80
00715c80	FUN_00715c80
00715f20	FUN_00715f20
007160a0	FUN_007160a0
00716540	FUN_00716540
00716c40	FUN_00716c40
00716f60	FUN_00716f60
007181c0	FUN_007181c0
007185e0	FUN_007185e0
007188e0	FUN_007188e0
00718b60	FUN_00718b60
00718d40	FUN_00718d40
007197a0	FUN_007197a0
007198e0	FUN_007198e0
0071aea0	FUN_0071aea0
0071bae0	FUN_0071bae0
0071bca0	FUN_0071bca0
0071c1a0	FUN_0071c1a0
0071cd80	FUN_0071cd80
0071d2a0	FUN_0071d2a0
0071e4a0	FUN_0071e4a0
0071ee20	FUN_0071ee20
0071f480	FUN_0071f480
0071f700	FUN_0071f700
0071fc20	FUN_0071fc20
007204a0	FUN_007204a0
00720680	FUN_00720680
00720920	FUN_00720920
00720bc0	FUN_00720bc0
00720ce0	FUN_00720ce0
00720f00	FUN_00720f00
00722720	FUN_00722720
00722820	FUN_00722820
00722980	FUN_00722980
00722b60	FUN_00722b60
00722d60	FUN_00722d60
00722e80	FUN_00722e80
00723100	FUN_00723100
00723400	FUN_00723400
00723680	FUN_00723680
00723900	FUN_00723900
007239e0	FUN_007239e0
00723ac0	FUN_00723ac0
00723e00	FUN_00723e00
007242a0	FUN_007242a0
00724380	FUN_00724380
00724460	FUN_00724460
00724b20	FUN_00724b20
00724bc0	FUN_00724bc0
00724ca0	FUN_00724ca0
00724d80	FUN_00724d80
00724f40	FUN_00724f40
00725020	FUN_00725020
007250a0	FUN_007250a0
00725240	FUN_00725240
007253a0	FUN_007253a0
00725640	FUN_00725640
007256a0	FUN_007256a0
00727720	FUN_00727720
00728620	FUN_00728620
00728800	FUN_00728800
00728b60	FUN_00728b60
00728fe0	FUN_00728fe0
00729120	FUN_00729120
00729660	FUN_00729660
00729780	FUN_00729780
00729a20	FUN_00729a20
0072a900	FUN_0072a900
0072b460	FUN_0072b460
0072b640	FUN_0072b640
0072b800	FUN_0072b800
0072ba60	FUN_0072ba60
0072bc20	FUN_0072bc20
0072bde0	FUN_0072bde0
0072c240	FUN_0072c240
0072c440	FUN_0072c440
0072c560	FUN_0072c560
0072c720	FUN_0072c720
0072c960	FUN_0072c960
0072ca40	FUN_0072ca40
0072cb20	FUN_0072cb20
0072cca0	FUN_0072cca0
0072cd80	FUN_0072cd80
0072ce00	FUN_0072ce00
0072d040	FUN_0072d040
0072d300	FUN_0072d300
0072d7c0	FUN_0072d7c0
0072e140	FUN_0072e140
0072e660	FUN_0072e660
0072eb20	FUN_0072eb20
0072ef40	FUN_0072ef40
0072f080	FUN_0072f080
0072f180	FUN_0072f180
00730ae0	FUN_00730ae0
00730c60	FUN_00730c60
00730ca0	FUN_00730ca0
00731fe0	FUN_00731fe0
00732480	FUN_00732480
00732800	FUN_00732800
00732960	FUN_00732960
00732b80	FUN_00732b80
00732e20	FUN_00732e20
00733760	FUN_00733760
007337c0	FUN_007337c0
00733940	FUN_00733940
00733ac0	FUN_00733ac0
00733c40	FUN_00733c40
00733de0	FUN_00733de0
00734020	FUN_00734020
007344c0	FUN_007344c0
00734760	FUN_00734760
007348a0	FUN_007348a0
007349e0	FUN_007349e0
00734a40	FUN_00734a40
00734b60	FUN_00734b60
00734ca0	FUN_00734ca0
00734da0	FUN_00734da0
00734f20	FUN_00734f20
007350a0	FUN_007350a0
00735100	FUN_00735100
00735180	FUN_00735180
00735220	FUN_00735220
00735460	FUN_00735460
00735a60	FUN_00735a60
00735b40	FUN_00735b40
00736100	FUN_00736100
007361e0	FUN_007361e0
00736300	FUN_00736300
00736600	FUN_00736600
00736ce0	FUN_00736ce0
00738500	FUN_00738500
00738720	FUN_00738720
00739320	FUN_00739320
00739420	FUN_00739420
00739800	FUN_00739800
00739da0	FUN_00739da0
0073a0a0	FUN_0073a0a0
0073a600	FUN_0073a600
0073a6a0	FUN_0073a6a0
0073a940	FUN_0073a940
0073a9a0	FUN_0073a9a0
0073abe0	FUN_0073abe0
0073b820	FUN_0073b820
0073c960	FUN_0073c960
0073cb00	FUN_0073cb00
0073cc60	FUN_0073cc60
0073cce0	FUN_0073cce0
0073cda0	FUN_0073cda0
0073d140	FUN_0073d140
0073d480	FUN_0073d480
0073dda0	FUN_0073dda0
0073de20	FUN_0073de20
0073e220	FUN_0073e220
0073e360	FUN_0073e360
0073eb00	FUN_0073eb00
0073ec20	FUN_0073ec20
0073eea0	FUN_0073eea0
0073f160	FUN_0073f160
00740080	FUN_00740080
007401c0	FUN_007401c0
007402c0	FUN_007402c0
00740a80	FUN_00740a80
00740c60	FUN_00740c60
00740f20	FUN_00740f20
00740fe0	FUN_00740fe0
00741920	FUN_00741920
00741b40	FUN_00741b40
00741d40	FUN_00741d40
00741e80	FUN_00741e80
00742000	FUN_00742000
00742200	FUN_00742200
00742560	FUN_00742560
00742740	FUN_00742740
007428c0	FUN_007428c0
00742be0	FUN_00742be0
00742c80	FUN_00742c80
007432a0	FUN_007432a0
00743580	FUN_00743580
007438a0	FUN_007438a0
00743ce0	FUN_00743ce0
00744140	FUN_00744140
00744280	FUN_00744280
007447a0	FUN_007447a0
007449a0	FUN_007449a0
00744ea0	FUN_00744ea0
00745880	FUN_00745880
00745e00	FUN_00745e00
00746760	FUN_00746760
00746b40	FUN_00746b40
00746f20	FUN_00746f20
00746fe0	FUN_00746fe0
00747200	FUN_00747200
007475e0	FUN_007475e0
007479c0	FUN_007479c0
00747c20	FUN_00747c20
00748420	FUN_00748420
00748820	FUN_00748820
00748a80	FUN_00748a80
00749360	FUN_00749360
00749840	FUN_00749840
00749920	FUN_00749920
00749a80	FUN_00749a80
00749ba0	FUN_00749ba0
00749e00	FUN_00749e00
0074a200	FUN_0074a200
0074a760	FUN_0074a760
0074aa40	FUN_0074aa40
0074ac40	FUN_0074ac40
0074afc0	FUN_0074afc0
0074b1e0	FUN_0074b1e0
0074b3c0	FUN_0074b3c0
0074b5a0	FUN_0074b5a0
0074b920	FUN_0074b920
0074bb60	FUN_0074bb60
0074bc80	FUN_0074bc80
0074bd80	FUN_0074bd80
0074be40	FUN_0074be40
0074c040	FUN_0074c040
0074c120	FUN_0074c120
0074c360	FUN_0074c360
0074c900	FUN_0074c900
0074cb00	FUN_0074cb00
0074cbc0	FUN_0074cbc0
0074cc80	FUN_0074cc80
0074d080	FUN_0074d080
0074d2a0	FUN_0074d2a0
0074ea00	FUN_0074ea00
0074f740	FUN_0074f740
0074fc80	FUN_0074fc80
0074ff20	FUN_0074ff20
007501a0	FUN_007501a0
007505e0	FUN_007505e0
007508c0	FUN_007508c0
00750960	FUN_00750960
00750d40	FUN_00750d40
00751300	FUN_00751300
00751580	FUN_00751580
007517e0	FUN_007517e0
00751860	FUN_00751860
00751ae0	FUN_00751ae0
00751d40	FUN_00751d40
00751dc0	FUN_00751dc0
00752060	FUN_00752060
00752b40	FUN_00752b40
00753660	FUN_00753660
00753780	FUN_00753780
00753ae0	FUN_00753ae0
00753f60	FUN_00753f60
007548c0	FUN_007548c0
00755160	FUN_00755160
007553c0	FUN_007553c0
00755440	FUN_00755440
00755540	FUN_00755540
00755d20	FUN_00755d20
00755dc0	FUN_00755dc0
00756180	FUN_00756180
007564e0	FUN_007564e0
007565e0	FUN_007565e0
00756da0	FUN_00756da0
00756ea0	FUN_00756ea0
00756f00	FUN_00756f00
00757020	FUN_00757020
007572a0	FUN_007572a0
00757740	FUN_00757740
00757880	FUN_00757880
007579e0	FUN_007579e0
00757c60	FUN_00757c60
00757de0	FUN_00757de0
00758000	FUN_00758000
00758120	FUN_00758120
00758380	FUN_00758380
00758860	FUN_00758860
00758940	FUN_00758940
00758ae0	FUN_00758ae0
00758cc0	FUN_00758cc0
00758e20	FUN_00758e20
00758fe0	FUN_00758fe0
00759560	FUN_00759560
00759800	FUN_00759800
00759be0	FUN_00759be0
00759d20	FUN_00759d20
0075a160	FUN_0075a160
0075a3a0	FUN_0075a3a0
0075a460	FUN_0075a460
0075a520	FUN_0075a520
0075bee0	FUN_0075bee0
0075c580	FUN_0075c580
0075c760	FUN_0075c760
0075cb80	FUN_0075cb80
0075cf80	FUN_0075cf80
0075d580	FUN_0075d580
0075d820	FUN_0075d820
0075d920	FUN_0075d920
0075da80	FUN_0075da80
0075dd80	FUN_0075dd80
0075e440	FUN_0075e440
0075e5c0	FUN_0075e5c0
00760c00	FUN_00760c00
00760d00	FUN_00760d00
00760ea0	FUN_00760ea0
00760f00	FUN_00760f00
00761b40	FUN_00761b40
00761c00	FUN_00761c00
00761d60	FUN_00761d60
00762740	FUN_00762740
00762800	FUN_00762800
007639a0	FUN_007639a0
00763b20	FUN_00763b20
00763b60	FUN_00763b60
007644a0	FUN_007644a0
00764700	FUN_00764700
00764760	FUN_00764760
007648c0	FUN_007648c0
00764a20	FUN_00764a20
00764ae0	FUN_00764ae0
007656a0	FUN_007656a0
00765860	FUN_00765860
00765e20	FUN_00765e20
00765f20	FUN_00765f20
007662e0	FUN_007662e0
00766380	FUN_00766380
007665a0	FUN_007665a0
00766940	FUN_00766940
00766bc0	FUN_00766bc0
00767700	FUN_00767700
00767a40	FUN_00767a40
00767b00	FUN_00767b00
00767c20	FUN_00767c20
00767dc0	FUN_00767dc0
00767f60	FUN_00767f60
00768020	FUN_00768020
00768120	FUN_00768120
007682c0	FUN_007682c0
007688e0	FUN_007688e0
00768b20	FUN_00768b20
00769080	FUN_00769080
007691a0	FUN_007691a0
00769480	FUN_00769480
00769560	FUN_00769560
007696e0	FUN_007696e0
007697e0	FUN_007697e0
00769b60	FUN_00769b60
0076a1a0	FUN_0076a1a0
0076a880	FUN_0076a880
0076a940	FUN_0076a940
0076af60	FUN_0076af60
0076b020	FUN_0076b020
0076b0c0	FUN_0076b0c0
0076b2c0	FUN_0076b2c0
0076b380	FUN_0076b380
0076b5e0	FUN_0076b5e0
0076b7e0	FUN_0076b7e0
0076bae0	FUN_0076bae0
0076bde0	FUN_0076bde0
0076c060	FUN_0076c060
0076c220	FUN_0076c220
0076c280	FUN_0076c280
0076c640	FUN_0076c640
0076cec0	FUN_0076cec0
0076d180	FUN_0076d180
0076d200	FUN_0076d200
0076d740	FUN_0076d740
0076dbc0	FUN_0076dbc0
0076dee0	FUN_0076dee0
0076eac0	FUN_0076eac0
0076f040	FUN_0076f040
0076f760	FUN_0076f760
0076fa80	FUN_0076fa80
0076fae0	FUN_0076fae0
00770220	FUN_00770220
007703e0	FUN_007703e0
007707e0	FUN_007707e0
007709a0	FUN_007709a0
00770ac0	FUN_00770ac0
00770b20	FUN_00770b20
00770c20	FUN_00770c20
00770c80	FUN_00770c80
00770f40	FUN_00770f40
00770fa0	FUN_00770fa0
00771200	FUN_00771200
00771260	FUN_00771260
007712c0	FUN_007712c0
00771540	FUN_00771540
007715a0	FUN_007715a0
00771900	FUN_00771900
00771960	FUN_00771960
007719c0	FUN_007719c0
00771a40	FUN_00771a40
00771b00	FUN_00771b00
00771ba0	FUN_00771ba0
00771ca0	FUN_00771ca0
00772840	FUN_00772840
00773740	FUN_00773740
007737a0	FUN_007737a0
007738e0	FUN_007738e0
00773a80	FUN_00773a80
00773b80	FUN_00773b80
00773d60	FUN_00773d60
00773fc0	FUN_00773fc0
007741a0	FUN_007741a0
007743c0	FUN_007743c0
00774520	FUN_00774520
00774620	FUN_00774620
007746c0	FUN_007746c0
007747e0	FUN_007747e0
00774840	FUN_00774840
00775ce0	FUN_00775ce0
00775ec0	FUN_00775ec0
00775fe0	FUN_00775fe0
007762a0	FUN_007762a0
007764e0	FUN_007764e0
00776820	FUN_00776820
007769c0	FUN_007769c0
00776c20	FUN_00776c20
007772c0	FUN_007772c0
00777640	FUN_00777640
00777840	FUN_00777840
00777920	FUN_00777920
00777a00	FUN_00777a00
00777b00	FUN_00777b00
00777c00	FUN_00777c00
00778180	FUN_00778180
007785a0	FUN_007785a0
007786c0	FUN_007786c0
00778860	FUN_00778860
00778980	FUN_00778980
00778ce0	FUN_00778ce0
00778e80	FUN_00778e80
00779120	FUN_00779120
007792a0	FUN_007792a0
00779800	FUN_00779800
00779920	FUN_00779920
00779b00	FUN_00779b00
00779bc0	FUN_00779bc0
0077a2e0	FUN_0077a2e0
0077a580	FUN_0077a580
0077aaa0	FUN_0077aaa0
0077ab80	FUN_0077ab80
0077af00	FUN_0077af00
0077c000	FUN_0077c000
0077c480	FUN_0077c480
0077c680	FUN_0077c680
0077c960	FUN_0077c960
0077cca0	FUN_0077cca0
0077ce00	FUN_0077ce00
0077d040	FUN_0077d040
0077d180	FUN_0077d180
0077d3e0	FUN_0077d3e0
0077d500	FUN_0077d500
0077d5c0	FUN_0077d5c0
0077dac0	FUN_0077dac0
0077dc80	FUN_0077dc80
0077e540	FUN_0077e540
0077ef40	FUN_0077ef40
0077f160	FUN_0077f160
0077f880	FUN_0077f880
0077fa20	FUN_0077fa20
0077faa0	FUN_0077faa0
00780240	FUN_00780240
00780400	FUN_00780400
00780560	FUN_00780560
00780600	FUN_00780600
007808a0	FUN_007808a0
00780900	FUN_00780900
00780a20	FUN_00780a20
00780aa0	FUN_00780aa0
00781580	FUN_00781580
00781680	FUN_00781680
007816e0	FUN_007816e0
00781940	FUN_00781940
00781aa0	FUN_00781aa0
00782880	FUN_00782880
007829c0	FUN_007829c0
00782c20	FUN_00782c20
00782ee0	FUN_00782ee0
00783f00	FUN_00783f00
00784060	FUN_00784060
00784120	FUN_00784120
00784180	FUN_00784180
00784440	FUN_00784440
007845c0	FUN_007845c0
007846c0	FUN_007846c0
00784720	FUN_00784720
00784860	FUN_00784860
00784940	FUN_00784940
00784a20	FUN_00784a20
00784a80	FUN_00784a80
00784ae0	FUN_00784ae0
00784c80	FUN_00784c80
00784e60	FUN_00784e60
007897c0	FUN_007897c0
00789940	FUN_00789940
00789a80	FUN_00789a80
0078a0c0	FUN_0078a0c0
0078a120	FUN_0078a120
0078a180	FUN_0078a180
0078a3c0	FUN_0078a3c0
0078ace0	FUN_0078ace0
0078af60	FUN_0078af60
0078be60	FUN_0078be60
0078c760	FUN_0078c760
0078ca60	FUN_0078ca60
0078d3a0	FUN_0078d3a0
0078d500	FUN_0078d500
0078d560	FUN_0078d560
0078d6c0	FUN_0078d6c0
0078d720	FUN_0078d720
0078d900	FUN_0078d900
0078da60	FUN_0078da60
0078dac0	FUN_0078dac0
0078dfa0	FUN_0078dfa0
0078e000	FUN_0078e000
0078e220	FUN_0078e220
0078e280	FUN_0078e280
0078e4c0	FUN_0078e4c0
0078ea00	FUN_0078ea00
0078ea60	FUN_0078ea60
0078ecc0	FUN_0078ecc0
0078ed20	FUN_0078ed20
0078eec0	FUN_0078eec0
0078f2e0	FUN_0078f2e0
0078f600	FUN_0078f600
0078f900	FUN_0078f900
0078f9e0	FUN_0078f9e0
0078fb60	FUN_0078fb60
0078fe40	FUN_0078fe40
0078fec0	FUN_0078fec0
0078ff80	FUN_0078ff80
007900a0	FUN_007900a0
00790120	FUN_00790120
00790620	FUN_00790620
00790a20	FUN_00790a20
00790b80	FUN_00790b80
00790d00	FUN_00790d00
00790d80	FUN_00790d80
00791140	FUN_00791140
00791440	FUN_00791440
00791680	FUN_00791680
007917a0	FUN_007917a0
007928c0	FUN_007928c0
00792c80	FUN_00792c80
00793260	FUN_00793260
007935e0	FUN_007935e0
00793660	FUN_00793660
00793ae0	FUN_00793ae0
00794b40	FUN_00794b40
00794c20	FUN_00794c20
00794da0	FUN_00794da0
00794e00	FUN_00794e00
00794f80	FUN_00794f80
00795380	FUN_00795380
00795620	FUN_00795620
00795c40	FUN_00795c40
00795ee0	FUN_00795ee0
00796440	FUN_00796440
00797880	FUN_00797880
00797ba0	FUN_00797ba0
00797de0	FUN_00797de0
00798d60	FUN_00798d60
00798de0	FUN_00798de0
00798f00	FUN_00798f00
00799060	FUN_00799060
00799c80	FUN_00799c80
00799d40	FUN_00799d40
0079a1c0	FUN_0079a1c0
0079a500	FUN_0079a500
0079aac0	FUN_0079aac0
0079af00	FUN_0079af00
0079afc0	FUN_0079afc0
0079b040	FUN_0079b040
0079b0e0	FUN_0079b0e0
0079b180	FUN_0079b180
0079b260	FUN_0079b260
0079b880	FUN_0079b880
0079b940	FUN_0079b940
0079baa0	FUN_0079baa0
0079c020	FUN_0079c020
0079c0c0	FUN_0079c0c0
0079c380	FUN_0079c380
0079c700	FUN_0079c700
0079c8c0	FUN_0079c8c0
0079cb40	FUN_0079cb40
0079cfa0	FUN_0079cfa0
0079d0c0	FUN_0079d0c0
0079d280	FUN_0079d280
0079d4c0	FUN_0079d4c0
0079d740	FUN_0079d740
0079d7a0	FUN_0079d7a0
0079dac0	FUN_0079dac0
0079de80	FUN_0079de80
0079e2e0	FUN_0079e2e0
0079e340	FUN_0079e340
0079e680	FUN_0079e680
0079e760	FUN_0079e760
0079ed20	FUN_0079ed20
0079eea0	FUN_0079eea0
0079f240	FUN_0079f240
0079f360	FUN_0079f360
0079f440	FUN_0079f440
0079fa20	FUN_0079fa20
0079fb20	FUN_0079fb20
0079fbe0	FUN_0079fbe0
0079fc40	FUN_0079fc40
0079fdc0	FUN_0079fdc0
0079fe20	FUN_0079fe20
0079ffa0	FUN_0079ffa0
007a00a0	FUN_007a00a0
007a0100	FUN_007a0100
007a0700	FUN_007a0700
007a1320	FUN_007a1320
007a1380	FUN_007a1380
007a16a0	FUN_007a16a0
007a1a00	FUN_007a1a00
007a2280	FUN_007a2280
007a2500	FUN_007a2500
007a42e0	FUN_007a42e0
007a4580	FUN_007a4580
007a4800	FUN_007a4800
007a4b40	FUN_007a4b40
007a4c20	FUN_007a4c20
007a4d20	FUN_007a4d20
007a4de0	FUN_007a4de0
007a4e40	FUN_007a4e40
007a4f00	FUN_007a4f00
007a5100	FUN_007a5100
007a5240	FUN_007a5240
007a6a20	FUN_007a6a20
007a6ba0	FUN_007a6ba0
007a6ec0	FUN_007a6ec0
007a71c0	FUN_007a71c0
007a72c0	FUN_007a72c0
007a7320	FUN_007a7320
007a7460	FUN_007a7460
007a7620	FUN_007a7620
007a80a0	FUN_007a80a0
007a81e0	FUN_007a81e0
007a8280	FUN_007a8280
007a89c0	FUN_007a89c0
007a8dc0	FUN_007a8dc0
007a8e20	FUN_007a8e20
007a8f00	FUN_007a8f00
007a9260	FUN_007a9260
007a92c0	FUN_007a92c0
007a94c0	FUN_007a94c0
007a95a0	FUN_007a95a0
007a9e20	FUN_007a9e20
007aa100	FUN_007aa100
007aa440	FUN_007aa440
007aa4a0	FUN_007aa4a0
007aa5e0	FUN_007aa5e0
007aa800	FUN_007aa800
007aa860	FUN_007aa860
007aa9a0	FUN_007aa9a0
007aaa60	FUN_007aaa60
007aab20	FUN_007aab20
007ab260	FUN_007ab260
007ab2c0	FUN_007ab2c0
007ab320	FUN_007ab320
007ab760	FUN_007ab760
007ab840	FUN_007ab840
007abaa0	FUN_007abaa0
007abc80	FUN_007abc80
007abce0	FUN_007abce0
007abe40	FUN_007abe40
007abec0	FUN_007abec0
007ac0a0	FUN_007ac0a0
007ac260	FUN_007ac260
007ac2c0	FUN_007ac2c0
007ac300	FUN_007ac300
007ac4a0	FUN_007ac4a0
007ac700	FUN_007ac700
007aca60	FUN_007aca60
007acda0	FUN_007acda0
007afbc0	FUN_007afbc0
007b0240	FUN_007b0240
007b0980	FUN_007b0980
007b0ac0	FUN_007b0ac0
007b1220	FUN_007b1220
007b1320	FUN_007b1320
007b1a80	FUN_007b1a80
007b2200	FUN_007b2200
007b2280	FUN_007b2280
007b2480	FUN_007b2480
007b2500	FUN_007b2500
007b25e0	FUN_007b25e0
007b2e40	FUN_007b2e40
007b30c0	FUN_007b30c0
007b3620	FUN_007b3620
007b37e0	FUN_007b37e0
007b3cc0	FUN_007b3cc0
007b3d20	FUN_007b3d20
007b3f40	FUN_007b3f40
007b4020	FUN_007b4020
007b46e0	FUN_007b46e0
007b4740	FUN_007b4740
007b4800	FUN_007b4800
007b4860	FUN_007b4860
007b4920	FUN_007b4920
007b4980	FUN_007b4980
007b4a60	FUN_007b4a60
007b4b40	FUN_007b4b40
007b4e40	FUN_007b4e40
007b4fa0	FUN_007b4fa0
007b5980	FUN_007b5980
007b7ac0	FUN_007b7ac0
007c2cc0	FUN_007c2cc0
007c31c0	FUN_007c31c0
007c3220	FUN_007c3220
007c33e0	FUN_007c33e0
007c3c40	FUN_007c3c40
007c3f00	FUN_007c3f00
007c49c0	FUN_007c49c0
007c4cc0	FUN_007c4cc0
007c4e20	FUN_007c4e20
007c5080	FUN_007c5080
007c51a0	FUN_007c51a0
007c5780	FUN_007c5780
007c6340	FUN_007c6340
007c6d20	FUN_007c6d20
007c7900	FUN_007c7900
007c7ee0	FUN_007c7ee0
007c87a0	FUN_007c87a0
007c8a20	FUN_007c8a20
007c8e60	FUN_007c8e60
007c90e0	FUN_007c90e0
007c93c0	FUN_007c93c0
007cbca0	FUN_007cbca0
007cdd20	FUN_007cdd20
007ced80	FUN_007ced80
007cf760	FUN_007cf760
007cfe00	FUN_007cfe00
007d0700	FUN_007d0700
007d13c0	FUN_007d13c0
007d1980	FUN_007d1980
007d1a00	FUN_007d1a00
007d1a80	FUN_007d1a80
007d1b00	FUN_007d1b00
007d1b80	FUN_007d1b80
007d2ea0	FUN_007d2ea0
007d2f60	FUN_007d2f60
007d3000	FUN_007d3000
007d45c0	FUN_007d45c0
007d5c40	FUN_007d5c40
007d5f20	FUN_007d5f20
007d6160	FUN_007d6160
007d63a0	FUN_007d63a0
007d6440	FUN_007d6440
007dd200	FUN_007dd200
007df380	FUN_007df380
007e0b40	FUN_007e0b40
007e15a0	FUN_007e15a0
007e4160	FUN_007e4160
007e45a0	FUN_007e45a0
007e4780	FUN_007e4780
007e4880	FUN_007e4880
007e4a20	FUN_007e4a20
007e4c60	FUN_007e4c60
007e4d40	FUN_007e4d40
007e4e20	FUN_007e4e20
007e4fa0	FUN_007e4fa0
007e5080	FUN_007e5080
007e54e0	FUN_007e54e0
007e5640	FUN_007e5640
007e5700	FUN_007e5700
007e5760	FUN_007e5760
007e5820	FUN_007e5820
007e5b40	FUN_007e5b40
007e64e0	FUN_007e64e0
007e67c0	FUN_007e67c0
007e6c40	FUN_007e6c40
007e74e0	FUN_007e74e0
007e7600	FUN_007e7600
007e79e0	FUN_007e79e0
007e7a40	FUN_007e7a40
007e7de0	FUN_007e7de0
007e84a0	FUN_007e84a0
007e8600	FUN_007e8600
007e8760	FUN_007e8760
007e88c0	FUN_007e88c0
007e8920	FUN_007e8920
007e8e80	FUN_007e8e80
007e9020	FUN_007e9020
007e9160	FUN_007e9160
007e94e0	FUN_007e94e0
007e96a0	FUN_007e96a0
007e97c0	FUN_007e97c0
007ea3a0	FUN_007ea3a0
007eb160	FUN_007eb160
007eb460	FUN_007eb460
007eb580	FUN_007eb580
007eb840	FUN_007eb840
007ebb00	FUN_007ebb00
007ebd20	FUN_007ebd20
007ebf40	FUN_007ebf40
007ec0e0	FUN_007ec0e0
007ec480	FUN_007ec480
007ec740	FUN_007ec740
007eca00	FUN_007eca00
007ecde0	FUN_007ecde0
007ed300	FUN_007ed300
007ed660	FUN_007ed660
007ed7e0	FUN_007ed7e0
007edce0	FUN_007edce0
007f0f20	FUN_007f0f20
007f2160	FUN_007f2160
007f2440	FUN_007f2440
007f3c00	FUN_007f3c00
007f4e80	FUN_007f4e80
007f53e0	FUN_007f53e0
007f5ba0	FUN_007f5ba0
007f6420	FUN_007f6420
007f68e0	FUN_007f68e0
007f6b80	FUN_007f6b80
007f6f80	FUN_007f6f80
007f7320	FUN_007f7320
007f78e0	FUN_007f78e0
007f7c20	FUN_007f7c20
007f7e80	FUN_007f7e80
007f7fe0	FUN_007f7fe0
007f8120	FUN_007f8120
007f8180	FUN_007f8180
007fa300	FUN_007fa300
007fa3e0	FUN_007fa3e0
007fa580	FUN_007fa580
007fae80	FUN_007fae80
007fb0e0	FUN_007fb0e0
007fb520	FUN_007fb520
007fb840	FUN_007fb840
007fbce0	FUN_007fbce0
007fc1c0	FUN_007fc1c0
007fc360	FUN_007fc360
007fc620	FUN_007fc620
007fd0c0	FUN_007fd0c0
007fd2a0	FUN_007fd2a0
007fd320	FUN_007fd320
007fd440	FUN_007fd440
007fd500	FUN_007fd500
007fd5c0	FUN_007fd5c0
007fd6e0	FUN_007fd6e0
007fdac0	FUN_007fdac0
007fdd40	FUN_007fdd40
007fdea0	FUN_007fdea0
007fe060	FUN_007fe060
007fe120	FUN_007fe120
007fe180	FUN_007fe180
007ff060	FUN_007ff060
007ff100	FUN_007ff100
007ffbc0	FUN_007ffbc0
007ffc20	FUN_007ffc20
007fff20	FUN_007fff20
00800420	FUN_00800420
00800640	FUN_00800640
00800680	FUN_00800680
00800740	FUN_00800740
008009a0	FUN_008009a0
00800aa0	FUN_00800aa0
00800b00	FUN_00800b00
00800ec0	FUN_00800ec0
008010c0	FUN_008010c0
008014e0	FUN_008014e0
00802460	FUN_00802460
00802a60	FUN_00802a60
00803e40	FUN_00803e40
00803f40	FUN_00803f40
008041a0	FUN_008041a0
008043e0	FUN_008043e0
00804440	FUN_00804440
00804580	FUN_00804580
00804660	FUN_00804660
00804800	FUN_00804800
00804e60	FUN_00804e60
00804f80	FUN_00804f80
00805000	FUN_00805000
00805640	FUN_00805640
00805760	FUN_00805760
00805f80	FUN_00805f80
008063e0	FUN_008063e0
008074a0	FUN_008074a0
00807980	FUN_00807980
00807ba0	FUN_00807ba0
00807ec0	FUN_00807ec0
00808860	FUN_00808860
008091c0	FUN_008091c0
00809560	FUN_00809560
0080b2c0	FUN_0080b2c0
0080b300	FUN_0080b300
0080b780	FUN_0080b780
0080b920	FUN_0080b920
0080c220	FUN_0080c220
0080cb20	FUN_0080cb20
0080cf40	FUN_0080cf40
0080d240	FUN_0080d240
0080d680	FUN_0080d680
0080e180	FUN_0080e180
0080e400	FUN_0080e400
0080ede0	FUN_0080ede0
0080f9c0	FUN_0080f9c0
0080ffa0	FUN_0080ffa0
00810860	FUN_00810860
00810ae0	FUN_00810ae0
00810f20	FUN_00810f20
008111a0	FUN_008111a0
00811480	FUN_00811480
008119a0	FUN_008119a0
008124c0	FUN_008124c0
00813320	FUN_00813320
00813a40	FUN_00813a40
008144e0	FUN_008144e0
00814760	FUN_00814760
00814ca0	FUN_00814ca0
00814f60	FUN_00814f60
00815280	FUN_00815280
00815840	FUN_00815840
00815960	FUN_00815960
00816060	FUN_00816060
00816620	FUN_00816620
00816940	FUN_00816940
00816e00	FUN_00816e00
00817080	FUN_00817080
00817300	FUN_00817300
008174c0	FUN_008174c0
008176e0	FUN_008176e0
00817ec0	FUN_00817ec0
00818720	FUN_00818720
00818b60	FUN_00818b60
00818bc0	FUN_00818bc0
00819160	FUN_00819160
00819440	FUN_00819440
008194a0	FUN_008194a0
00819620	FUN_00819620
00819680	FUN_00819680
008196e0	FUN_008196e0
00819760	FUN_00819760
00819e40	FUN_00819e40
0081a540	FUN_0081a540
0081a600	FUN_0081a600
0081a720	FUN_0081a720
0081b920	FUN_0081b920
0081bee0	FUN_0081bee0
0081c6c0	FUN_0081c6c0
0081c720	FUN_0081c720
0081d0e0	FUN_0081d0e0
0081d5c0	FUN_0081d5c0
0081e0e0	FUN_0081e0e0
0081ef40	FUN_0081ef40
0081f660	FUN_0081f660
00820100	FUN_00820100
00820380	FUN_00820380
008208c0	FUN_008208c0
00820b80	FUN_00820b80
00820ea0	FUN_00820ea0
008219a0	FUN_008219a0
00821c40	FUN_00821c40
00822020	FUN_00822020
00822180	FUN_00822180
008224c0	FUN_008224c0
00822c40	FUN_00822c40
00822f40	FUN_00822f40
00823060	FUN_00823060
00823140	FUN_00823140
008232a0	FUN_008232a0
00823380	FUN_00823380
00823400	FUN_00823400
008234a0	FUN_008234a0
00823660	FUN_00823660
00823800	FUN_00823800
008239a0	FUN_008239a0
00823b60	FUN_00823b60
00823d00	FUN_00823d00
00823f00	FUN_00823f00
00823f40	FUN_00823f40
00823f80	FUN_00823f80
00824040	FUN_00824040
008240c0	FUN_008240c0
008244e0	FUN_008244e0
00824b60	FUN_00824b60
00824ca0	FUN_00824ca0
00824e00	FUN_00824e00
00824f40	FUN_00824f40
00825040	FUN_00825040
008251c0	FUN_008251c0
008253a0	FUN_008253a0
008257e0	FUN_008257e0
00825900	FUN_00825900
00825aa0	FUN_00825aa0
008275c0	FUN_008275c0
00827800	FUN_00827800
00827c60	FUN_00827c60
008287e0	FUN_008287e0
008288a0	FUN_008288a0
00828960	FUN_00828960
00828a20	FUN_00828a20
00828b40	FUN_00828b40
00828ce0	FUN_00828ce0
00829180	FUN_00829180
00829300	FUN_00829300
008294a0	FUN_008294a0
00829660	FUN_00829660
00829760	FUN_00829760
008299a0	FUN_008299a0
00829b20	FUN_00829b20
00829c60	FUN_00829c60
0082a0e0	FUN_0082a0e0
0082a440	FUN_0082a440
0082a6a0	FUN_0082a6a0
0082abc0	FUN_0082abc0
0082ac60	FUN_0082ac60
0082ade0	FUN_0082ade0
0082aee0	FUN_0082aee0
0082b100	FUN_0082b100
0082b6e0	FUN_0082b6e0
0082ba80	FUN_0082ba80
0082bb80	FUN_0082bb80
0082bd60	FUN_0082bd60
0082bdc0	FUN_0082bdc0
0082be80	FUN_0082be80
0082bf40	FUN_0082bf40
0082c040	FUN_0082c040
0082c320	FUN_0082c320
0082c540	FUN_0082c540
0082c840	FUN_0082c840
0082c8e0	FUN_0082c8e0
0082c9c0	FUN_0082c9c0
0082ca80	FUN_0082ca80
0082ce40	FUN_0082ce40
0082d180	FUN_0082d180
00830440	FUN_00830440
008307e0	FUN_008307e0
00830f80	FUN_00830f80
008315c0	FUN_008315c0
00831a80	FUN_00831a80
00831e20	FUN_00831e20
00832060	FUN_00832060
008322c0	FUN_008322c0
00832ca0	FUN_00832ca0
00832e60	FUN_00832e60
00832fe0	FUN_00832fe0
00833100	FUN_00833100
008337a0	FUN_008337a0
00833d60	FUN_00833d60
00834fc0	FUN_00834fc0
00835380	FUN_00835380
00835560	FUN_00835560
00835660	FUN_00835660
00835740	FUN_00835740
00835920	FUN_00835920
00835a00	FUN_00835a00
00835ae0	FUN_00835ae0
00836500	FUN_00836500
00837c00	FUN_00837c00
00839220	FUN_00839220
00839b40	FUN_00839b40
00839f80	FUN_00839f80
0083a2e0	FUN_0083a2e0
0083a520	FUN_0083a520
0083a820	FUN_0083a820
0083a960	FUN_0083a960
0083ab40	FUN_0083ab40
0083ae80	FUN_0083ae80
0083b440	FUN_0083b440
0083b6a0	FUN_0083b6a0
0083b800	FUN_0083b800
0083b860	FUN_0083b860
0083b920	FUN_0083b920
0083bb00	FUN_0083bb00
0083bee0	FUN_0083bee0
0083c480	FUN_0083c480
0083d300	FUN_0083d300
0083d580	FUN_0083d580
0083dc40	FUN_0083dc40
0083de20	FUN_0083de20
0083dfa0	FUN_0083dfa0
0083e9a0	FUN_0083e9a0
0083ea40	FUN_0083ea40
0083ef60	FUN_0083ef60
0083f160	FUN_0083f160
0083f860	FUN_0083f860
0083fc20	FUN_0083fc20
00840600	FUN_00840600
008406c0	FUN_008406c0
00840a80	FUN_00840a80
00841200	FUN_00841200
008413a0	FUN_008413a0
008414a0	FUN_008414a0
00842c20	FUN_00842c20
00842c80	FUN_00842c80
00842d40	FUN_00842d40
00843460	FUN_00843460
00843500	FUN_00843500
008435c0	FUN_008435c0
00843620	FUN_00843620
00843a00	FUN_00843a00
00844140	FUN_00844140
00844240	FUN_00844240
00844400	FUN_00844400
00844500	FUN_00844500
00844760	FUN_00844760
00844ea0	FUN_00844ea0
00845020	FUN_00845020
00845180	FUN_00845180
008451c0	FUN_008451c0
00845300	FUN_00845300
008453a0	FUN_008453a0
00845640	FUN_00845640
00845700	FUN_00845700
00845aa0	FUN_00845aa0
00845bc0	FUN_00845bc0
00846740	FUN_00846740
00847b80	FUN_00847b80
00847d20	FUN_00847d20
00847e00	FUN_00847e00
00848680	FUN_00848680
00848d20	FUN_00848d20
00849b80	FUN_00849b80
00849cc0	FUN_00849cc0
0084a060	FUN_0084a060
0084a3a0	FUN_0084a3a0
0084a700	FUN_0084a700
0084aa20	FUN_0084aa20
0084acc0	FUN_0084acc0
0084b060	FUN_0084b060
0084b820	FUN_0084b820
0084c4a0	FUN_0084c4a0
0084c580	FUN_0084c580
0084c780	FUN_0084c780
0084c940	FUN_0084c940
0084cea0	FUN_0084cea0
00851ba0	FUN_00851ba0
00852440	FUN_00852440
00852540	FUN_00852540
008527c0	FUN_008527c0
00852b80	FUN_00852b80
00852da0	FUN_00852da0
00852fa0	FUN_00852fa0
008530c0	FUN_008530c0
00853640	FUN_00853640
00853780	FUN_00853780
00853c00	FUN_00853c00
00853d80	FUN_00853d80
00854e80	FUN_00854e80
00855160	FUN_00855160
00855780	FUN_00855780
008557e0	FUN_008557e0
00855a00	FUN_00855a00
00855b40	FUN_00855b40
00855e00	FUN_00855e00
00856040	FUN_00856040
00856360	FUN_00856360
00856380	FUN_00856380
00856540	FUN_00856540
00856640	FUN_00856640
008569e0	FUN_008569e0
00856ae0	FUN_00856ae0
00856be0	FUN_00856be0
00856ca0	FUN_00856ca0
008576c0	FUN_008576c0
008585a0	FUN_008585a0
0085b540	FUN_0085b540
0085b820	FUN_0085b820
0085b980	FUN_0085b980
0085bce0	FUN_0085bce0
0085bde0	FUN_0085bde0
0085be40	FUN_0085be40
0085c060	FUN_0085c060
0085c1c0	FUN_0085c1c0
0085c280	FUN_0085c280
0085cc00	FUN_0085cc00
0085cc80	FUN_0085cc80
0085cea0	FUN_0085cea0
0085cf00	FUN_0085cf00
0085d000	FUN_0085d000
0085d060	FUN_0085d060
0085d100	FUN_0085d100
0085d500	FUN_0085d500
0085e380	FUN_0085e380
0085e3e0	FUN_0085e3e0
0085e420	FUN_0085e420
0085e780	FUN_0085e780
0085e7e0	FUN_0085e7e0
0085ea60	FUN_0085ea60
0085f0e0	FUN_0085f0e0
0085f500	FUN_0085f500
0085f560	FUN_0085f560
0085f6e0	FUN_0085f6e0
0085f880	FUN_0085f880
0085f8e0	FUN_0085f8e0
00860480	FUN_00860480
00860780	FUN_00860780
008609a0	FUN_008609a0
00861560	FUN_00861560
008619a0	FUN_008619a0
00861bc0	FUN_00861bc0
00861d60	FUN_00861d60
00861e60	FUN_00861e60
00861f80	FUN_00861f80
00862340	FUN_00862340
00863f40	FUN_00863f40
00864b80	FUN_00864b80
00864e60	FUN_00864e60
00864fe0	FUN_00864fe0
00866940	FUN_00866940
00867620	FUN_00867620
008676a0	FUN_008676a0
008689c0	FUN_008689c0
00868ac0	FUN_00868ac0
00869620	FUN_00869620
00869720	FUN_00869720
0086a680	FUN_0086a680
0086aa80	FUN_0086aa80
0086b180	FUN_0086b180
0086b480	FUN_0086b480
0086b620	FUN_0086b620
0086b7a0	FUN_0086b7a0
0086b980	FUN_0086b980
0086c9a0	FUN_0086c9a0
0086ce00	FUN_0086ce00
0086cf80	FUN_0086cf80
0086d000	FUN_0086d000
0086d160	FUN_0086d160
0086d380	FUN_0086d380
0086dde0	FUN_0086dde0
0086e180	FUN_0086e180
0086fd60	FUN_0086fd60
00870220	FUN_00870220
00870320	FUN_00870320
00871000	FUN_00871000
00871940	FUN_00871940
00872240	FUN_00872240
00872740	FUN_00872740
00872ec0	FUN_00872ec0
008732a0	FUN_008732a0
00873860	FUN_00873860
00873940	FUN_00873940
00873bc0	FUN_00873bc0
0087abe0	FUN_0087abe0
0087ac40	FUN_0087ac40
0087ad20	FUN_0087ad20
0087caa0	FUN_0087caa0
00884d40	FUN_00884d40
00885240	FUN_00885240
00886120	FUN_00886120
00889060	FUN_00889060
00889200	FUN_00889200
0088b8c0	FUN_0088b8c0
0088ba40	FUN_0088ba40
0088bc60	FUN_0088bc60
0088bf00	FUN_0088bf00
0088c020	FUN_0088c020
0088c240	FUN_0088c240
0088ce00	FUN_0088ce00
0088cf00	FUN_0088cf00
0088d060	FUN_0088d060
0088d240	FUN_0088d240
0088d440	FUN_0088d440
0088d560	FUN_0088d560
0088d7e0	FUN_0088d7e0
0088dae0	FUN_0088dae0
0088dd20	FUN_0088dd20
0088dfa0	FUN_0088dfa0
0088e060	FUN_0088e060
0088e120	FUN_0088e120
0088e440	FUN_0088e440
0088e8e0	FUN_0088e8e0
0088e9a0	FUN_0088e9a0
0088ea60	FUN_0088ea60
0088f0e0	FUN_0088f0e0
0088f180	FUN_0088f180
0088f260	FUN_0088f260
0088f340	FUN_0088f340
0088f500	FUN_0088f500
0088f5e0	FUN_0088f5e0
0088f660	FUN_0088f660
0088f800	FUN_0088f800
0088f960	FUN_0088f960
0088fc00	FUN_0088fc00
0088fc60	FUN_0088fc60
00891120	FUN_00891120
00891560	FUN_00891560
00891a80	FUN_00891a80
00891c60	FUN_00891c60
00891d00	FUN_00891d00
008931e0	FUN_008931e0
008933c0	FUN_008933c0
008939a0	FUN_008939a0
00893cc0	FUN_00893cc0
00894540	FUN_00894540
008948a0	FUN_008948a0
00894ea0	FUN_00894ea0
00894f00	FUN_00894f00
008952e0	FUN_008952e0
00895340	FUN_00895340
008955e0	FUN_008955e0
00895ce0	FUN_00895ce0
00896c00	FUN_00896c00
00896ea0	FUN_00896ea0
00897900	FUN_00897900
00897a40	FUN_00897a40
00897be0	FUN_00897be0
00898d60	FUN_00898d60
0089a560	FUN_0089a560
0089bc20	FUN_0089bc20
0089bcc0	FUN_0089bcc0
0089bea0	FUN_0089bea0
008abd20	FUN_008abd20
008ac540	FUN_008ac540
008acaa0	FUN_008acaa0
008ae1e0	FUN_008ae1e0
008afea0	FUN_008afea0
008b00c0	FUN_008b00c0
008b0920	FUN_008b0920
008b0a20	FUN_008b0a20
008b2600	FUN_008b2600
008b2660	FUN_008b2660
008b2740	FUN_008b2740
008b2780	FUN_008b2780
008b2900	FUN_008b2900
008b2960	FUN_008b2960
008b2b40	FUN_008b2b40
008b2be0	FUN_008b2be0
008b2c60	FUN_008b2c60
008b2ce0	FUN_008b2ce0
008b30c0	FUN_008b30c0
008b34e0	FUN_008b34e0
008b3ac0	FUN_008b3ac0
008b4080	FUN_008b4080
008b41e0	FUN_008b41e0
008b44c0	FUN_008b44c0
008b47a0	FUN_008b47a0
008b4f60	FUN_008b4f60
008b5700	FUN_008b5700
008b58a0	FUN_008b58a0
008b59c0	FUN_008b59c0
008b5d80	FUN_008b5d80
008b63c0	FUN_008b63c0
008b64c0	FUN_008b64c0
008b6840	FUN_008b6840
008b68c0	FUN_008b68c0
008ba4c0	FUN_008ba4c0
008bfd60	FUN_008bfd60
008c0100	FUN_008c0100
008c02c0	FUN_008c02c0
008c0500	FUN_008c0500
008c05e0	FUN_008c05e0
008c1fc0	FUN_008c1fc0
008c21a0	FUN_008c21a0
008c2300	FUN_008c2300
008c4760	FUN_008c4760
008c5220	FUN_008c5220
008c58e0	FUN_008c58e0
008c5a40	FUN_008c5a40
008c6240	FUN_008c6240
008c6360	FUN_008c6360
008c6440	FUN_008c6440
008c6860	FUN_008c6860
008c68a0	FUN_008c68a0
008c6ee0	FUN_008c6ee0
008c6f20	FUN_008c6f20
008c71a0	FUN_008c71a0
008c72e0	FUN_008c72e0
008c7420	FUN_008c7420
008c79a0	FUN_008c79a0
008c7f60	FUN_008c7f60
008c81c0	FUN_008c81c0
008c8ee0	FUN_008c8ee0
008c90e0	FUN_008c90e0
008c97c0	FUN_008c97c0
008c98a0	FUN_008c98a0
008c98c0	FUN_008c98c0
008c99a0	FUN_008c99a0
008ca340	FUN_008ca340
008ca520	FUN_008ca520
008ca5c0	FUN_008ca5c0
008ca700	FUN_008ca700
008cb780	FUN_008cb780
008cb880	FUN_008cb880
008cbaa0	FUN_008cbaa0
008cbca0	FUN_008cbca0
008cbd60	FUN_008cbd60
008cbe80	FUN_008cbe80
008cbf20	FUN_008cbf20
008cc1e0	FUN_008cc1e0
008cc360	FUN_008cc360
008cc5c0	FUN_008cc5c0
008ccca0	FUN_008ccca0
008ccd20	FUN_008ccd20
008cd1a0	FUN_008cd1a0
008cf100	FUN_008cf100
008cf4c0	FUN_008cf4c0
008cf700	FUN_008cf700
008cf820	FUN_008cf820
008cf9a0	FUN_008cf9a0
008cfa00	FUN_008cfa00
008cfa80	FUN_008cfa80
008cfca0	FUN_008cfca0
008d02e0	FUN_008d02e0
008d0580	FUN_008d0580
008d1600	FUN_008d1600
008d1940	FUN_008d1940
008d19e0	FUN_008d19e0
008d1aa0	FUN_008d1aa0
008d1fa0	FUN_008d1fa0
008d25c0	FUN_008d25c0
008d2620	FUN_008d2620
008d2900	FUN_008d2900
008d3640	FUN_008d3640
008d36a0	FUN_008d36a0
008d3700	FUN_008d3700
008d3900	FUN_008d3900
008d4120	FUN_008d4120
008d44c0	FUN_008d44c0
008d4520	FUN_008d4520
008d4ba0	FUN_008d4ba0
008d4c00	FUN_008d4c00
008d4c60	FUN_008d4c60
008d4cc0	FUN_008d4cc0
008d50c0	FUN_008d50c0
008d51c0	FUN_008d51c0
008d5220	FUN_008d5220
008d5800	FUN_008d5800
008d5860	FUN_008d5860
008d58c0	FUN_008d58c0
008d5920	FUN_008d5920
008d5d00	FUN_008d5d00
008d5d60	FUN_008d5d60
008d5dc0	FUN_008d5dc0
008d5e20	FUN_008d5e20
008d5ec0	FUN_008d5ec0
008d5f60	FUN_008d5f60
008d6000	FUN_008d6000
008d60a0	FUN_008d60a0
008d6160	FUN_008d6160
008d6460	FUN_008d6460
008d6600	FUN_008d6600
008d6740	FUN_008d6740
008d69a0	FUN_008d69a0
008d6a80	FUN_008d6a80
008d6bc0	FUN_008d6bc0
008d7220	FUN_008d7220
008d79c0	FUN_008d79c0
008d7a20	FUN_008d7a20
008d80c0	FUN_008d80c0
008d8280	FUN_008d8280
008d8360	FUN_008d8360
008d8440	FUN_008d8440
008d8520	FUN_008d8520
008d8620	FUN_008d8620
008d88a0	FUN_008d88a0
008d89e0	FUN_008d89e0
008d8a40	FUN_008d8a40
008d9480	FUN_008d9480
008d96c0	FUN_008d96c0
008d9720	FUN_008d9720
008d9780	FUN_008d9780
008d9960	FUN_008d9960
008d9e60	FUN_008d9e60
008d9fe0	FUN_008d9fe0
008da040	FUN_008da040
008dab60	FUN_008dab60
008dae40	FUN_008dae40
008daea0	FUN_008daea0
008db400	FUN_008db400
008db460	FUN_008db460
008db520	FUN_008db520
008db680	FUN_008db680
008dba00	FUN_008dba00
008dbe60	FUN_008dbe60
008dc160	FUN_008dc160
008dc500	FUN_008dc500
008dc7a0	FUN_008dc7a0
008dce60	FUN_008dce60
008dcfa0	FUN_008dcfa0
008dd4a0	FUN_008dd4a0
008ddf60	FUN_008ddf60
008ddfa0	FUN_008ddfa0
008de160	FUN_008de160
008de4c0	FUN_008de4c0
008de6e0	FUN_008de6e0
008de900	FUN_008de900
008de960	FUN_008de960
008deae0	FUN_008deae0
008deb40	FUN_008deb40
008debe0	FUN_008debe0
008dfb00	FUN_008dfb00
008dfea0	FUN_008dfea0
008e0060	FUN_008e0060
008e00c0	FUN_008e00c0
008e05a0	FUN_008e05a0
008e0600	FUN_008e0600
008e06c0	FUN_008e06c0
008e0a80	FUN_008e0a80
008e0c20	FUN_008e0c20
008e0c80	FUN_008e0c80
008e1020	FUN_008e1020
008e1100	FUN_008e1100
008e1160	FUN_008e1160
008e1940	FUN_008e1940
008e19a0	FUN_008e19a0
008e1a60	FUN_008e1a60
008e1d00	FUN_008e1d00
008e1de0	FUN_008e1de0
008e1e40	FUN_008e1e40
008e1f00	FUN_008e1f00
008e2020	FUN_008e2020
008e2520	FUN_008e2520
008e2580	FUN_008e2580
008e25e0	FUN_008e25e0
008e2900	FUN_008e2900
008e2b20	FUN_008e2b20
008e3ba0	FUN_008e3ba0
008e3be0	FUN_008e3be0
008e40a0	FUN_008e40a0
008e4100	FUN_008e4100
008e4f80	FUN_008e4f80
008e4fc0	FUN_008e4fc0
008e5aa0	FUN_008e5aa0
008e5ae0	FUN_008e5ae0
008e5e40	FUN_008e5e40
008e6480	FUN_008e6480
008e6620	FUN_008e6620
008e6b00	FUN_008e6b00
008e6ca0	FUN_008e6ca0
008e7ca0	FUN_008e7ca0
008e7d40	FUN_008e7d40
008e8180	FUN_008e8180
008e8520	FUN_008e8520
008e8580	FUN_008e8580
008e8960	FUN_008e8960
008e8a00	FUN_008e8a00
008e8b20	FUN_008e8b20
008e8c60	FUN_008e8c60
008e8e00	FUN_008e8e00
008e90e0	FUN_008e90e0
008e94a0	FUN_008e94a0
008e9860	FUN_008e9860
008e9b80	FUN_008e9b80
008ea000	FUN_008ea000
008ea480	FUN_008ea480
008ea580	FUN_008ea580
008ea600	FUN_008ea600
008eada0	FUN_008eada0
008eb000	FUN_008eb000
008eb200	FUN_008eb200
008eb880	FUN_008eb880
008ec0e0	FUN_008ec0e0
008ec480	FUN_008ec480
008eccc0	FUN_008eccc0
008ed400	FUN_008ed400
008ed900	FUN_008ed900
008eda80	FUN_008eda80
008ede00	FUN_008ede00
008ee580	FUN_008ee580
008eed20	FUN_008eed20
008ef900	FUN_008ef900
008efa40	FUN_008efa40
008eff80	FUN_008eff80
008f0080	FUN_008f0080
008f0440	FUN_008f0440
008f08e0	FUN_008f08e0
008f09c0	FUN_008f09c0
008f0a20	FUN_008f0a20
008f0a80	FUN_008f0a80
008f0f00	FUN_008f0f00
008f1600	FUN_008f1600
008f1700	FUN_008f1700
008f21e0	FUN_008f21e0
008f2500	FUN_008f2500
008f2560	FUN_008f2560
008f2620	FUN_008f2620
008f28c0	FUN_008f28c0
008f29a0	FUN_008f29a0
008f2a00	FUN_008f2a00
008f2a60	FUN_008f2a60
008f2d20	FUN_008f2d20
008f31a0	FUN_008f31a0
008f3200	FUN_008f3200
008f3360	FUN_008f3360
008f3fa0	FUN_008f3fa0
008f4260	FUN_008f4260
008f4400	FUN_008f4400
008f44e0	FUN_008f44e0
008f4bc0	FUN_008f4bc0
008f4c20	FUN_008f4c20
008f4ce0	FUN_008f4ce0
008f52c0	FUN_008f52c0
008f5320	FUN_008f5320
008f5360	FUN_008f5360
008f5440	FUN_008f5440
008f5aa0	FUN_008f5aa0
008f5b00	FUN_008f5b00
008f5f00	FUN_008f5f00
008f6240	FUN_008f6240
008f6360	FUN_008f6360
008f6460	FUN_008f6460
008f7a20	FUN_008f7a20
008f7ea0	FUN_008f7ea0
008f8040	FUN_008f8040
008f8b80	FUN_008f8b80
008f8c80	FUN_008f8c80
008f8dc0	FUN_008f8dc0
008f9a40	FUN_008f9a40
008fa0e0	FUN_008fa0e0
008fa180	FUN_008fa180
008fa280	FUN_008fa280
008fa400	FUN_008fa400
008fa560	FUN_008fa560
008fa6c0	FUN_008fa6c0
008fa820	FUN_008fa820
008fa960	FUN_008fa960
008fac00	FUN_008fac00
008fb080	FUN_008fb080
008fb2a0	FUN_008fb2a0
008fba20	FUN_008fba20
008fbce0	FUN_008fbce0
008fbf60	FUN_008fbf60
008fc4e0	FUN_008fc4e0
008fc720	FUN_008fc720
008fc940	FUN_008fc940
008fca60	FUN_008fca60
008fcd80	FUN_008fcd80
008ff080	FUN_008ff080
008ff160	FUN_008ff160
008ff1e0	FUN_008ff1e0
008ff560	FUN_008ff560
008ff660	FUN_008ff660
008ff8e0	FUN_008ff8e0
008ffb80	FUN_008ffb80
008ffd00	FUN_008ffd00
009009a0	FUN_009009a0
00900a40	FUN_00900a40
00900aa0	FUN_00900aa0
00900c60	FUN_00900c60
00901040	FUN_00901040
00901120	FUN_00901120
009014e0	FUN_009014e0
009016a0	FUN_009016a0
00901760	FUN_00901760
00902800	FUN_00902800
00902860	FUN_00902860
00902920	FUN_00902920
00902a60	FUN_00902a60
00902c60	FUN_00902c60
009031c0	FUN_009031c0
00903300	FUN_00903300
009034e0	FUN_009034e0
00903bc0	FUN_00903bc0
00903da0	FUN_00903da0
00904160	FUN_00904160
009044e0	FUN_009044e0
00904920	FUN_00904920
00904980	FUN_00904980
00904f40	FUN_00904f40
00904fa0	FUN_00904fa0
009052a0	FUN_009052a0
00905fa0	FUN_00905fa0
00906000	FUN_00906000
00906300	FUN_00906300
00906360	FUN_00906360
00906860	FUN_00906860
009068c0	FUN_009068c0
00906ae0	FUN_00906ae0
00906be0	FUN_00906be0
00906c40	FUN_00906c40
009070c0	FUN_009070c0
00907400	FUN_00907400
009074e0	FUN_009074e0
009075c0	FUN_009075c0
00907620	FUN_00907620
009076e0	FUN_009076e0
00907b40	FUN_00907b40
00907c40	FUN_00907c40
009081a0	FUN_009081a0
00908200	FUN_00908200
00908260	FUN_00908260
009084a0	FUN_009084a0
00908580	FUN_00908580
00908600	FUN_00908600
009092c0	FUN_009092c0
00909660	FUN_00909660
00909a60	FUN_00909a60
00909ac0	FUN_00909ac0
00909e80	FUN_00909e80
00909f20	FUN_00909f20
00909fc0	FUN_00909fc0
0090a080	FUN_0090a080
0090ab40	FUN_0090ab40
0090b240	FUN_0090b240
0090b2a0	FUN_0090b2a0
0090c480	FUN_0090c480
0090c4c0	FUN_0090c4c0
0090cb00	FUN_0090cb00
0090cc60	FUN_0090cc60
0090cee0	FUN_0090cee0
0090cf80	FUN_0090cf80
0090d0c0	FUN_0090d0c0
0090db20	FUN_0090db20
0090e3e0	FUN_0090e3e0
0090e4e0	FUN_0090e4e0
0090e7a0	FUN_0090e7a0
0090ed40	FUN_0090ed40
0090f280	FUN_0090f280
0090f2e0	FUN_0090f2e0
0090f5e0	FUN_0090f5e0
00910a40	FUN_00910a40
00910ee0	FUN_00910ee0
00910f40	FUN_00910f40
009110a0	FUN_009110a0
00911420	FUN_00911420
00911b80	FUN_00911b80
00911fa0	FUN_00911fa0
00912000	FUN_00912000
009125e0	FUN_009125e0
009126c0	FUN_009126c0
00912780	FUN_00912780
009127e0	FUN_009127e0
009128e0	FUN_009128e0
00912f60	FUN_00912f60
009133e0	FUN_009133e0
00913ae0	FUN_00913ae0
00913be0	FUN_00913be0
009144e0	FUN_009144e0
00914860	FUN_00914860
00914940	FUN_00914940
00914a20	FUN_00914a20
00914a80	FUN_00914a80
00914ae0	FUN_00914ae0
00914fe0	FUN_00914fe0
00915180	FUN_00915180
00915600	FUN_00915600
00915660	FUN_00915660
00915920	FUN_00915920
00915fc0	FUN_00915fc0
009161e0	FUN_009161e0
00916ec0	FUN_00916ec0
00917000	FUN_00917000
00917760	FUN_00917760
00917a60	FUN_00917a60
00917ce0	FUN_00917ce0
00917e40	FUN_00917e40
00917ea0	FUN_00917ea0
00918520	FUN_00918520
00918cc0	FUN_00918cc0
00918d20	FUN_00918d20
00918f40	FUN_00918f40
00918fe0	FUN_00918fe0
009193e0	FUN_009193e0
00919640	FUN_00919640
00919680	FUN_00919680
00919f60	FUN_00919f60
00919fc0	FUN_00919fc0
0091a180	FUN_0091a180
0091a1e0	FUN_0091a1e0
0091a3c0	FUN_0091a3c0
0091a5c0	FUN_0091a5c0
0091a620	FUN_0091a620
0091a7c0	FUN_0091a7c0
0091a820	FUN_0091a820
0091a8e0	FUN_0091a8e0
0091a940	FUN_0091a940
0091acc0	FUN_0091acc0
0091ad20	FUN_0091ad20
0091ae60	FUN_0091ae60
0091aec0	FUN_0091aec0
0091b260	FUN_0091b260
0091b2c0	FUN_0091b2c0
0091bac0	FUN_0091bac0
0091bb60	FUN_0091bb60
0091bc60	FUN_0091bc60
0091d2c0	FUN_0091d2c0
0091d340	FUN_0091d340
0091d740	FUN_0091d740
0091d8a0	FUN_0091d8a0
0091d920	FUN_0091d920
0091db20	FUN_0091db20
0091dca0	FUN_0091dca0
0091df20	FUN_0091df20
0091e8e0	FUN_0091e8e0
0091e9e0	FUN_0091e9e0
0091eaa0	FUN_0091eaa0
0091ebc0	FUN_0091ebc0
0091f0e0	FUN_0091f0e0
0091f1e0	FUN_0091f1e0
0091f2c0	FUN_0091f2c0
0091f300	FUN_0091f300
0091fb80	FUN_0091fb80
00920020	FUN_00920020
009202c0	FUN_009202c0
009203a0	FUN_009203a0
00920400	FUN_00920400
00920680	FUN_00920680
00920800	FUN_00920800
00921260	FUN_00921260
00921960	FUN_00921960
00921de0	FUN_00921de0
009221e0	FUN_009221e0
009223c0	FUN_009223c0
009224e0	FUN_009224e0
00922a80	FUN_00922a80
00923180	FUN_00923180
009236c0	FUN_009236c0
00923720	FUN_00923720
00923a60	FUN_00923a60
00923e20	FUN_00923e20
00924160	FUN_00924160
009244c0	FUN_009244c0
009247a0	FUN_009247a0
00924a80	FUN_00924a80
00924cc0	FUN_00924cc0
00924ea0	FUN_00924ea0
009251e0	FUN_009251e0
00925380	FUN_00925380
00925440	FUN_00925440
00925560	FUN_00925560
00925860	FUN_00925860
00925a30	FUN_00925a30
00925b10	FUN_00925b10
00925c60	FUN_00925c60
00925dc0	FUN_00925dc0
00925df0	FUN_00925df0
00925e40	FUN_00925e40
00925fb0	FUN_00925fb0
00926268	FUN_00926268
00926288	_DT_FINI
0160a000	res_search
0160a008	free
0160a010	__vfprintf_chk
0160a018	__libc_start_main
0160a020	abort
0160a028	__errno_location
0160a030	pthread_cond_broadcast
0160a038	pthread_getattr_np
0160a040	sigaction
0160a048	setenv
0160a050	setresuid
0160a058	pthread_cond_wait
0160a060	mmap
0160a068	setresgid
0160a070	nanosleep
0160a078	gai_strerror
0160a080	pthread_key_create
0160a088	setgroups
0160a090	getnameinfo
0160a098	fputc
0160a0a0	pthread_attr_init
0160a0a8	sigemptyset
0160a0b0	pthread_attr_getstack
0160a0b8	__gmon_start__
0160a0c0	sigfillset
0160a0c8	pthread_attr_setdetachstate
0160a0d0	pthread_mutex_unlock
0160a0d8	malloc
0160a0e0	pthread_sigmask
0160a0e8	setreuid
0160a0f0	setregid
0160a0f8	munmap
0160a100	pthread_create
0160a108	pthread_self
0160a110	setgid
0160a118	unsetenv
0160a120	pthread_attr_destroy
0160a128	sigismember
0160a130	fwrite
0160a138	__fprintf_chk
0160a140	setuid
0160a148	getaddrinfo
0160a150	strerror
0160a158	sigaddset
0160a160	setegid
0160a168	pthread_mutex_lock
0160a170	pthread_attr_getstacksize
0160a178	pthread_setspecific
0160a180	freeaddrinfo
0160a190	seteuid
