0000000000054130	0000000000054140
0000000000054140	0000000000054158
0000000000089f20	0000000000089f89
0000000000089f90	0000000000089fc1
0000000000089fd0	000000000008ae0d
000000000008ae10	000000000008b059
000000000008b060	000000000008b2f7
000000000008b300	000000000008b6d9
000000000008b6e0	000000000008bcc8
000000000008bcd0	000000000008c17a
000000000008c180	000000000008c559
0000000000054180	00000000000541aa
00000000000541b0	00000000000541e2
00000000000541f0	0000000000054254
0000000000054260	00000000000542c4
00000000000542d0	0000000000054334
0000000000054340	00000000000543a4
00000000000543b0	0000000000054414
0000000000054420	000000000005447f
0000000000054480	00000000000544e4
00000000000544f0	0000000000054549
0000000000054550	00000000000545b4
00000000000545c0	000000000005461f
0000000000054620	000000000005468c
0000000000054690	00000000000546ec
00000000000546f0	0000000000054754
0000000000054760	00000000000547d0
00000000000547d0	0000000000054829
0000000000054830	0000000000054876
0000000000054880	00000000000548e4
00000000000548f0	0000000000054964
0000000000054970	00000000000549b6
00000000000549c0	0000000000054a19
0000000000054a20	0000000000054a66
0000000000054a70	0000000000054ad4
000000000008c560	000000000008c73c
000000000008c740	000000000008c908
000000000008c910	000000000008cd55
000000000008cd60	000000000008cf2b
000000000008cf30	000000000008cfbd
0000000000054ad4	0000000000054b1c
0000000000054b1c	0000000000054b6d
0000000000054b70	0000000000054c32
000000000008cfc0	000000000008d36f
000000000008d370	000000000008d96d
000000000008d970	000000000008da5d
000000000008da60	000000000008deae
0000000000054c40	0000000000054c76
000000000008deb0	000000000008e2f3
000000000008e300	000000000008e335
000000000008e340	000000000008e7fc
000000000008e800	000000000008ecbc
000000000008ecc0	000000000008f17c
000000000008f180	000000000008f63c
000000000008f640	000000000008f75e
000000000008f760	000000000008f87e
000000000008f880	000000000008f9f7
000000000008fa00	000000000008fb77
000000000008fb80	000000000008fecb
000000000008fed0	000000000009021b
0000000000090220	000000000009056b
0000000000090570	00000000000908bb
0000000000092cc0	0000000000093374
0000000000093380	0000000000093613
0000000000093620	0000000000093ac7
0000000000054c80	0000000000055118
0000000000093ad0	0000000000093c3f
0000000000093c40	0000000000093daf
0000000000055120	000000000005563f
0000000000055640	0000000000055adb
0000000000093db0	0000000000093f0a
0000000000093f10	0000000000094075
0000000000094080	0000000000094751
0000000000094760	0000000000094f96
0000000000094fa0	000000000009510f
0000000000095110	0000000000095121
0000000000095130	00000000000951a6
00000000000951b0	00000000000951cf
00000000000951d0	00000000000951ef
00000000000951f0	00000000000955a8
0000000000055ae0	0000000000055b17
00000000000955b0	0000000000095806
0000000000095810	000000000009590f
0000000000095910	0000000000096222
0000000000096230	00000000000962fa
0000000000096300	000000000009630f
0000000000096310	000000000009638b
0000000000096390	00000000000963ac
00000000000963b0	0000000000096406
0000000000096410	000000000009642e
0000000000096430	0000000000096495
00000000000964a0	00000000000965b7
00000000000965c0	0000000000096723
0000000000096730	0000000000096755
0000000000096760	00000000000967a3
00000000000967b0	0000000000096844
0000000000096850	000000000009693e
0000000000096940	00000000000969be
00000000000969c0	0000000000096a31
0000000000096a40	0000000000096aa3
0000000000096ab0	0000000000096b23
0000000000096b30	0000000000096b9c
0000000000096ba0	0000000000096c0c
0000000000096c10	0000000000096c8f
0000000000096c90	0000000000096da6
0000000000096db0	0000000000096e10
0000000000096e10	0000000000096e47
0000000000096e50	0000000000096eed
0000000000096ef0	0000000000096f8d
0000000000096f90	0000000000097071
0000000000097080	0000000000097128
0000000000097130	00000000000971dc
00000000000971e0	000000000009728c
0000000000097290	000000000009733c
0000000000097340	00000000000973ec
00000000000973f0	000000000009749c
00000000000974a0	000000000009754c
0000000000097550	00000000000975fc
0000000000097600	00000000000976ac
00000000000976b0	000000000009775c
0000000000097760	000000000009780c
0000000000097810	00000000000978bc
00000000000978c0	000000000009796c
0000000000097970	0000000000097a1c
0000000000097a20	0000000000097acc
0000000000097ad0	0000000000097b7c
0000000000097b80	0000000000097c2c
0000000000097c30	0000000000097cdc
0000000000097ce0	0000000000097d8c
0000000000097d90	0000000000097e61
0000000000097e70	0000000000097f41
0000000000097f50	0000000000097ffc
0000000000098000	00000000000980ac
00000000000980b0	000000000009815c
0000000000098160	000000000009820c
0000000000098210	00000000000982bc
00000000000982c0	000000000009836c
0000000000098370	000000000009841c
0000000000098420	00000000000984cc
00000000000984d0	000000000009857c
0000000000098580	000000000009862c
0000000000098630	00000000000986dc
00000000000986e0	000000000009878c
0000000000098790	000000000009883c
0000000000098840	00000000000988ec
00000000000988f0	000000000009899c
00000000000989a0	0000000000098a4c
0000000000098a50	0000000000098afc
0000000000098b00	0000000000098bac
0000000000098bb0	0000000000098c5c
0000000000098c60	0000000000098d0c
0000000000098d10	0000000000098dbc
0000000000098dc0	0000000000098e6c
0000000000098e70	0000000000098f1c
0000000000098f20	0000000000098fcc
0000000000098fd0	000000000009907c
0000000000099080	000000000009912c
0000000000099130	00000000000991dc
00000000000991e0	000000000009928c
0000000000099290	000000000009933c
0000000000099340	00000000000993ec
00000000000993f0	000000000009949c
00000000000994a0	000000000009954c
0000000000099550	00000000000995fc
0000000000099600	00000000000996ac
00000000000996b0	000000000009975c
0000000000099760	000000000009980c
0000000000099810	00000000000998bc
00000000000998c0	000000000009996c
0000000000099970	0000000000099a1c
0000000000099a20	0000000000099acc
0000000000099ad0	0000000000099b7c
0000000000099b80	0000000000099c2c
0000000000099c30	0000000000099cdc
0000000000099ce0	0000000000099d8c
0000000000099d90	0000000000099e3c
0000000000099e40	0000000000099eec
0000000000099ef0	0000000000099f9c
0000000000099fa0	000000000009a04c
000000000009a050	000000000009a0fc
000000000009a100	000000000009a1ac
000000000009a1b0	000000000009a25c
000000000009a260	000000000009a30c
000000000009a310	000000000009a3bc
000000000009a3c0	000000000009a46c
000000000009a470	000000000009a51c
000000000009a520	000000000009a5cc
000000000009a5d0	000000000009a67c
000000000009a680	000000000009a72c
000000000009a730	000000000009a7dc
000000000009a7e0	000000000009a88c
000000000009a890	000000000009a93c
000000000009a940	000000000009a9ec
000000000009a9f0	000000000009aa9c
000000000009aaa0	000000000009ab4c
000000000009ab50	000000000009abfc
000000000009ac00	000000000009acac
000000000009acb0	000000000009ad5c
000000000009ad60	000000000009ae0c
000000000009ae10	000000000009aebc
000000000009aec0	000000000009af6c
000000000009af70	000000000009b01c
000000000009b020	000000000009b0cc
000000000009b0d0	000000000009b17c
000000000009b180	000000000009b22c
000000000009b230	000000000009b2dc
000000000009b2e0	000000000009b38c
000000000009b390	000000000009b43c
000000000009b440	000000000009b4ec
000000000009b4f0	000000000009b59c
000000000009b5a0	000000000009b64c
000000000009b650	000000000009b6fc
000000000009b700	000000000009b7ac
000000000009b7b0	000000000009b85c
000000000009b860	000000000009b90c
000000000009b910	000000000009b9bc
000000000009b9c0	000000000009ba6c
000000000009ba70	000000000009bb33
000000000009bb40	000000000009bc03
000000000009bc10	000000000009bcd3
000000000009bce0	000000000009bda3
000000000009bdb0	000000000009be5c
000000000009be60	000000000009bf0c
000000000009bf10	000000000009bfbc
000000000009bfc0	000000000009c06c
000000000009c070	000000000009c35a
000000000009c360	000000000009c505
000000000009c510	000000000009c71c
000000000009c720	000000000009c748
000000000009c750	000000000009ca26
000000000009ca30	000000000009cc57
000000000009cc60	000000000009cce7
000000000009ccf0	000000000009ce32
000000000009ce40	000000000009cf6a
000000000009cf70	000000000009d05d
000000000009d060	000000000009d110
000000000009d110	000000000009d17c
000000000009d180	000000000009d1b4
000000000009d1c0	000000000009d1c9
000000000009d1d0	000000000009d229
000000000009d230	000000000009d24e
000000000009d250	000000000009d2c6
000000000009d2d0	000000000009d30e
000000000009d310	000000000009d327
000000000009d330	000000000009d395
000000000009d3a0	000000000009d3cd
000000000009d3d0	000000000009d3d9
000000000009d3e0	000000000009d401
000000000009d410	000000000009d443
000000000009d450	000000000009d471
000000000009d480	000000000009d4e5
000000000009d4f0	000000000009d4f9
000000000009d500	000000000009d56d
000000000009d570	000000000009d5e2
000000000009d5f0	000000000009d639
000000000009d640	000000000009d744
000000000009d750	000000000009e030
000000000009e030	000000000009e31b
000000000009e320	000000000009e416
000000000009e420	000000000009e49c
000000000009e4a0	000000000009e51c
000000000009e520	000000000009eada
000000000009eae0	000000000009ebdc
000000000009ebe0	000000000009ecbf
000000000009ecc0	000000000009ede0
000000000009ede0	000000000009ef03
000000000009ef10	000000000009efab
000000000009efb0	000000000009f0df
000000000009f0e0	000000000009f241
000000000009f250	000000000009f2c3
000000000009f2d0	000000000009f4a0
000000000009f4a0	000000000009f5b4
000000000009f5c0	000000000009f6ac
000000000009f6b0	000000000009f705
000000000009f710	000000000009f7c5
000000000009f7d0	000000000009f97d
000000000009f980	000000000009f9ce
000000000009f9d0	000000000009f9e1
000000000009f9f0	000000000009fb8d
000000000009fb90	000000000009fc15
000000000009fc20	000000000009fead
000000000009feb0	00000000000a0125
00000000000a0130	00000000000a0271
00000000000a0280	00000000000a040c
00000000000a0410	00000000000a049a
00000000000a04a0	00000000000a052a
00000000000a0530	00000000000a05f6
00000000000a0600	00000000000a06c6
00000000000a06d0	00000000000a078a
00000000000a0790	00000000000a0864
00000000000a0870	00000000000a090e
00000000000a0910	00000000000a09b9
00000000000a09c0	00000000000a0a69
00000000000a0a70	00000000000a0b34
00000000000a0b40	00000000000a0bde
00000000000a0be0	00000000000a0c89
00000000000a0c90	00000000000a0d54
00000000000a0d60	00000000000a0e09
00000000000a0e10	00000000000a0ee4
00000000000a0ef0	00000000000a0f9d
00000000000a0fa0	00000000000a1060
00000000000a1060	00000000000a1134
00000000000a1140	00000000000a11f6
00000000000a1200	00000000000a12b7
00000000000a12c0	00000000000a1386
00000000000a1390	00000000000a142d
00000000000a1430	00000000000a14ec
00000000000a14f0	00000000000a15a6
00000000000a15b0	00000000000a1666
00000000000a1670	00000000000a1708
00000000000a1710	00000000000a17ca
00000000000a17d0	00000000000a1886
00000000000a1890	00000000000a198f
00000000000a1990	00000000000a1d12
00000000000a1d20	00000000000a1eb3
00000000000a1ec0	00000000000a1f11
00000000000a1f20	00000000000a2173
00000000000a2180	00000000000a2205
00000000000a2210	00000000000a2303
00000000000a2310	00000000000a25e1
00000000000a25f0	00000000000a289e
00000000000a28a0	00000000000a2b4e
00000000000a2b50	00000000000a2bf7
00000000000a2c00	00000000000a2ca4
00000000000a2cb0	00000000000a2d54
00000000000a2d60	00000000000a2e56
00000000000a2e60	00000000000a31f1
00000000000a3200	00000000000a3591
00000000000a35a0	00000000000a3a33
00000000000a3a40	00000000000a3ed3
00000000000a3ee0	00000000000a3fca
00000000000a3fd0	00000000000a4060
00000000000a4060	00000000000a42a0
00000000000a42a0	00000000000a44e0
00000000000a44e0	00000000000a4556
00000000000a4560	00000000000a45dd
00000000000a45e0	00000000000a46bf
00000000000a46c0	00000000000a4818
00000000000a4820	00000000000a4943
00000000000a4950	00000000000a4a7b
00000000000a4a80	00000000000a4b40
00000000000a4b40	00000000000a4c00
00000000000a4c00	00000000000a4d91
00000000000a4da0	00000000000a505b
00000000000a5060	00000000000a53b0
00000000000a53b0	00000000000a5433
00000000000a5440	00000000000a567f
00000000000a5680	00000000000a598a
00000000000a5990	00000000000a5b46
00000000000a5b50	00000000000a5d4b
00000000000a5d50	00000000000a5fd9
00000000000a5fe0	00000000000a610c
00000000000a6110	00000000000a62a3
00000000000a62b0	00000000000a65c4
00000000000a65d0	00000000000a6721
00000000000a6730	00000000000a6913
00000000000a6920	00000000000a6a4c
00000000000a6a50	00000000000a6b19
00000000000a6b20	00000000000a6be0
00000000000a6be0	00000000000a6d22
00000000000a6d30	00000000000a6e18
00000000000a6e20	00000000000a6e87
00000000000a6e90	00000000000a6f1f
00000000000a6f20	00000000000a72bb
00000000000a72c0	00000000000a73a6
00000000000a73b0	00000000000a7431
00000000000a7440	00000000000a76d0
00000000000a76d0	00000000000a7a0c
00000000000a7a10	00000000000a7acd
00000000000a7ad0	00000000000a7b67
00000000000a7b70	00000000000a7d05
00000000000a7d10	00000000000a7dbe
00000000000a7dc0	00000000000a7e18
00000000000a7e20	00000000000a7ed9
00000000000a7ee0	00000000000a7f2c
00000000000a7f30	00000000000a8091
00000000000a80a0	00000000000a8211
00000000000a8220	00000000000a8381
00000000000a8390	00000000000a83e1
00000000000a83f0	00000000000a8484
00000000000a8490	00000000000a8586
00000000000a8590	00000000000a8750
00000000000a8750	00000000000a886c
00000000000a8870	00000000000a8a62
00000000000a8a70	00000000000a8b3f
00000000000a8b40	00000000000a8cb4
00000000000a8cc0	00000000000a8e42
00000000000a8e50	00000000000a8f22
00000000000a8f30	00000000000a8fe9
00000000000a8ff0	00000000000a9172
00000000000a9180	00000000000a9256
00000000000a9260	00000000000a9304
00000000000a9310	00000000000a93e2
00000000000a93f0	00000000000a94d2
00000000000a94e0	00000000000a95ee
00000000000a95f0	00000000000a97b3
00000000000a97c0	00000000000a98cf
00000000000a98d0	00000000000a9974
00000000000a9980	00000000000a9a7d
00000000000a9a80	00000000000a9b07
00000000000a9b10	00000000000a9bd6
00000000000a9be0	00000000000a9c84
00000000000a9c90	00000000000a9de9
00000000000a9df0	00000000000a9f18
00000000000a9f20	00000000000aa0a0
00000000000aa0a0	00000000000aa205
00000000000aa210	00000000000aa2f9
00000000000aa300	00000000000aa590
00000000000aa590	00000000000aa6a5
00000000000aa6b0	00000000000aa7be
00000000000aa7c0	00000000000aa9cb
00000000000aa9d0	00000000000aab76
00000000000aab80	00000000000aac4c
00000000000aac50	00000000000aada7
00000000000aadb0	00000000000aae41
00000000000aae50	00000000000ab052
00000000000ab060	00000000000ab15c
00000000000ab160	00000000000ab2f8
00000000000ab300	00000000000ab46d
00000000000ab470	00000000000ab5d7
00000000000ab5e0	00000000000ab770
00000000000ab770	00000000000abae6
00000000000abaf0	00000000000abcfd
00000000000abd00	00000000000abf0f
00000000000abf10	00000000000ac002
00000000000ac010	00000000000ac2b6
00000000000ac2c0	00000000000ac41b
00000000000ac420	00000000000ac65c
00000000000ac660	00000000000ac958
00000000000ac960	00000000000aca67
00000000000aca70	00000000000accb9
00000000000accc0	00000000000acd89
00000000000acd90	00000000000ace56
00000000000ace60	00000000000ad043
00000000000ad050	00000000000ad30a
00000000000ad310	00000000000ad3b8
00000000000ad3c0	00000000000ad522
00000000000ad530	00000000000ad5f6
00000000000ad600	00000000000ad88f
00000000000ad890	00000000000ada58
00000000000ada60	00000000000adc1e
00000000000adc20	00000000000adccc
00000000000adcd0	00000000000add91
00000000000adda0	00000000000ae02d
00000000000ae030	00000000000ae492
00000000000ae4a0	00000000000ae652
00000000000ae660	00000000000ae809
00000000000ae810	00000000000ae8a7
00000000000ae8b0	00000000000ae92a
00000000000ae930	00000000000aea21
00000000000aea30	00000000000aeb1a
00000000000aeb20	00000000000aec80
00000000000aec80	00000000000aedfd
00000000000aee00	00000000000aee88
00000000000aee90	00000000000af052
00000000000af060	00000000000af1c9
00000000000af1d0	00000000000af5f1
00000000000af600	00000000000af726
00000000000af730	00000000000afa85
00000000000afa90	00000000000afbf7
00000000000afc00	00000000000afcb9
00000000000afcc0	00000000000b00cd
00000000000b00d0	00000000000b01b5
00000000000b01c0	00000000000b03bc
00000000000b03c0	00000000000b06c1
00000000000b06d0	00000000000b07ad
00000000000b07b0	00000000000b085c
00000000000b0860	00000000000b0b50
00000000000b0b50	00000000000b0c9f
00000000000b0ca0	00000000000b0e61
00000000000b0e70	00000000000b10f0
00000000000b10f0	00000000000b1502
00000000000b1510	00000000000b167e
00000000000b1680	00000000000b1885
00000000000b1890	00000000000b1a0f
00000000000b1a10	00000000000b1b41
00000000000b1b50	00000000000b1e55
00000000000b1e60	00000000000b2062
00000000000b2070	00000000000b226e
00000000000b2270	00000000000b22a3
00000000000b22b0	00000000000b2333
00000000000b2340	00000000000b2373
00000000000b2380	00000000000b23a4
00000000000b23b0	00000000000b23d9
00000000000b23e0	00000000000b2446
00000000000b2450	00000000000b2455
00000000000b2460	00000000000b2488
00000000000b2490	00000000000b24ad
00000000000b24b0	00000000000b24c1
00000000000b24d0	00000000000b25c0
00000000000b25c0	00000000000b2a2a
00000000000b2a30	00000000000b2a90
00000000000b2a90	00000000000b2ac3
00000000000b2ad0	00000000000b2b16
00000000000b2b20	00000000000b2b32
00000000000b2b40	00000000000b2bac
00000000000b2bb0	00000000000b2c74
00000000000b2c80	00000000000b2c91
00000000000b2ca0	00000000000b2f3e
00000000000b2f40	00000000000b2f98
00000000000b2fa0	00000000000b30d3
00000000000b30e0	00000000000b31a3
00000000000b31b0	00000000000b324f
00000000000b3250	00000000000b325f
00000000000b3260	00000000000b375c
00000000000b3760	00000000000b37c0
00000000000b37c0	00000000000b37f9
00000000000b3800	00000000000b3a69
00000000000b3a70	00000000000b3aba
00000000000b3ac0	00000000000b3af7
00000000000b3b00	00000000000b3c04
00000000000b3c10	00000000000b45c8
00000000000b45d0	00000000000b4d72
00000000000b4d80	00000000000b5147
00000000000b5150	00000000000b51b0
00000000000b51b0	00000000000b5279
00000000000b5280	00000000000b55a4
00000000000b55b0	00000000000b5636
00000000000b5640	00000000000b56f4
00000000000b5700	00000000000b5719
00000000000b5720	00000000000b5c70
00000000000b5c70	00000000000b60f2
00000000000b6100	00000000000b6484
00000000000b6490	00000000000b6523
00000000000b6530	00000000000b66b1
00000000000b66c0	00000000000b6795
00000000000b67a0	00000000000b683b
00000000000b6840	00000000000b691d
00000000000b6920	00000000000b69e2
00000000000b69f0	00000000000b6a5d
0000000000055b17	0000000000055b4e
00000000000b6a60	00000000000b7671
00000000000b7680	00000000000b8291
00000000000b82a0	00000000000b8894
00000000000b88a0	00000000000b8e94
00000000000b8ea0	00000000000b8fad
00000000000b8fb0	00000000000b90b9
00000000000b90c0	00000000000be1b1
00000000000be1c0	00000000000be227
00000000000be230	00000000000be28a
00000000000be290	00000000000be2a4
00000000000be2b0	00000000000be474
00000000000be480	00000000000be656
00000000000be660	00000000000be66c
00000000000be670	00000000000be67c
00000000000be680	00000000000be68c
00000000000be690	00000000000be69c
00000000000be6a0	00000000000be6ac
00000000000be6b0	00000000000be6bc
00000000000be6c0	00000000000be6cc
00000000000be6d0	00000000000be6dc
00000000000be6e0	00000000000be6ec
00000000000be6f0	00000000000be6fc
00000000000be700	00000000000be70c
00000000000be710	00000000000be71c
00000000000be720	00000000000be72c
00000000000be730	00000000000be73c
00000000000be740	00000000000be74c
00000000000be750	00000000000be75c
00000000000be760	00000000000be76c
00000000000be770	00000000000be77c
00000000000be780	00000000000be78c
00000000000be790	00000000000be79c
00000000000be7a0	00000000000be7ac
00000000000be7b0	00000000000be7bc
00000000000be7c0	00000000000be84b
00000000000be850	00000000000be895
00000000000be8a0	00000000000be8c0
00000000000be8c0	00000000000be93a
00000000000be940	00000000000be957
00000000000be960	00000000000be994
00000000000be9a0	00000000000be9c8
00000000000be9d0	00000000000bea14
00000000000bea20	00000000000bea48
00000000000bea50	00000000000beaca
00000000000bead0	00000000000beb4d
00000000000beb50	00000000000bebd5
00000000000bebe0	00000000000bec29
00000000000bec30	00000000000bec3b
00000000000bec40	00000000000bec4b
00000000000bec50	00000000000bec5b
00000000000bec60	00000000000bec6b
00000000000bec70	00000000000bec7b
00000000000bec80	00000000000bec8b
00000000000bec90	00000000000bec9b
00000000000beca0	00000000000becab
00000000000becb0	00000000000becbb
00000000000becc0	00000000000beccb
00000000000becd0	00000000000becdb
00000000000bece0	00000000000beceb
00000000000becf0	00000000000becfb
00000000000bed00	00000000000bed0b
00000000000bed10	00000000000bed1b
00000000000bed20	00000000000bed2b
00000000000bed30	00000000000bed3b
00000000000bed40	00000000000bed4b
00000000000bed50	00000000000bed5b
00000000000bed60	00000000000bed6b
00000000000bed70	00000000000bed7b
00000000000bed80	00000000000bed8b
00000000000bed90	00000000000bedb1
00000000000bedc0	00000000000bede1
00000000000bedf0	00000000000bee11
00000000000bee20	00000000000bee41
00000000000bee50	00000000000bee71
00000000000bee80	00000000000beea1
00000000000beeb0	00000000000beed1
00000000000beee0	00000000000bef01
00000000000bef10	00000000000bef31
00000000000bef40	00000000000bef88
00000000000bef90	00000000000befd8
00000000000befe0	00000000000bf028
00000000000bf030	00000000000bf078
00000000000bf080	00000000000bf0c8
00000000000bf0d0	00000000000bf109
00000000000bf110	00000000000bf1b0
00000000000bf1b0	00000000000bf216
00000000000bf220	00000000000bf2b5
00000000000bf2c0	00000000000bf2d7
00000000000bf2e0	00000000000bf333
00000000000bf340	00000000000bf36c
00000000000bf370	00000000000bf3e5
00000000000bf3f0	00000000000bf44c
00000000000bf450	00000000000bf4ac
00000000000bf4b0	00000000000bf50c
00000000000bf510	00000000000bf56c
00000000000bf570	00000000000bf5cc
00000000000bf5d0	00000000000bf62b
00000000000bf630	00000000000bf68c
00000000000bf690	00000000000bf6eb
00000000000bf6f0	00000000000bf74c
00000000000bf750	00000000000bf7ab
00000000000bf7b0	00000000000bf814
00000000000bf820	00000000000bf874
00000000000bf880	00000000000bf8dc
00000000000bf8e0	00000000000bf93f
00000000000bf940	00000000000bf994
00000000000bf9a0	00000000000bf9c4
00000000000bf9d0	00000000000bfa2c
00000000000bfa30	00000000000bfa9c
00000000000bfaa0	00000000000bfac4
00000000000bfad0	00000000000bfb24
00000000000bfb30	00000000000bfb54
00000000000bfb60	00000000000bfbbc
0000000000055b50	00000000000561a4
00000000000bfbc0	00000000000bfbf4
00000000000bfc00	00000000000c021e
00000000000c0220	00000000000c07af
00000000000c07b0	00000000000c0ca9
00000000000c0cb0	00000000000c0e9f
00000000000c0ea0	00000000000c0eb1
00000000000c0ec0	00000000000c0ef1
00000000000c0f00	00000000000c0f14
00000000000c0f20	00000000000c0f29
00000000000c0f30	00000000000c123f
00000000000c1240	00000000000c15fd
00000000000c1600	00000000000c1605
00000000000c1610	00000000000c17a2
00000000000c17b0	00000000000c1905
00000000000c1910	00000000000c1a65
00000000000c1a70	00000000000c1b89
00000000000c1b90	00000000000c1ca9
00000000000c1cb0	00000000000c1d61
00000000000c1d70	00000000000c1e21
00000000000c1e30	00000000000c1ee1
00000000000c1ef0	00000000000c1fe6
00000000000c1ff0	00000000000c20e6
00000000000c20f0	00000000000c21a1
00000000000c21b0	00000000000c2264
00000000000c2270	00000000000c2324
00000000000c2330	00000000000c23e4
00000000000c23f0	00000000000c24a4
00000000000c24b0	00000000000c2564
00000000000c2570	00000000000c2624
00000000000c2630	00000000000c26e4
00000000000c26f0	00000000000c27a4
00000000000c27b0	00000000000c2864
00000000000c2870	00000000000c2924
00000000000c2930	00000000000c29e4
00000000000c29f0	00000000000c2aa4
00000000000c2ab0	00000000000c2b64
00000000000c2b70	00000000000c2c24
00000000000c2c30	00000000000c2ce4
00000000000c2cf0	00000000000c2da4
00000000000c2db0	00000000000c2e64
00000000000c2e70	00000000000c2f24
00000000000c2f30	00000000000c2fe4
00000000000c2ff0	00000000000c30a4
00000000000c30b0	00000000000c3164
00000000000c3170	00000000000c3224
00000000000c3230	00000000000c32e4
00000000000c32f0	00000000000c33a4
00000000000c33b0	00000000000c3464
00000000000c3470	00000000000c3524
00000000000c3530	00000000000c35e4
00000000000c35f0	00000000000c36a4
00000000000c36b0	00000000000c3764
00000000000c3770	00000000000c3824
00000000000c3830	00000000000c38e4
00000000000c38f0	00000000000c39a4
00000000000c39b0	00000000000c3a64
00000000000c3a70	00000000000c3b24
00000000000c3b30	00000000000c3be4
00000000000c3bf0	00000000000c3ca4
00000000000c3cb0	00000000000c3d64
00000000000c3d70	00000000000c3e24
00000000000c3e30	00000000000c3ee4
00000000000c3ef0	00000000000c3fa4
00000000000c3fb0	00000000000c4064
00000000000c4070	00000000000c4124
00000000000c4130	00000000000c41f4
00000000000c4200	00000000000c42b4
00000000000c42c0	00000000000c4374
00000000000c4380	00000000000c4434
00000000000c4440	00000000000c44f4
00000000000c4500	00000000000c4627
00000000000c4630	00000000000c46e4
00000000000c46f0	00000000000c47a4
00000000000c47b0	00000000000c4864
00000000000c4870	00000000000c4924
00000000000c4930	00000000000c49e4
00000000000c49f0	00000000000c4aa4
00000000000c4ab0	00000000000c4b64
00000000000c4b70	00000000000c4c24
00000000000c4c30	00000000000c4ce1
00000000000c4cf0	00000000000c4db4
00000000000c4dc0	00000000000c4e84
00000000000c4e90	00000000000c4f44
00000000000c4f50	00000000000c5004
00000000000c5010	00000000000c5049
00000000000c5050	00000000000c5089
00000000000c5090	00000000000c5095
00000000000c50a0	00000000000c50a5
00000000000c50b0	00000000000c50b5
00000000000c50c0	00000000000c50c5
00000000000c50d0	00000000000c5109
00000000000c5110	00000000000c5115
00000000000c5120	00000000000c5159
00000000000c5160	00000000000c5199
00000000000c51a0	00000000000c51d9
00000000000c51e0	00000000000c5219
00000000000c5220	00000000000c5259
00000000000c5260	00000000000c5299
00000000000c52a0	00000000000c52d9
00000000000c52e0	00000000000c5319
00000000000c5320	00000000000c5359
00000000000c5360	00000000000c5399
00000000000c53a0	00000000000c53d9
00000000000c53e0	00000000000c5419
00000000000c5420	00000000000c5459
00000000000c5460	00000000000c5499
00000000000c54a0	00000000000c54d9
00000000000c54e0	00000000000c54e5
00000000000c54f0	00000000000c54f5
00000000000c5500	00000000000c5539
00000000000c5540	00000000000c5579
00000000000c5580	00000000000c55b9
00000000000c55c0	00000000000c55f9
00000000000c5600	00000000000c5605
00000000000c5610	00000000000c5615
00000000000c5620	00000000000c5625
00000000000c5630	00000000000c5635
00000000000c5640	00000000000c5645
00000000000c5650	00000000000c5655
00000000000c5660	00000000000c5665
00000000000c5670	00000000000c5675
00000000000c5680	00000000000c5685
00000000000c5690	00000000000c5695
00000000000c56a0	00000000000c56a5
00000000000c56b0	00000000000c56b5
00000000000c56c0	00000000000c56f9
00000000000c5700	00000000000c5739
00000000000c5740	00000000000c5745
00000000000c5750	00000000000c5755
00000000000c5760	00000000000c5799
00000000000c57a0	00000000000c57d9
00000000000c57e0	00000000000c5819
00000000000c5820	00000000000c5859
00000000000c5860	00000000000c5865
00000000000c5870	00000000000c5875
00000000000c5880	00000000000c58b9
00000000000c58c0	00000000000c58f9
00000000000c5900	00000000000c5905
00000000000c5910	00000000000c5915
00000000000c5920	00000000000c5925
00000000000c5930	00000000000c5935
00000000000c5940	00000000000c5945
00000000000c5950	00000000000c5955
00000000000c5960	00000000000c5999
00000000000c59a0	00000000000c59d9
00000000000c59e0	00000000000c5a19
00000000000c5a20	00000000000c5a59
00000000000c5a60	00000000000c5a99
00000000000c5aa0	00000000000c5ad9
00000000000c5ae0	00000000000c5b19
00000000000c5b20	00000000000c5b59
00000000000c5b60	00000000000c5b99
00000000000c5ba0	00000000000c5bd9
00000000000c5be0	00000000000c5c19
00000000000c5c20	00000000000c5c59
00000000000c5c60	00000000000c5c65
00000000000c5c70	00000000000c5c75
00000000000c5c80	00000000000c5c85
00000000000c5c90	00000000000c5c95
00000000000c5ca0	00000000000c5cd9
00000000000c5ce0	00000000000c5d19
00000000000c5d20	00000000000c5d59
00000000000c5d60	00000000000c5d99
00000000000c5da0	00000000000c5dd9
00000000000c5de0	00000000000c5e19
00000000000c5e20	00000000000c5e59
00000000000c5e60	00000000000c5e99
00000000000c5ea0	00000000000c5ed9
00000000000c5ee0	00000000000c5f19
00000000000c5f20	00000000000c5f59
00000000000c5f60	00000000000c5f99
00000000000c5fa0	00000000000c5fd9
00000000000c5fe0	00000000000c6019
00000000000c6020	00000000000c6059
00000000000c6060	00000000000c6099
00000000000c60a0	00000000000c60d9
00000000000c60e0	00000000000c6119
00000000000c6120	00000000000c6125
00000000000c6130	00000000000c6135
00000000000c6140	00000000000c6179
00000000000c6180	00000000000c61b9
00000000000c61c0	00000000000c61f9
00000000000c6200	00000000000c6239
00000000000c6240	00000000000c6279
00000000000c6280	00000000000c62b9
00000000000c62c0	00000000000c62f9
00000000000c6300	00000000000c6339
00000000000c6340	00000000000c6379
00000000000c6380	00000000000c63b9
00000000000c63c0	00000000000c63f9
00000000000c6400	00000000000c6439
00000000000c6440	00000000000c6479
00000000000c6480	00000000000c64b9
00000000000c64c0	00000000000c64f9
00000000000c6500	00000000000c6539
00000000000c6540	00000000000c6579
00000000000c6580	00000000000c65b9
00000000000c65c0	00000000000c65f9
00000000000c6600	00000000000c6639
00000000000c6640	00000000000c6679
00000000000c6680	00000000000c66b9
00000000000c66c0	00000000000c66c5
00000000000c66d0	00000000000c66d5
00000000000c66e0	00000000000c6719
00000000000c6720	00000000000c6759
00000000000c6760	00000000000c6799
00000000000c67a0	00000000000c67d9
00000000000c67e0	00000000000c6819
00000000000c6820	00000000000c6859
00000000000c6860	00000000000c6899
00000000000c68a0	00000000000c68d9
00000000000c68e0	00000000000c6919
00000000000c6920	00000000000c6959
00000000000c6960	00000000000c6999
00000000000c69a0	00000000000c69d9
00000000000c69e0	00000000000c69e5
00000000000c69f0	00000000000c69f5
00000000000c6a00	00000000000c6a39
00000000000c6a40	00000000000c6a79
00000000000c6a80	00000000000c6ab9
00000000000c6ac0	00000000000c6af9
00000000000c6b00	00000000000c6b05
00000000000c6b10	00000000000c6b15
00000000000c6b20	00000000000c6b59
00000000000c6b60	00000000000c6b99
00000000000c6ba0	00000000000c6ba5
00000000000c6bb0	00000000000c6bb5
00000000000c6bc0	00000000000c6bf9
00000000000c6c00	00000000000c6c39
00000000000c6c40	00000000000c6c45
00000000000c6c50	00000000000c6c55
00000000000c6c60	00000000000c6c99
00000000000c6ca0	00000000000c6cd9
00000000000c6ce0	00000000000c6d19
00000000000c6d20	00000000000c6d59
00000000000c6d60	00000000000c6d99
00000000000c6da0	00000000000c6dd9
00000000000c6de0	00000000000c6e19
00000000000c6e20	00000000000c6e59
00000000000c6e60	00000000000c6e65
00000000000c6e70	00000000000c6e75
00000000000c6e80	00000000000c6e85
00000000000c6e90	00000000000c6e95
00000000000c6ea0	00000000000c6ea5
00000000000c6eb0	00000000000c6eb5
00000000000c6ec0	00000000000c6ef9
00000000000c6f00	00000000000c6f39
00000000000c6f40	00000000000c6f79
00000000000c6f80	00000000000c6fb9
00000000000c6fc0	00000000000c6ff9
00000000000c7000	00000000000c7039
00000000000c7040	00000000000c7079
00000000000c7080	00000000000c70b9
00000000000c70c0	00000000000c72b5
00000000000c72c0	00000000000c74b5
00000000000c74c0	00000000000c75f8
00000000000c7600	00000000000c7738
00000000000c7740	00000000000c7878
00000000000c7880	00000000000c79b8
00000000000c79c0	00000000000c7a9f
00000000000c7aa0	00000000000c7be5
00000000000c7bf0	00000000000c7df4
00000000000c7e00	00000000000c7ffe
00000000000c8000	00000000000c81fe
00000000000c8200	00000000000c83fe
00000000000c8400	00000000000c85fe
00000000000c8600	00000000000c87fe
00000000000c8800	00000000000c89fe
00000000000c8a00	00000000000c8bfe
00000000000c8c00	00000000000c8dfe
00000000000c8e00	00000000000c8ffe
00000000000c9000	00000000000c91fe
00000000000c9200	00000000000c93fe
00000000000c9400	00000000000c95fe
00000000000c9600	00000000000c97fe
00000000000c9800	00000000000c99fe
00000000000c9a00	00000000000c9b45
00000000000c9b50	00000000000c9c95
00000000000c9ca0	00000000000c9e9e
00000000000c9ea0	00000000000ca09e
00000000000ca0a0	00000000000ca29e
00000000000ca2a0	00000000000ca49e
00000000000ca4a0	00000000000ca5e5
00000000000ca5f0	00000000000ca735
00000000000ca740	00000000000ca885
00000000000ca890	00000000000ca9d5
00000000000ca9e0	00000000000cab25
00000000000cab30	00000000000cac75
00000000000cac80	00000000000cadc5
00000000000cadd0	00000000000caf15
00000000000caf20	00000000000cb065
00000000000cb070	00000000000cb1b5
00000000000cb1c0	00000000000cb305
00000000000cb310	00000000000cb455
00000000000cb460	00000000000cb551
00000000000cb560	00000000000cb651
00000000000cb660	00000000000cb7a5
00000000000cb7b0	00000000000cb8f5
00000000000cb900	00000000000cbafe
00000000000cbb00	00000000000cbcfe
00000000000cbd00	00000000000cbefe
00000000000cbf00	00000000000cc0fe
00000000000cc100	00000000000cc245
00000000000cc250	00000000000cc395
00000000000cc3a0	00000000000cc59e
00000000000cc5a0	00000000000cc79e
00000000000cc7a0	00000000000cc8e5
00000000000cc8f0	00000000000cca35
00000000000cca40	00000000000ccb85
00000000000ccb90	00000000000cccd5
00000000000ccce0	00000000000cce25
00000000000cce30	00000000000ccf75
00000000000ccf80	00000000000cd17e
00000000000cd180	00000000000cd37e
00000000000cd380	00000000000cd57e
00000000000cd580	00000000000cd77e
00000000000cd780	00000000000cd97e
00000000000cd980	00000000000cdb7e
00000000000cdb80	00000000000cdd7e
00000000000cdd80	00000000000cdf7e
00000000000cdf80	00000000000ce17e
00000000000ce180	00000000000ce37e
00000000000ce380	00000000000ce57e
00000000000ce580	00000000000ce77e
00000000000ce780	00000000000ce8c5
00000000000ce8d0	00000000000cea15
00000000000cea20	00000000000ceb65
00000000000ceb70	00000000000cecb5
00000000000cecc0	00000000000ceebe
00000000000ceec0	00000000000cf0be
00000000000cf0c0	00000000000cf2be
00000000000cf2c0	00000000000cf4be
00000000000cf4c0	00000000000cf6be
00000000000cf6c0	00000000000cf8be
00000000000cf8c0	00000000000cfabe
00000000000cfac0	00000000000cfcbe
00000000000cfcc0	00000000000cfebe
00000000000cfec0	00000000000d00be
00000000000d00c0	00000000000d02be
00000000000d02c0	00000000000d04be
00000000000d04c0	00000000000d06be
00000000000d06c0	00000000000d08be
00000000000d08c0	00000000000d0abe
00000000000d0ac0	00000000000d0cbe
00000000000d0cc0	00000000000d0ebe
00000000000d0ec0	00000000000d10be
00000000000d10c0	00000000000d1205
00000000000d1210	00000000000d1355
00000000000d1360	00000000000d155e
00000000000d1560	00000000000d175e
00000000000d1760	00000000000d195e
00000000000d1960	00000000000d1b5e
00000000000d1b60	00000000000d1d5e
00000000000d1d60	00000000000d1f5e
00000000000d1f60	00000000000d215e
00000000000d2160	00000000000d235e
00000000000d2360	00000000000d255e
00000000000d2560	00000000000d275e
00000000000d2760	00000000000d295e
00000000000d2960	00000000000d2b5e
00000000000d2b60	00000000000d2d5e
00000000000d2d60	00000000000d2f5e
00000000000d2f60	00000000000d315e
00000000000d3160	00000000000d335e
00000000000d3360	00000000000d355e
00000000000d3560	00000000000d375e
00000000000d3760	00000000000d395e
00000000000d3960	00000000000d3b5e
00000000000d3b60	00000000000d3d5e
00000000000d3d60	00000000000d3f5e
00000000000d3f60	00000000000d40a5
00000000000d40b0	00000000000d41f5
00000000000d4200	00000000000d43fe
00000000000d4400	00000000000d45fe
00000000000d4600	00000000000d47fe
00000000000d4800	00000000000d49fe
00000000000d4a00	00000000000d4bfe
00000000000d4c00	00000000000d4dfe
00000000000d4e00	00000000000d4ffe
00000000000d5000	00000000000d51fe
00000000000d5200	00000000000d53fe
00000000000d5400	00000000000d55fe
00000000000d5600	00000000000d57fe
00000000000d5800	00000000000d59fe
00000000000d5a00	00000000000d5b45
00000000000d5b50	00000000000d5c95
00000000000d5ca0	00000000000d5e9e
00000000000d5ea0	00000000000d609e
00000000000d60a0	00000000000d629e
00000000000d62a0	00000000000d649e
00000000000d64a0	00000000000d65e5
00000000000d65f0	00000000000d6735
00000000000d6740	00000000000d693e
00000000000d6940	00000000000d6b3e
00000000000d6b40	00000000000d6c85
00000000000d6c90	00000000000d6dd5
00000000000d6de0	00000000000d6fde
00000000000d6fe0	00000000000d71de
00000000000d71e0	00000000000d7325
00000000000d7330	00000000000d7475
00000000000d7480	00000000000d767e
00000000000d7680	00000000000d787e
00000000000d7880	00000000000d7a7e
00000000000d7a80	00000000000d7c7e
00000000000d7c80	00000000000d7e7e
00000000000d7e80	00000000000d807e
00000000000d8080	00000000000d827e
00000000000d8280	00000000000d847e
00000000000d8480	00000000000d85c5
00000000000d85d0	00000000000d8715
00000000000d8720	00000000000d885f
00000000000d8860	00000000000d899f
00000000000d89a0	00000000000d8ae5
00000000000d8af0	00000000000d8c35
00000000000d8c40	00000000000d8d2e
00000000000d8d30	00000000000d8e1e
00000000000d8e20	00000000000d8f11
00000000000d8f20	00000000000d9011
00000000000d9020	00000000000d921e
00000000000d9220	00000000000d941e
00000000000d9420	00000000000d961e
00000000000d9620	00000000000d981e
00000000000d9820	00000000000d9b18
00000000000d9b20	00000000000d9e9f
00000000000d9ea0	00000000000da689
00000000000da690	00000000000daf89
00000000000daf90	00000000000dba3a
00000000000dba40	00000000000dc532
00000000000dc540	00000000000dcae7
00000000000dcaf0	00000000000ddde7
00000000000dddf0	00000000000de37a
00000000000de380	00000000000de7fc
00000000000de800	00000000000decf2
00000000000ded00	00000000000df15d
00000000000df160	00000000000df631
00000000000df640	00000000000dfa9d
00000000000dfaa0	00000000000dff71
00000000000dff80	00000000000e03dd
00000000000e03e0	00000000000e08b1
00000000000e08c0	00000000000e0d1d
00000000000e0d20	00000000000e11f1
00000000000e1200	00000000000e165d
00000000000e1660	00000000000e1b31
00000000000e1b40	00000000000e1f9d
00000000000e1fa0	00000000000e2471
00000000000e2480	00000000000e2a3b
00000000000e2a40	00000000000e307e
00000000000e3080	00000000000e34fc
00000000000e3500	00000000000e39f2
00000000000e3a00	00000000000e3efe
00000000000e3f00	00000000000e4468
00000000000e4470	00000000000e4a0c
00000000000e4a10	00000000000e502c
00000000000e5030	00000000000e55eb
00000000000e55f0	00000000000e5c2e
00000000000e5c30	00000000000e61eb
00000000000e61f0	00000000000e682e
00000000000e6830	00000000000e6dcc
00000000000e6dd0	00000000000e73ec
00000000000e73f0	00000000000e798c
00000000000e7990	00000000000e7fac
00000000000e7fb0	00000000000e856b
00000000000e8570	00000000000e8bae
00000000000e8bb0	00000000000e8f05
00000000000e8f10	00000000000e9317
00000000000e9320	00000000000e98bc
00000000000e98c0	00000000000e9edc
00000000000e9ee0	00000000000ea235
00000000000ea240	00000000000ea647
00000000000ea650	00000000000eabec
00000000000eabf0	00000000000eb20c
00000000000eb210	00000000000eb68c
00000000000eb690	00000000000ebb82
00000000000ebb90	00000000000ebeb7
00000000000ebec0	00000000000ec246
00000000000ec250	00000000000ec80b
00000000000ec810	00000000000ece4e
00000000000ece50	00000000000ed2cc
00000000000ed2d0	00000000000ed7c2
00000000000ed7d0	00000000000edd8b
00000000000edd90	00000000000ee3ce
00000000000ee3d0	00000000000ee98b
00000000000ee990	00000000000eefce
00000000000eefd0	00000000000ef58b
00000000000ef590	00000000000efbce
00000000000efbd0	00000000000f004c
00000000000f0050	00000000000f0542
00000000000f0550	00000000000f09cc
00000000000f09d0	00000000000f0ec2
00000000000f0ed0	00000000000f134c
00000000000f1350	00000000000f1842
00000000000f1850	00000000000f1b55
00000000000f1b60	00000000000f1ef8
00000000000f1f00	00000000000f2227
00000000000f2230	00000000000f25b6
00000000000f25c0	00000000000f2a3c
00000000000f2a40	00000000000f2f32
00000000000f2f40	00000000000f34fb
00000000000f3500	00000000000f3b3e
00000000000f3b40	00000000000f40fb
00000000000f4100	00000000000f473e
00000000000f4740	00000000000f4bbc
00000000000f4bc0	00000000000f50b2
00000000000f50c0	00000000000f53c5
00000000000f53d0	00000000000f5768
00000000000f5770	00000000000f5bec
00000000000f5bf0	00000000000f60e2
00000000000f60f0	00000000000f6417
00000000000f6420	00000000000f67a6
00000000000f67b0	00000000000f6ad7
00000000000f6ae0	00000000000f6e66
00000000000f6e70	00000000000f7175
00000000000f7180	00000000000f7518
00000000000f7520	00000000000f7825
00000000000f7830	00000000000f7bc8
00000000000f7bd0	00000000000f7ed5
00000000000f7ee0	00000000000f8278
00000000000f8280	00000000000f86fc
00000000000f8700	00000000000f8bf2
00000000000f8c00	00000000000f91bb
00000000000f91c0	00000000000f97fe
00000000000f9800	00000000000f9b27
00000000000f9b30	00000000000f9eb6
00000000000f9ec0	00000000000fa1c5
00000000000fa1d0	00000000000fa568
00000000000fa570	00000000000fa897
00000000000fa8a0	00000000000fac26
00000000000fac30	00000000000fb0ac
00000000000fb0b0	00000000000fb5a2
00000000000fb5b0	00000000000fba2c
00000000000fba30	00000000000fbf22
00000000000fbf30	00000000000fc3ac
00000000000fc3b0	00000000000fc8a2
00000000000fc8b0	00000000000fcd2c
00000000000fcd30	00000000000fd222
00000000000fd230	00000000000fd6ac
00000000000fd6b0	00000000000fdba2
00000000000fdbb0	00000000000fe00d
00000000000fe010	00000000000fe4e1
00000000000fe4f0	00000000000fe96c
00000000000fe970	00000000000fee62
00000000000fee70	00000000000ff2ec
00000000000ff2f0	00000000000ff7e2
00000000000ff7f0	00000000000ffe99
00000000000ffea0	00000000001005cf
00000000001005d0	0000000000100b8b
0000000000100b90	00000000001011ce
00000000001011d0	00000000001014f7
0000000000101500	0000000000101886
0000000000101890	0000000000101bb7
0000000000101bc0	0000000000101f46
0000000000101f50	00000000001023cc
00000000001023d0	00000000001028c2
00000000001028d0	0000000000102d4c
0000000000102d50	0000000000103242
0000000000103250	000000000010374e
0000000000103750	0000000000103cb8
0000000000103cc0	000000000010411d
0000000000104120	00000000001045f1
0000000000104600	0000000000104a7c
0000000000104a80	0000000000104f72
0000000000104f80	00000000001055ee
00000000001055f0	0000000000105cf1
0000000000105d00	000000000010615d
0000000000106160	0000000000106631
0000000000106640	0000000000106abc
0000000000106ac0	0000000000106fb2
0000000000106fc0	000000000010757b
0000000000107580	0000000000107bbe
0000000000107bc0	000000000010803c
0000000000108040	0000000000108532
0000000000108540	0000000000108afb
0000000000108b00	000000000010913e
0000000000109140	00000000001096fb
0000000000109700	0000000000109d3e
0000000000109d40	000000000010a1bc
000000000010a1c0	000000000010a6b2
000000000010a6c0	000000000010ac7b
000000000010ac80	000000000010b2be
000000000010b2c0	000000000010b73c
000000000010b740	000000000010bc32
000000000010bc40	000000000010c0bc
000000000010c0c0	000000000010c5b2
000000000010c5c0	000000000010ca3c
000000000010ca40	000000000010cf32
000000000010cf40	000000000010d4fb
000000000010d500	000000000010db3e
000000000010db40	000000000010dfbc
000000000010dfc0	000000000010e4b2
000000000010e4c0	000000000010ea7b
000000000010ea80	000000000010f0be
000000000010f0c0	000000000010f3e7
000000000010f3f0	000000000010f776
000000000010f780	000000000010fd1c
000000000010fd20	000000000011033c
0000000000110340	00000000001108e1
00000000001108f0	0000000000110f27
0000000000110f30	00000000001113d6
00000000001113e0	000000000011191c
0000000000111920	0000000000111c9d
0000000000111ca0	00000000001120d3
00000000001120e0	000000000011245d
0000000000112460	0000000000112898
00000000001128a0	0000000000112d1c
0000000000112d20	0000000000113212
0000000000113220	000000000011367d
0000000000113680	0000000000113b51
0000000000113b60	0000000000113b65
0000000000113b70	0000000000113b75
0000000000113b80	0000000000113be2
0000000000113bf0	0000000000113c52
0000000000113c60	0000000000113cc8
0000000000113cd0	0000000000113d32
0000000000113d40	0000000000113d45
0000000000113d50	0000000000113dbe
0000000000113dc0	0000000000113dc5
0000000000113dd0	0000000000113dd5
0000000000113de0	0000000000113de5
0000000000113df0	0000000000113df5
0000000000113e00	0000000000113e05
0000000000113e10	0000000000113e15
0000000000113e20	0000000000113e25
0000000000113e30	0000000000113e35
0000000000113e40	0000000000113e45
0000000000113e50	0000000000113e55
0000000000113e60	0000000000113e65
0000000000113e70	0000000000113e75
0000000000113e80	0000000000113e85
0000000000113e90	0000000000113e95
0000000000113ea0	0000000000113ea5
0000000000113eb0	0000000000113f15
0000000000113f20	0000000000113f85
0000000000113f90	0000000000113f95
0000000000113fa0	0000000000113fa5
0000000000113fb0	0000000000113fb5
0000000000113fc0	0000000000113fc5
0000000000113fd0	0000000000114035
0000000000114040	00000000001140a5
00000000001140b0	0000000000114115
0000000000114120	0000000000114185
0000000000114190	00000000001141f5
0000000000114200	0000000000114265
0000000000114270	00000000001142d5
00000000001142e0	0000000000114345
0000000000114350	00000000001143b5
00000000001143c0	0000000000114425
0000000000114430	0000000000114495
00000000001144a0	0000000000114505
0000000000114510	0000000000114515
0000000000114520	0000000000114525
0000000000114530	0000000000114595
00000000001145a0	0000000000114605
0000000000114610	0000000000114615
0000000000114620	0000000000114625
0000000000114630	0000000000114635
0000000000114640	0000000000114645
0000000000114650	00000000001146b5
00000000001146c0	0000000000114725
0000000000114730	0000000000114735
0000000000114740	0000000000114745
0000000000114750	00000000001147b5
00000000001147c0	0000000000114825
0000000000114830	0000000000114895
00000000001148a0	0000000000114905
0000000000114910	0000000000114975
0000000000114980	00000000001149e5
00000000001149f0	00000000001149f5
0000000000114a00	0000000000114a05
0000000000114a10	0000000000114a15
0000000000114a20	0000000000114a25
0000000000114a30	0000000000114a35
0000000000114a40	0000000000114a45
0000000000114a50	0000000000114a55
0000000000114a60	0000000000114a65
0000000000114a70	0000000000114a75
0000000000114a80	0000000000114a85
0000000000114a90	0000000000114a95
0000000000114aa0	0000000000114aa5
0000000000114ab0	0000000000114b15
0000000000114b20	0000000000114b85
0000000000114b90	0000000000114bf5
0000000000114c00	0000000000114c65
0000000000114c70	0000000000114c75
0000000000114c80	0000000000114c85
0000000000114c90	0000000000114c95
0000000000114ca0	0000000000114ca5
0000000000114cb0	0000000000114cb5
0000000000114cc0	0000000000114cc5
0000000000114cd0	0000000000114cd5
0000000000114ce0	0000000000114ce5
0000000000114cf0	0000000000114cf5
0000000000114d00	0000000000114d05
0000000000114d10	0000000000114d15
0000000000114d20	0000000000114d25
0000000000114d30	0000000000114d35
0000000000114d40	0000000000114d45
0000000000114d50	0000000000114d55
0000000000114d60	0000000000114d65
0000000000114d70	0000000000114d75
0000000000114d80	0000000000114d85
0000000000114d90	0000000000114df5
0000000000114e00	0000000000114e65
0000000000114e70	0000000000114e75
0000000000114e80	0000000000114e85
0000000000114e90	0000000000114e95
0000000000114ea0	0000000000114ea5
0000000000114eb0	0000000000114eb5
0000000000114ec0	0000000000114ec5
0000000000114ed0	0000000000114ed5
0000000000114ee0	0000000000114ee5
0000000000114ef0	0000000000114ef5
0000000000114f00	0000000000114f05
0000000000114f10	0000000000114f15
0000000000114f20	0000000000114f25
0000000000114f30	0000000000114f35
0000000000114f40	0000000000114f45
0000000000114f50	0000000000114f55
0000000000114f60	0000000000114f65
0000000000114f70	0000000000114f75
0000000000114f80	0000000000114f85
0000000000114f90	0000000000114f95
0000000000114fa0	0000000000114fa5
0000000000114fb0	0000000000114fb5
0000000000114fc0	0000000000114fc5
0000000000114fd0	0000000000115035
0000000000115040	00000000001150a5
00000000001150b0	00000000001150b5
00000000001150c0	00000000001150c5
00000000001150d0	00000000001150d5
00000000001150e0	00000000001150e5
00000000001150f0	00000000001150f5
0000000000115100	0000000000115105
0000000000115110	0000000000115115
0000000000115120	0000000000115125
0000000000115130	0000000000115135
0000000000115140	0000000000115145
0000000000115150	0000000000115155
0000000000115160	0000000000115165
0000000000115170	00000000001151d5
00000000001151e0	0000000000115245
0000000000115250	0000000000115255
0000000000115260	0000000000115265
0000000000115270	0000000000115275
0000000000115280	0000000000115285
0000000000115290	00000000001152f5
0000000000115300	0000000000115365
0000000000115370	0000000000115375
0000000000115380	0000000000115385
0000000000115390	00000000001153f5
0000000000115400	0000000000115465
0000000000115470	0000000000115475
0000000000115480	0000000000115485
0000000000115490	00000000001154f5
0000000000115500	0000000000115565
0000000000115570	0000000000115575
0000000000115580	0000000000115585
0000000000115590	0000000000115595
00000000001155a0	00000000001155a5
00000000001155b0	00000000001155b5
00000000001155c0	00000000001155c5
00000000001155d0	00000000001155d5
00000000001155e0	00000000001155e5
00000000001155f0	0000000000115655
0000000000115660	00000000001156c5
00000000001156d0	0000000000115732
0000000000115740	00000000001157a2
00000000001157b0	0000000000115815
0000000000115820	0000000000115885
0000000000115890	0000000000115895
00000000001158a0	00000000001158a5
00000000001158b0	00000000001158b5
00000000001158c0	00000000001158c5
00000000001158d0	00000000001158d5
00000000001158e0	00000000001158e5
00000000001158f0	00000000001158f5
0000000000115900	0000000000115905
0000000000115910	0000000000115991
00000000001159a0	0000000000115a21
0000000000115a30	0000000000115b92
0000000000115ba0	0000000000115d02
0000000000115d10	0000000000115e72
0000000000115e80	0000000000115fe2
0000000000115ff0	00000000001160ba
00000000001160c0	000000000011622e
0000000000116230	00000000001162b1
00000000001162c0	0000000000116341
0000000000116350	00000000001163d1
00000000001163e0	0000000000116461
0000000000116470	00000000001164f1
0000000000116500	0000000000116581
0000000000116590	0000000000116611
0000000000116620	00000000001166a1
00000000001166b0	0000000000116731
0000000000116740	00000000001167c1
00000000001167d0	0000000000116851
0000000000116860	00000000001168e1
00000000001168f0	0000000000116971
0000000000116980	0000000000116a01
0000000000116a10	0000000000116a91
0000000000116aa0	0000000000116c02
0000000000116c10	0000000000116d72
0000000000116d80	0000000000116e01
0000000000116e10	0000000000116e91
0000000000116ea0	0000000000116f21
0000000000116f30	0000000000116fb1
0000000000116fc0	0000000000117122
0000000000117130	0000000000117292
00000000001172a0	0000000000117402
0000000000117410	0000000000117572
0000000000117580	00000000001176e2
00000000001176f0	0000000000117852
0000000000117860	00000000001179c2
00000000001179d0	0000000000117b32
0000000000117b40	0000000000117ca2
0000000000117cb0	0000000000117e12
0000000000117e20	0000000000117f82
0000000000117f90	00000000001180f2
0000000000118100	00000000001181d0
00000000001181d0	00000000001182a0
00000000001182a0	0000000000118402
0000000000118410	0000000000118572
0000000000118580	0000000000118601
0000000000118610	0000000000118691
00000000001186a0	0000000000118721
0000000000118730	00000000001187b1
00000000001187c0	0000000000118922
0000000000118930	0000000000118a92
0000000000118aa0	0000000000118b21
0000000000118b30	0000000000118bb1
0000000000118bc0	0000000000118d22
0000000000118d30	0000000000118e92
0000000000118ea0	0000000000119002
0000000000119010	0000000000119172
0000000000119180	00000000001192e2
00000000001192f0	0000000000119452
0000000000119460	00000000001194e1
00000000001194f0	0000000000119571
0000000000119580	0000000000119601
0000000000119610	0000000000119691
00000000001196a0	0000000000119721
0000000000119730	00000000001197b1
00000000001197c0	0000000000119841
0000000000119850	00000000001198d1
00000000001198e0	0000000000119961
0000000000119970	00000000001199f1
0000000000119a00	0000000000119a81
0000000000119a90	0000000000119b11
0000000000119b20	0000000000119c82
0000000000119c90	0000000000119df2
0000000000119e00	0000000000119f62
0000000000119f70	000000000011a0d2
000000000011a0e0	000000000011a161
000000000011a170	000000000011a1f1
000000000011a200	000000000011a281
000000000011a290	000000000011a311
000000000011a320	000000000011a3a1
000000000011a3b0	000000000011a431
000000000011a440	000000000011a4c1
000000000011a4d0	000000000011a551
000000000011a560	000000000011a5e1
000000000011a5f0	000000000011a671
000000000011a680	000000000011a701
000000000011a710	000000000011a791
000000000011a7a0	000000000011a821
000000000011a830	000000000011a8b1
000000000011a8c0	000000000011a941
000000000011a950	000000000011a9d1
000000000011a9e0	000000000011aa61
000000000011aa70	000000000011aaf1
000000000011ab00	000000000011ac62
000000000011ac70	000000000011add2
000000000011ade0	000000000011ae61
000000000011ae70	000000000011aef1
000000000011af00	000000000011af81
000000000011af90	000000000011b011
000000000011b020	000000000011b0a1
000000000011b0b0	000000000011b131
000000000011b140	000000000011b1c1
000000000011b1d0	000000000011b251
000000000011b260	000000000011b2e1
000000000011b2f0	000000000011b371
000000000011b380	000000000011b401
000000000011b410	000000000011b491
000000000011b4a0	000000000011b521
000000000011b530	000000000011b5b1
000000000011b5c0	000000000011b641
000000000011b650	000000000011b6d1
000000000011b6e0	000000000011b761
000000000011b770	000000000011b7f1
000000000011b800	000000000011b881
000000000011b890	000000000011b911
000000000011b920	000000000011b9a1
000000000011b9b0	000000000011ba31
000000000011ba40	000000000011bba2
000000000011bbb0	000000000011bd12
000000000011bd20	000000000011bda1
000000000011bdb0	000000000011be31
000000000011be40	000000000011bec1
000000000011bed0	000000000011bf51
000000000011bf60	000000000011bfe1
000000000011bff0	000000000011c071
000000000011c080	000000000011c101
000000000011c110	000000000011c191
000000000011c1a0	000000000011c221
000000000011c230	000000000011c2b1
000000000011c2c0	000000000011c341
000000000011c350	000000000011c3d1
000000000011c3e0	000000000011c54e
000000000011c550	000000000011c6be
000000000011c6c0	000000000011c741
000000000011c750	000000000011c7d1
000000000011c7e0	000000000011c861
000000000011c870	000000000011c8f1
000000000011c900	000000000011ca62
000000000011ca70	000000000011cbd2
000000000011cbe0	000000000011cc61
000000000011cc70	000000000011ccf1
000000000011cd00	000000000011ce62
000000000011ce70	000000000011cfd2
000000000011cfe0	000000000011d061
000000000011d070	000000000011d0f1
000000000011d100	000000000011d262
000000000011d270	000000000011d3d2
000000000011d3e0	000000000011d461
000000000011d470	000000000011d4f1
000000000011d500	000000000011d581
000000000011d590	000000000011d611
000000000011d620	000000000011d6a1
000000000011d6b0	000000000011d731
000000000011d740	000000000011d7c1
000000000011d7d0	000000000011d851
000000000011d860	000000000011d9c2
000000000011d9d0	000000000011db32
000000000011db40	000000000011dca2
000000000011dcb0	000000000011de12
000000000011de20	000000000011df82
000000000011df90	000000000011e0f2
000000000011e100	000000000011e1ca
000000000011e1d0	000000000011e29a
000000000011e2a0	000000000011e370
000000000011e370	000000000011e440
000000000011e440	000000000011e4c1
000000000011e4d0	000000000011e551
000000000011e560	000000000011e5e1
000000000011e5f0	000000000011e671
000000000011e680	000000000011e832
000000000011e840	000000000011ea25
000000000011ea30	000000000011ebe2
000000000011ebf0	000000000011eda2
000000000011edb0	000000000011ef62
000000000011ef70	000000000011f122
000000000011f130	000000000011f2e2
000000000011f2f0	000000000011f4a2
000000000011f4b0	000000000011f662
000000000011f670	000000000011f822
000000000011f830	000000000011f9e2
000000000011f9f0	000000000011fba2
000000000011fbb0	000000000011fd62
000000000011fd70	000000000011ff22
000000000011ff30	00000000001200e2
00000000001200f0	00000000001202a2
00000000001202b0	0000000000120462
0000000000120470	0000000000120622
0000000000120630	00000000001207e2
00000000001207f0	00000000001209a2
00000000001209b0	0000000000120b62
0000000000120b70	0000000000120d22
0000000000120d30	0000000000120ee2
0000000000120ef0	00000000001210a2
00000000001210b0	0000000000121262
0000000000121270	0000000000121422
0000000000121430	00000000001215e2
00000000001215f0	00000000001217a2
00000000001217b0	0000000000121962
0000000000121970	0000000000121b22
0000000000121b30	0000000000121ce2
0000000000121cf0	0000000000121ea2
0000000000121eb0	0000000000122062
0000000000122070	0000000000122222
0000000000122230	00000000001223e2
00000000001223f0	00000000001225a2
00000000001225b0	0000000000122762
0000000000122770	0000000000122922
0000000000122930	0000000000122ae2
0000000000122af0	0000000000122ca2
0000000000122cb0	0000000000122e62
0000000000122e70	0000000000123022
0000000000123030	00000000001231e2
00000000001231f0	00000000001233a2
00000000001233b0	0000000000123562
0000000000123570	0000000000123722
0000000000123730	00000000001238e2
00000000001238f0	0000000000123aa2
0000000000123ab0	0000000000123c62
0000000000123c70	0000000000123e22
0000000000123e30	0000000000123fe2
0000000000123ff0	00000000001241a2
00000000001241b0	0000000000124362
0000000000124370	0000000000124522
0000000000124530	00000000001246e2
00000000001246f0	00000000001248a2
00000000001248b0	00000000001249ad
00000000001249b0	0000000000124a68
0000000000124a70	0000000000124b69
0000000000124b70	0000000000124cce
0000000000124cd0	0000000000124ce1
0000000000124cf0	0000000000124dfd
0000000000124e00	0000000000124f0d
0000000000124f10	0000000000124f24
0000000000124f30	0000000000124f44
0000000000124f50	0000000000124f64
0000000000124f70	000000000012505e
0000000000125060	000000000012514e
0000000000125150	0000000000125280
0000000000125280	0000000000125349
0000000000125350	000000000012540a
0000000000125410	00000000001255c9
00000000001255d0	00000000001256d8
00000000001256e0	000000000012582d
0000000000125830	000000000012591b
0000000000125920	0000000000126036
0000000000126040	0000000000126785
0000000000126790	0000000000126e17
0000000000126e20	00000000001278ef
00000000001278f0	0000000000128a83
0000000000128a90	0000000000129796
00000000001297a0	00000000001297bc
00000000001297c0	00000000001297d6
00000000000561b0	000000000005622d
00000000001297e0	0000000000129edd
0000000000129ee0	000000000012a0a8
000000000012a0b0	000000000012a2a0
000000000012a2a0	000000000012a490
000000000012a490	000000000012b252
000000000012b260	000000000012b8de
0000000000056230	0000000000056276
0000000000056280	00000000000562c3
00000000000562d0	0000000000056302
0000000000056310	0000000000056356
0000000000056360	00000000000563a6
000000000012b8e0	000000000012bad3
000000000012bae0	000000000012e8af
000000000012e8b0	000000000012e9f3
000000000012ea00	000000000012ef53
000000000012ef60	00000000001322cc
00000000001322d0	000000000013271b
0000000000132720	0000000000132849
0000000000132850	00000000001329c6
00000000001329d0	0000000000132ee2
0000000000132ef0	0000000000132fc8
0000000000132fd0	00000000001331ab
00000000001331b0	0000000000133298
00000000001332a0	000000000013334e
0000000000133350	0000000000133461
0000000000133470	0000000000133701
0000000000133710	000000000013384e
0000000000133850	0000000000133a15
0000000000133a20	0000000000133afd
0000000000133b00	0000000000133ba3
0000000000133bb0	0000000000133ce5
0000000000133cf0	0000000000133d9e
0000000000133da0	00000000001340c3
00000000001340d0	000000000013422b
0000000000134230	000000000013435c
0000000000134360	0000000000134424
0000000000134430	000000000013451a
0000000000134520	0000000000134790
0000000000134790	00000000001348e4
00000000001348f0	0000000000134a44
0000000000134a50	0000000000135217
0000000000135220	00000000001355e6
00000000001355f0	0000000000135949
0000000000135950	0000000000135c64
0000000000135c70	0000000000135f29
0000000000135f30	000000000013617c
0000000000136180	00000000001364df
00000000001364e0	0000000000136606
0000000000136610	0000000000136ed3
0000000000136ee0	0000000000137270
0000000000137270	00000000001382a1
00000000001382b0	00000000001391a6
00000000001391b0	000000000013a0a6
000000000013a0b0	000000000013b9fb
000000000013ba00	000000000013ccfa
000000000013cd00	000000000013df2e
000000000013df30	000000000013ec48
000000000013ec50	000000000013ee65
000000000013ee70	000000000013f024
000000000013f030	000000000013fdcb
000000000013fdd0	000000000014032a
0000000000140330	00000000001405ea
00000000001405f0	0000000000140bc9
0000000000140bd0	00000000001411a9
00000000001411b0	0000000000141b76
0000000000141b80	00000000001424fb
0000000000142500	0000000000142e7b
0000000000142e80	0000000000143d4e
0000000000143d50	000000000014491a
0000000000144920	00000000001454ea
00000000001454f0	0000000000146001
0000000000146010	0000000000146a32
0000000000146a40	0000000000147462
0000000000147470	000000000014772a
0000000000147730	0000000000147c2a
0000000000147c30	000000000014812a
0000000000148130	0000000000148a32
0000000000148a40	00000000001491c3
00000000001491d0	0000000000149953
0000000000149960	000000000014a882
000000000014a890	000000000014b7a1
000000000014b7b0	000000000014c6c1
000000000014c6d0	000000000014d67f
000000000014d680	000000000014e3b9
000000000014e3c0	000000000014f0f9
000000000014f100	000000000014fa89
000000000014fa90	0000000000150205
0000000000150210	0000000000150985
0000000000150990	000000000015121a
0000000000151220	000000000015197f
0000000000151980	00000000001520df
00000000001520e0	000000000015239a
00000000001523a0	0000000000152913
0000000000152920	0000000000152e93
0000000000152ea0	000000000015315a
0000000000153160	0000000000153726
0000000000153730	0000000000153cf6
0000000000153d00	0000000000155233
0000000000155240	0000000000156371
0000000000156380	00000000001574b1
00000000001574c0	000000000015804c
0000000000158050	0000000000158ba5
0000000000158bb0	0000000000159705
0000000000159710	00000000001599ca
00000000001599d0	0000000000159f23
0000000000159f30	000000000015b31f
000000000015b320	000000000015c5be
000000000015c5c0	000000000015d85e
000000000015d860	000000000015da2d
000000000015da30	000000000015dbab
000000000015dbb0	000000000015dd30
000000000015dd30	000000000015deb0
000000000015deb0	000000000015e177
000000000015e180	000000000015e447
000000000015e450	000000000015e538
000000000015e540	000000000015e711
000000000015e720	000000000015e8f1
000000000015e900	000000000015e9bf
000000000015e9c0	000000000015eb5f
000000000015eb60	000000000015ecff
000000000015ed00	000000000015edf7
000000000015ee00	000000000015efd9
000000000015efe0	000000000015f1b9
000000000015f1c0	000000000015f2b1
000000000015f2c0	000000000015f497
000000000015f4a0	000000000015f677
000000000015f680	000000000015f73f
000000000015f740	000000000015f8df
000000000015f8e0	000000000015fa7f
000000000015fa80	000000000015fb0d
000000000015fb10	000000000015fb9d
000000000015fba0	000000000015fc25
000000000015fc30	000000000015fcd5
000000000015fce0	000000000015fd65
000000000015fd70	000000000015fdef
000000000015fdf0	000000000015fe7b
000000000015fe80	000000000015ff0e
000000000015ff10	000000000015ff95
000000000015ffa0	000000000016002f
0000000000160030	00000000001600ba
00000000001600c0	000000000016018d
0000000000160190	0000000000160228
0000000000160230	00000000001602fd
0000000000160300	0000000000160383
0000000000160390	000000000016041a
0000000000160420	00000000001604ab
00000000001604b0	000000000016050e
0000000000160510	0000000000160599
00000000001605a0	0000000000160622
0000000000160630	00000000001606d7
00000000001606e0	00000000001607fa
0000000000160800	000000000016092a
0000000000160930	00000000001613b4
00000000001613c0	00000000001665df
00000000001665e0	0000000000167064
0000000000167070	000000000016c28f
000000000016c290	000000000016c404
00000000000563b0	0000000000056400
000000000016c410	000000000016c5c4
000000000016c5d0	000000000016c6d5
000000000016c6e0	000000000016c7aa
000000000016c7b0	000000000016c8a5
000000000016c8b0	000000000016c9cd
000000000016c9d0	000000000016cb31
000000000016cb40	000000000016ccac
000000000016ccb0	000000000016cde4
000000000016cdf0	000000000016cf1f
000000000016cf20	000000000016d0d9
000000000016d0e0	000000000016d214
000000000016d220	000000000016d34d
000000000016d350	000000000016d461
000000000016d470	000000000016d59a
000000000016d5a0	000000000016d6ba
000000000016d6c0	000000000016d856
000000000016d860	000000000016d9f6
000000000016da00	000000000016dc4c
000000000016dc50	000000000016e862
000000000016e870	000000000016f269
000000000016f270	000000000016fab8
000000000016fac0	00000000001703ea
00000000001703f0	0000000000170ce9
0000000000170cf0	00000000001715dc
00000000001715e0	0000000000171f79
0000000000171f80	0000000000176b1f
0000000000176b20	00000000001771a1
00000000001771b0	0000000000177831
0000000000177840	00000000001778b3
00000000001778c0	0000000000177933
0000000000177940	00000000001779b3
00000000001779c0	0000000000177a32
0000000000177a40	0000000000177ad5
0000000000177ae0	0000000000177b52
0000000000177b60	0000000000177bcd
0000000000177bd0	0000000000177c42
0000000000177c50	0000000000177ccb
0000000000177cd0	0000000000177d42
0000000000177d50	0000000000177dc4
0000000000177dd0	0000000000177e4a
0000000000177e50	0000000000177ef0
0000000000177ef0	0000000000177f6d
0000000000177f70	0000000000178010
0000000000178010	000000000017807d
0000000000178080	00000000001780f3
0000000000178100	000000000017817b
0000000000178180	00000000001781f5
0000000000178200	0000000000178273
0000000000178280	00000000001782f3
0000000000178300	0000000000178373
0000000000178380	00000000001783f3
0000000000178400	0000000000178472
0000000000178480	0000000000178515
0000000000178520	0000000000178592
00000000001785a0	000000000017860d
0000000000178610	0000000000178682
0000000000178690	000000000017870b
0000000000178710	0000000000178782
0000000000178790	0000000000178804
0000000000178810	000000000017888a
0000000000178890	0000000000178930
0000000000178930	00000000001789ad
00000000001789b0	0000000000178a50
0000000000178a50	0000000000178abd
0000000000178ac0	0000000000178b33
0000000000178b40	0000000000178bbb
0000000000178bc0	0000000000178c35
0000000000178c40	0000000000178cb3
0000000000178cc0	0000000000178ea0
0000000000056400	00000000000564c9
00000000000564d0	0000000000056507
0000000000056510	0000000000056571
0000000000056580	00000000000565e1
00000000000565f0	0000000000056627
0000000000178ea0	000000000017905d
0000000000179060	00000000001791d3
00000000001791e0	0000000000179376
0000000000179380	0000000000179532
0000000000056630	00000000000566f9
0000000000056700	0000000000056743
0000000000056750	00000000000567b0
00000000000567b0	0000000000056810
0000000000056810	0000000000056853
0000000000056860	0000000000056929
0000000000056930	0000000000056973
0000000000056980	00000000000569e0
00000000000569e0	0000000000056a40
0000000000056a40	0000000000056a83
0000000000056a90	0000000000056b59
0000000000056b60	0000000000056ba3
0000000000056bb0	0000000000056c10
0000000000056c10	0000000000056c70
0000000000056c70	0000000000056cb3
0000000000056cc0	0000000000056d89
0000000000056d90	0000000000056dd3
0000000000056de0	0000000000056e40
0000000000056e40	0000000000056ea0
0000000000056ea0	0000000000056ee3
0000000000056ef0	0000000000056fb9
0000000000056fc0	0000000000057003
0000000000057010	0000000000057070
0000000000057070	00000000000570d0
00000000000570d0	0000000000057113
0000000000057120	00000000000571e9
00000000000571f0	0000000000057233
0000000000057240	00000000000572a0
00000000000572a0	0000000000057300
0000000000057300	0000000000057343
0000000000057350	0000000000057419
0000000000057420	0000000000057463
0000000000057470	00000000000574d0
00000000000574d0	0000000000057530
0000000000057530	0000000000057573
0000000000057580	0000000000057649
0000000000057650	0000000000057693
00000000000576a0	0000000000057700
0000000000057700	0000000000057760
0000000000057760	00000000000577a3
00000000000577b0	0000000000057879
0000000000057880	00000000000578c3
00000000000578d0	0000000000057930
0000000000057930	0000000000057990
0000000000057990	00000000000579d3
00000000000579e0	0000000000057aa9
0000000000057ab0	0000000000057af3
0000000000057b00	0000000000057b60
0000000000057b60	0000000000057bc0
0000000000057bc0	0000000000057c03
0000000000179540	000000000017b741
000000000017b750	000000000017d906
000000000017d910	000000000017daa9
000000000017dab0	000000000017dd67
000000000017dd70	000000000017e4e5
000000000017e4f0	000000000017e7a7
000000000017e7b0	000000000017ea67
000000000017ea70	000000000017ed37
000000000017ed40	000000000017ed9d
000000000017eda0	0000000000180d18
0000000000180d20	0000000000182c98
0000000000182ca0	00000000001862cf
00000000001862d0	00000000001898ff
0000000000189900	0000000000189ba4
0000000000189bb0	0000000000189eb1
0000000000189ec0	000000000018a126
000000000018a130	000000000018a68d
000000000018a690	000000000018a9c7
000000000018a9d0	000000000018ac41
000000000018ac50	000000000018ae1f
000000000018ae20	000000000018bae3
000000000018baf0	000000000018c7b3
000000000018c7c0	000000000018db3a
000000000018db40	000000000018dfbc
000000000018dfc0	0000000000193d92
0000000000193da0	00000000001952ba
00000000001952c0	0000000000197fa3
0000000000197fb0	00000000001991ec
00000000001991f0	0000000000199431
0000000000199440	000000000019acc1
000000000019acd0	000000000019c833
000000000019c840	000000000019ca3a
000000000019ca40	000000000019cc81
000000000019cc90	000000000019ce8a
000000000019ce90	000000000019f40a
000000000019f410	00000000001a120e
00000000001a1210	00000000001a2bf1
00000000001a2c00	00000000001a3ae0
00000000001a3ae0	00000000001a7767
00000000001a7770	00000000001a9b6c
00000000001a9b70	00000000001ab67d
00000000001ab680	00000000001ab900
00000000001ab900	00000000001ad0b1
00000000001ad0c0	00000000001ad814
00000000001ad820	00000000001ae0cb
00000000001ae0d0	00000000001aeadf
00000000001aeae0	00000000001b3f59
00000000001b3f60	00000000001b4d0c
0000000000057c10	0000000000057cc3
00000000001b4d10	00000000001b902c
00000000001b9030	00000000001b9175
00000000001b9180	00000000001b98ae
00000000001b98b0	00000000001b9ff6
00000000001ba000	00000000001ba5b8
00000000001ba5c0	00000000001bbfd9
0000000000057cd0	0000000000057d1e
00000000001bbfe0	00000000001bcb2e
00000000001bcb30	00000000001bcf3f
00000000001bcf40	00000000001bd75a
00000000001bd760	00000000001be270
00000000001be270	00000000001becbc
00000000001becc0	00000000001c0310
00000000001c0310	00000000001c0e57
00000000001c0e60	00000000001c22df
00000000001c22e0	00000000001c2beb
00000000001c2bf0	00000000001c359b
00000000001c35a0	00000000001c3ae8
00000000001c3af0	00000000001c43d6
00000000001c43e0	00000000001c4f7c
00000000001c4f80	00000000001c52f8
00000000001c5300	00000000001c6fba
00000000001c6fc0	00000000001c7ef3
0000000000057d20	0000000000057d61
0000000000057d70	0000000000057dad
0000000000057db0	0000000000057df1
0000000000057e00	0000000000057e41
00000000001c7f00	00000000001c81d8
00000000001c81e0	00000000001c885d
0000000000057e50	0000000000057ea1
0000000000057eb0	0000000000057f01
00000000001c8860	00000000001c8ae0
00000000001c8ae0	00000000001c8f90
00000000001c8f90	00000000001c9fb8
00000000001c9fc0	00000000001ca23a
00000000001ca240	00000000001cb599
00000000001cb5a0	00000000001cb8ab
00000000001cb8b0	00000000001cc123
00000000001cc130	00000000001cc34b
00000000001cc350	00000000001cc71b
00000000001cc720	00000000001cd069
00000000001cd070	00000000001cd19b
00000000001cd1a0	00000000001cd4e7
00000000001cd4f0	00000000001cd61b
00000000001cd620	00000000001cd740
00000000001cd740	00000000001cdbea
00000000001cdbf0	00000000001cdd35
00000000001cdd40	00000000001cdee8
00000000001cdef0	00000000001ce09c
00000000001ce0a0	00000000001ce4d0
00000000001ce4d0	00000000001ce5fb
00000000001ce600	00000000001ce947
00000000001ce950	00000000001cea7b
00000000001cea80	00000000001cfa36
00000000001cfa40	00000000001d2565
00000000001d2570	00000000001d4499
00000000001d44a0	00000000001d4c1e
00000000001d4c20	00000000001d64c3
00000000001d64d0	00000000001dcf84
00000000001dcf90	00000000001dd902
00000000001dd910	00000000001e0f6b
00000000001e0f70	00000000001e17e6
00000000001e17f0	00000000001e24e6
00000000001e24f0	00000000001e7c8d
00000000001e7c90	00000000001e835f
00000000001e8360	00000000001ea5b6
00000000001ea5c0	00000000001ea877
00000000001ea880	00000000001eab00
00000000001eab00	00000000001ebf70
00000000001ebf70	00000000001eeb91
00000000001eeba0	00000000001ef93e
00000000001ef940	00000000001efd87
00000000001efd90	00000000001f1197
00000000001f11a0	00000000001f3136
00000000001f3140	00000000001f49d2
00000000001f49e0	00000000001f8495
00000000001f84a0	00000000001f8692
00000000001f86a0	00000000001f8ac4
00000000001f8ad0	00000000001f8f53
00000000001f8f60	00000000001fa26a
00000000001fa270	00000000001fa473
00000000001fa480	00000000001fa951
00000000001fa960	00000000001fac30
00000000001fac30	00000000001faf17
00000000001faf20	00000000001fb20e
00000000001fb210	00000000001fbe18
00000000001fbe20	00000000001fc60a
00000000001fc610	00000000001fdad9
00000000001fdae0	00000000001fe980
00000000001fe980	00000000001fed10
00000000001fed10	00000000001fefb3
00000000001fefc0	00000000001ff27c
00000000001ff280	00000000001ffbf3
00000000001ffc00	00000000002001a7
00000000002001b0	00000000002003c5
00000000002003d0	0000000000201cb8
0000000000201cc0	0000000000201ed9
0000000000201ee0	00000000002024df
00000000002024e0	0000000000202aea
0000000000202af0	0000000000204083
0000000000204090	00000000002044cd
00000000002044d0	00000000002052df
00000000002052e0	00000000002057b3
00000000002057c0	0000000000205cd3
0000000000205ce0	0000000000206637
0000000000206640	000000000020825d
0000000000208260	0000000000209ac5
0000000000209ad0	000000000020ba49
000000000020ba50	00000000002105bf
00000000002105c0	000000000021132e
0000000000211330	0000000000212212
0000000000212220	0000000000216627
0000000000216630	0000000000218eba
0000000000218ec0	0000000000219c96
0000000000219ca0	0000000000219d9c
0000000000219da0	000000000021a0e7
000000000021a0f0	000000000021d652
000000000021d660	000000000021d822
000000000021d830	000000000021e499
000000000021e4a0	000000000021f041
000000000021f050	00000000002209c9
00000000002209d0	0000000000221ca2
0000000000221cb0	0000000000222524
0000000000222530	00000000002229c0
00000000002229c0	00000000002233e9
00000000002233f0	000000000022358f
0000000000223590	000000000022379d
00000000002237a0	0000000000224890
0000000000224890	0000000000225bd4
0000000000228700	000000000022a291
000000000022a2a0	000000000022a2e7
000000000022a2f0	000000000022afdc
000000000022afe0	000000000022ba05
000000000022ba10	000000000022dce9
000000000022dcf0	000000000022eeca
0000000000057f10	0000000000057ffd
000000000022eed0	00000000002304dd
00000000002304e0	0000000000231c0c
0000000000231c10	0000000000231ed9
0000000000231ee0	000000000023533f
0000000000235340	000000000023539d
00000000002353a0	00000000002353e7
00000000002353f0	0000000000236ceb
0000000000243d20	0000000000243f4e
0000000000243f50	0000000000244150
0000000000244150	000000000024446e
0000000000244470	00000000002444e8
00000000002444f0	0000000000246585
0000000000246590	00000000002491b2
00000000002491c0	000000000024b866
000000000024b870	000000000024e53d
000000000024e540	000000000024e569
000000000024fea0	0000000000250067
0000000000250070	0000000000250287
0000000000250290	0000000000250424
0000000000250430	00000000002505c4
00000000002505d0	00000000002508f3
0000000000250900	0000000000250c3a
0000000000250c40	0000000000250db0
0000000000250db0	0000000000250f20
0000000000250f20	0000000000251090
0000000000251090	0000000000251500
0000000000251500	00000000002517e3
00000000002517f0	0000000000251acd
0000000000251ad0	0000000000251c9a
0000000000251ca0	0000000000251e4f
0000000000251e50	0000000000252013
0000000000252020	00000000002522dc
00000000002522e0	000000000025259c
00000000002525a0	0000000000252637
0000000000252640	00000000002528e2
00000000002528f0	0000000000252987
0000000000252990	0000000000252c32
0000000000252c40	0000000000252cdd
0000000000252ce0	0000000000252f88
0000000000252f90	0000000000253027
0000000000253030	00000000002532d2
00000000002532e0	0000000000253479
0000000000253480	0000000000253523
0000000000253530	00000000002537f7
0000000000253800	0000000000253ac8
0000000000253ad0	0000000000253d95
0000000000253da0	0000000000254065
0000000000254070	0000000000254335
0000000000254340	0000000000254605
0000000000254610	00000000002548d5
00000000002548e0	0000000000254ba5
0000000000254bb0	0000000000254e75
0000000000254e80	0000000000255145
0000000000255150	0000000000255415
0000000000255420	00000000002556e5
00000000002556f0	00000000002559b5
00000000002559c0	0000000000255c85
0000000000255c90	0000000000255f55
0000000000255f60	0000000000256225
0000000000256230	00000000002562ca
00000000002562d0	00000000002565a2
00000000002565b0	000000000025664a
0000000000256650	0000000000256922
0000000000256930	0000000000256bf5
0000000000256c00	0000000000256ec5
0000000000256ed0	0000000000257195
00000000002571a0	0000000000257465
0000000000257470	000000000025750a
0000000000257510	00000000002577e2
00000000002577f0	000000000025788a
0000000000257890	0000000000257b62
0000000000257b70	0000000000257c0a
0000000000257c10	0000000000257ee2
0000000000257ef0	0000000000257f8a
0000000000257f90	0000000000258262
0000000000258270	000000000025830a
0000000000258310	00000000002585e2
00000000002585f0	000000000025868a
0000000000258690	0000000000258962
0000000000258970	0000000000258a0a
0000000000258a10	0000000000258ce2
0000000000258cf0	0000000000258d8a
0000000000258d90	0000000000259062
0000000000259070	000000000025910a
0000000000259110	00000000002593e2
00000000002593f0	000000000025948a
0000000000259490	0000000000259762
0000000000259770	000000000025980a
0000000000259810	0000000000259ae2
0000000000259af0	0000000000259b8a
0000000000259b90	0000000000259e62
0000000000259e70	000000000025a028
000000000025a030	000000000025a1e8
000000000025a1f0	000000000025a28a
000000000025a290	000000000025a562
000000000025a570	000000000025a60a
000000000025a610	000000000025a8e2
000000000025a8f0	000000000025abb5
000000000025abc0	000000000025ae85
000000000025ae90	000000000025b155
000000000025b160	000000000025b425
000000000025b430	000000000025b4ca
000000000025b4d0	000000000025b7a2
000000000025b7b0	000000000025b84a
000000000025b850	000000000025bb22
000000000025bb30	000000000025bdf5
000000000025be00	000000000025c0c5
000000000025c0d0	000000000025c16a
000000000025c170	000000000025c442
000000000025c450	000000000025c4ea
000000000025c4f0	000000000025c7c2
000000000025c7d0	000000000025c86a
000000000025c870	000000000025cb42
000000000025cb50	000000000025cbea
000000000025cbf0	000000000025cec2
000000000025ced0	000000000025cf6a
000000000025cf70	000000000025d242
000000000025d250	000000000025d2ea
000000000025d2f0	000000000025d5c2
000000000025d5d0	000000000025d895
000000000025d8a0	000000000025db65
000000000025db70	000000000025de35
000000000025de40	000000000025e105
000000000025e110	000000000025e3d5
000000000025e3e0	000000000025e6a5
000000000025e6b0	000000000025e975
000000000025e980	000000000025ec45
000000000025ec50	000000000025ef15
000000000025ef20	000000000025f1e5
000000000025f1f0	000000000025f4b5
000000000025f4c0	000000000025f785
000000000025f790	000000000025f82a
000000000025f830	000000000025fb02
000000000025fb10	000000000025fbaa
000000000025fbb0	000000000025fe82
000000000025fe90	000000000025ff2a
000000000025ff30	0000000000260202
0000000000260210	00000000002602aa
00000000002602b0	0000000000260582
0000000000260590	0000000000260855
0000000000260860	0000000000260b25
0000000000260b30	0000000000260df5
0000000000260e00	00000000002610c5
00000000002610d0	0000000000261395
00000000002613a0	0000000000261665
0000000000261670	0000000000261935
0000000000261940	0000000000261c05
0000000000261c10	0000000000261ed5
0000000000261ee0	00000000002621a5
00000000002621b0	0000000000262475
0000000000262480	0000000000262745
0000000000262750	0000000000262a15
0000000000262a20	0000000000262ce5
0000000000262cf0	0000000000262fb5
0000000000262fc0	0000000000263285
0000000000263290	0000000000263555
0000000000263560	0000000000263825
0000000000263830	00000000002638ca
00000000002638d0	0000000000263ba2
0000000000263bb0	0000000000263c4a
0000000000263c50	0000000000263f22
0000000000263f30	00000000002641f5
0000000000264200	00000000002644c5
00000000002644d0	0000000000264795
00000000002647a0	0000000000264a65
0000000000264a70	0000000000264d35
0000000000264d40	0000000000265005
0000000000265010	00000000002652d5
00000000002652e0	00000000002655a5
00000000002655b0	0000000000265875
0000000000265880	0000000000265b45
0000000000265b50	0000000000265e15
0000000000265e20	00000000002660e5
00000000002660f0	00000000002663b5
00000000002663c0	0000000000266685
0000000000266690	0000000000266955
0000000000266960	0000000000266c25
0000000000266c30	0000000000266ef5
0000000000266f00	00000000002671c5
00000000002671d0	0000000000267495
00000000002674a0	0000000000267765
0000000000267770	0000000000267a35
0000000000267a40	0000000000267d05
0000000000267d10	0000000000267daa
0000000000267db0	0000000000268082
0000000000268090	000000000026812a
0000000000268130	0000000000268402
0000000000268410	00000000002686d5
00000000002686e0	00000000002689a5
00000000002689b0	0000000000268c75
0000000000268c80	0000000000268f45
0000000000268f50	0000000000269215
0000000000269220	00000000002694e5
00000000002694f0	00000000002697b5
00000000002697c0	0000000000269a85
0000000000269a90	0000000000269d55
0000000000269d60	000000000026a025
000000000026a030	000000000026a2f5
000000000026a300	000000000026a5c5
000000000026a5d0	000000000026a66a
000000000026a670	000000000026a942
000000000026a950	000000000026a9ea
000000000026a9f0	000000000026acc2
000000000026acd0	000000000026af95
000000000026afa0	000000000026b265
000000000026b270	000000000026b535
000000000026b540	000000000026b805
000000000026b810	000000000026b8aa
000000000026b8b0	000000000026bb82
000000000026bb90	000000000026bc2a
000000000026bc30	000000000026bf02
000000000026bf10	000000000026c1d5
000000000026c1e0	000000000026c4a5
000000000026c4b0	000000000026c54a
000000000026c550	000000000026c822
000000000026c830	000000000026c8ca
000000000026c8d0	000000000026cba2
000000000026cbb0	000000000026ce75
000000000026ce80	000000000026d145
000000000026d150	000000000026d1ea
000000000026d1f0	000000000026d4c2
000000000026d4d0	000000000026d56a
000000000026d570	000000000026d842
000000000026d850	000000000026db15
000000000026db20	000000000026dde5
000000000026ddf0	000000000026e0b5
000000000026e0c0	000000000026e385
000000000026e390	000000000026e655
000000000026e660	000000000026e925
000000000026e930	000000000026ebf5
000000000026ec00	000000000026eec5
000000000026eed0	000000000026ef6a
000000000026ef70	000000000026f242
000000000026f250	000000000026f2ea
000000000026f2f0	000000000026f5c2
000000000026f5d0	000000000026f667
000000000026f670	000000000026f939
000000000026f940	000000000026f9d7
000000000026f9e0	000000000026fca9
000000000026fcb0	000000000026fd4a
000000000026fd50	0000000000270022
0000000000270030	00000000002700ca
00000000002700d0	00000000002703a2
00000000002703b0	000000000027056c
0000000000270570	000000000027072c
0000000000270730	00000000002708e8
00000000002708f0	0000000000270aa8
0000000000270ab0	0000000000270d75
0000000000270d80	0000000000271045
0000000000271050	0000000000271315
0000000000271320	00000000002715e5
00000000002715f0	0000000000271998
00000000002719a0	0000000000271da0
0000000000271da0	0000000000271f20
0000000000271f20	00000000002758a2
00000000002758b0	0000000000275a73
0000000000058000	000000000005804a
0000000000058050	000000000005822a
0000000000275a80	0000000000275d5b
0000000000275d60	0000000000275ed1
0000000000275ee0	0000000000276218
0000000000276220	000000000027644c
0000000000276450	000000000027674a
0000000000276750	0000000000276a63
0000000000058230	0000000000058635
0000000000276a70	0000000000276b82
0000000000276b90	0000000000276ce8
0000000000276cf0	0000000000277028
0000000000277030	000000000027725c
0000000000277260	000000000027755a
0000000000277560	0000000000277873
0000000000058640	0000000000058a45
0000000000277880	0000000000277992
0000000000058a50	0000000000058aea
00000000002779a0	0000000000277b17
0000000000277b20	0000000000277d00
0000000000058af0	0000000000058f01
0000000000058f10	0000000000058f73
0000000000058f80	0000000000058fe3
0000000000058ff0	0000000000059053
0000000000059060	00000000000590c3
00000000000590d0	0000000000059133
0000000000059140	00000000000591a3
0000000000277d00	0000000000277dbd
0000000000277dc0	0000000000277f26
0000000000277f30	00000000002780db
00000000002780e0	0000000000278239
0000000000278240	0000000000278399
00000000002783a0	0000000000279205
0000000000279210	000000000027a0a9
00000000000591b0	00000000000592ec
000000000027a0b0	000000000027b201
000000000027b210	000000000027c361
000000000027c370	000000000027d316
000000000027d320	000000000027e2c6
000000000027e2d0	000000000027e38e
000000000027e390	000000000027fcf4
000000000027fd00	000000000027fd98
000000000027fda0	00000000002803a8
00000000002803b0	0000000000282290
00000000000592f0	000000000005956b
0000000000059570	00000000000597cf
00000000000597d0	0000000000059a48
0000000000282290	000000000028231b
0000000000282320	00000000002831a8
00000000002831b0	0000000000283243
0000000000283250	000000000028327e
0000000000283280	00000000002832d9
00000000002832e0	000000000028330e
0000000000283310	000000000028334f
0000000000283350	000000000028337e
0000000000283380	00000000002833d0
00000000002833d0	000000000028367f
0000000000283680	0000000000283681
0000000000283690	00000000002836ae
00000000002836b0	00000000002836b3
00000000002836c0	000000000028373d
0000000000283740	000000000028763a
0000000000287640	000000000028843b
0000000000288440	00000000002885d3
00000000002885e0	00000000002888ee
00000000002888f0	0000000000288a80
000000000028d620	000000000028d92e
000000000028d930	000000000028dac1
000000000028dad0	000000000028db96
000000000028dba0	000000000028df61
000000000028df70	000000000028e449
000000000028e450	000000000028e567
000000000028e570	000000000028e80b
000000000028f430	0000000000290011
0000000000290020	000000000029074a
0000000000290750	0000000000290bf7
0000000000290c00	000000000029152e
0000000000291530	0000000000291953
0000000000291960	00000000002a1354
00000000002a1360	00000000002a16b2
00000000002a16c0	00000000002a18ea
00000000002a18f0	00000000002a1a6d
00000000002a1a70	00000000002a1bb3
00000000002a1bc0	00000000002a1c87
00000000002a1c90	00000000002a1df2
00000000002a1e00	00000000002a253c
00000000002a2540	00000000002a2b52
00000000002a2b60	00000000002a2ea8
00000000002a2eb0	00000000002a2fca
00000000002a2fd0	00000000002a30c4
00000000002a30d0	00000000002a31e0
00000000002a38e0	00000000002a39af
00000000002a39b0	00000000002a423d
00000000002a4240	00000000002a4736
00000000002a4740	00000000002a47e1
00000000002a47f0	00000000002a4891
00000000002a48a0	00000000002a498f
00000000002a4990	00000000002a4a67
00000000002a4a70	00000000002a510d
00000000002a5110	00000000002a53ef
00000000002a53f0	00000000002a57b2
00000000002a57c0	00000000002a6f9b
00000000002a6fa0	00000000002a7041
00000000002a7050	00000000002a7371
00000000002a7380	00000000002a781d
00000000002a7820	00000000002a7985
00000000002a7990	00000000002a7b62
00000000002a7b70	00000000002a7d79
00000000002a7d80	00000000002a81c3
00000000002a81d0	00000000002a8341
00000000002a8350	00000000002af179
00000000002af180	00000000002aff46
00000000002aff50	00000000002b065b
00000000002b0660	00000000002b1936
00000000002b1940	00000000002b1a14
00000000002b1a20	00000000002b213f
00000000002b2140	00000000002b2143
0000000000059a50	0000000000059a89
00000000002b2150	00000000002b26ab
00000000002b26b0	00000000002b2853
00000000002b2860	00000000002b325f
00000000002b3260	00000000002b7f60
0000000000059a90	0000000000059b92
00000000002b7f60	00000000002b8101
00000000002b8110	00000000002b8117
00000000002b8120	00000000002b81b0
00000000002b81b0	00000000002b81be
00000000002b81c0	00000000002b81ce
00000000002b81d0	00000000002b81de
00000000002b81e0	00000000002b82e3
00000000002b82f0	00000000002b8305
00000000002b8310	00000000002b837c
00000000002b8380	00000000002b865e
00000000002b8660	00000000002b87c0
00000000002b87c0	00000000002b8b03
00000000002b8b10	00000000002b8b93
00000000002b8ba0	00000000002b9080
00000000002b9080	00000000002b9701
00000000002b9710	00000000002b9801
00000000002b9810	00000000002b987c
00000000002b9880	00000000002b989d
00000000002b98a0	00000000002b99d2
00000000002b99e0	00000000002b9b27
00000000002b9b30	00000000002b9b42
00000000002b9b50	00000000002b9d3e
00000000002b9d40	00000000002b9e12
00000000002b9e20	00000000002b9ef2
00000000002b9f00	00000000002ba0ee
00000000002ba0f0	00000000002ba1c2
00000000002ba1d0	00000000002ba2a2
00000000002ba2b0	00000000002ba382
00000000002ba390	00000000002ba39c
00000000002ba3a0	00000000002ba3b5
00000000002ba3c0	00000000002ba528
00000000002ba530	00000000002ba54a
00000000002ba550	00000000002ba60d
00000000002ba610	00000000002bb05e
00000000002bb060	00000000002bb061
00000000002bb070	00000000002bb926
00000000002bb930	00000000002bc4dc
00000000002bc4e0	00000000002bc52d
00000000002bc530	00000000002bcfb8
00000000002bcfc0	00000000002bd32a
00000000002bea00	00000000002bf742
00000000002bf750	00000000002bf96d
00000000002bf970	00000000002bfb8d
00000000002bfb90	00000000002bfdad
00000000002bfdb0	00000000002bffcd
00000000002bffd0	00000000002c018c
00000000002c0190	00000000002c01a0
00000000002c01a0	00000000002c01b0
00000000002c01b0	00000000002c01c0
00000000002c0450	00000000002c080b
00000000002c0810	00000000002c0931
00000000002c0940	00000000002c0a60
00000000002c0a60	00000000002c0b9f
00000000002c0ba0	00000000002c0c58
00000000002c0c60	00000000002c0d81
00000000002c0d90	00000000002c0de5
00000000002c0df0	00000000002c0e01
00000000002c0e10	00000000002c0e22
00000000002c0e30	00000000002c0e41
00000000002c0e50	00000000002c110b
00000000002c1110	00000000002c13cb
00000000002c13d0	00000000002c13e2
00000000002c13f0	00000000002c1402
00000000002c1410	00000000002c1551
00000000002c1560	00000000002c1c55
00000000002c1c60	00000000002c1d81
00000000002c1d90	00000000002c20c4
00000000002c20d0	00000000002c2226
00000000002c2230	00000000002c23a8
00000000002c23b0	00000000002c250a
00000000002c2510	00000000002c275f
00000000002c2760	00000000002c2962
00000000002c2970	00000000002c2cfc
00000000002c2d00	00000000002c308c
00000000002c3090	00000000002c31b0
00000000002c31b0	00000000002c32a3
00000000002c32b0	00000000002c32dc
00000000002c32e0	00000000002c3314
00000000002c3320	00000000002c3328
00000000002c3330	00000000002c342c
00000000002c3430	00000000002c3551
00000000002c3560	00000000002c3773
00000000002c3780	00000000002c3aa6
00000000002c3ab0	00000000002c3c23
00000000002c3c30	00000000002c4743
00000000002c4750	00000000002c4918
00000000002c4920	00000000002c4952
00000000002c4960	00000000002c497b
00000000002c4980	00000000002c49af
00000000002c49b0	00000000002c4a82
00000000002c4a90	00000000002c4e80
00000000002c4e80	00000000002c4f21
00000000002c4f30	00000000002c536b
00000000002c5370	00000000002c56d3
00000000002c56e0	00000000002c5866
00000000002c5870	00000000002c59f6
00000000002c5a00	00000000002c5a3d
00000000002c5a40	00000000002c5ac6
00000000002c5ad0	00000000002c5b56
00000000002c5b60	00000000002c5b68
00000000002c5b70	00000000002c5b89
00000000002c5b90	00000000002c5c7e
00000000002c5c80	00000000002c5d52
00000000002c5d60	00000000002c5e0b
00000000002c5e10	00000000002c60e5
00000000002c60f0	00000000002c611b
00000000002c6120	00000000002c619e
00000000002c61a0	00000000002c6bbb
00000000002c6bc0	00000000002c6cbb
00000000002c6cc0	00000000002c6ccc
00000000002c6cd0	00000000002c6cdc
00000000002c6ce0	00000000002c6cec
00000000002c6cf0	00000000002c6cfc
00000000002c6d00	00000000002c6d0c
00000000002c6d10	00000000002c6e69
00000000002c6e70	00000000002c6f00
00000000002c6f00	00000000002c6fc2
00000000002c6fd0	00000000002c7cab
00000000002c7cb0	00000000002c7d3c
00000000002c7d40	00000000002c8090
00000000002c8090	00000000002c833b
00000000002c8340	00000000002c8690
00000000002c8690	00000000002c8b0f
00000000002c8b10	00000000002c8e6e
00000000002c8e70	00000000002c9140
00000000002c9140	00000000002c94b3
00000000002c94c0	00000000002c976b
00000000002c9770	00000000002c986b
00000000002c9870	00000000002c987a
00000000002c9880	00000000002c9a77
00000000002c9a80	00000000002c9b3e
00000000002c9b40	00000000002ca4ea
00000000002ca4f0	00000000002caf0b
00000000002caf10	00000000002caf29
00000000002caf30	00000000002cafa7
00000000002cafb0	00000000002cb027
00000000002cb030	00000000002cb1f8
00000000002cb200	00000000002cb339
00000000002cb340	00000000002cb3c0
00000000002cb3c0	00000000002cb51c
00000000002cb520	00000000002cb8ac
00000000002cb8b0	00000000002cb914
00000000002cb920	00000000002cba44
00000000002cba50	00000000002cbb71
00000000002cbb80	00000000002cbe5e
00000000002cbe60	00000000002cc1e0
00000000002cc1e0	00000000002cc30a
00000000002cc310	00000000002cc662
00000000002cc670	00000000002cc685
00000000002cc690	00000000002cc882
00000000002cc890	00000000002cca87
00000000002cca90	00000000002ccb62
00000000002ccb70	00000000002cd296
00000000002cd2a0	00000000002cd302
00000000002cd310	00000000002cd3b0
00000000002cd3b0	00000000002cd563
00000000002cd570	00000000002cd59c
00000000002cd5a0	00000000002cd5b9
00000000002cd5c0	00000000002cd6e5
00000000002cd6f0	00000000002cd845
00000000002cd850	00000000002cd99b
00000000002cd9a0	00000000002cdaa5
00000000002cdab0	00000000002cdbeb
00000000002cdbf0	00000000002cdd9f
00000000002cdda0	00000000002cde72
00000000002cde80	00000000002cdf74
00000000002cdf80	00000000002ce0a1
00000000002ce0b0	00000000002ce1b9
00000000002ce1c0	00000000002ce2bf
00000000002ce2c0	00000000002ce32c
00000000002ce330	00000000002ce3ff
00000000002ce400	00000000002ce4e2
0000000000059ba0	000000000005d59b
00000000002ce4f0	00000000002ce51c
00000000002ce520	00000000002ce538
00000000002ce540	00000000002ce559
00000000002ce560	00000000002ce579
00000000002ce580	00000000002ce599
00000000002ce5a0	00000000002ce5b9
00000000002ce5c0	00000000002ce5d9
00000000002ce5e0	00000000002ce5f9
00000000002ce600	00000000002ce619
00000000002ce620	00000000002ce639
00000000002ce640	00000000002ce659
00000000002ce660	00000000002ce679
00000000002ce680	00000000002ce699
00000000002ce6a0	00000000002ce6b9
00000000002ce6c0	00000000002ce6d9
00000000002ce6e0	00000000002ce6f9
00000000002ce700	00000000002ce719
00000000002ce720	00000000002ce739
00000000002ce740	00000000002ce759
00000000002ce760	00000000002ce779
00000000002ce780	00000000002ce799
00000000002ce7a0	00000000002ce7b9
00000000002ce7c0	00000000002ce7c4
000000000005d5a0	000000000005d5ca
000000000005d5d0	000000000005d5fa
000000000005d600	000000000005d62a
000000000005d630	000000000005d65a
000000000005d660	000000000005d68a
000000000005d690	000000000005d6ae
000000000005d6b0	000000000005d6da
000000000005d6e0	000000000005d70a
000000000005d710	000000000005d73a
000000000005d740	000000000005d75e
000000000005d760	000000000005d77e
000000000005d780	000000000005d7aa
00000000002ce7d0	00000000002ce7e6
00000000002ce7f0	00000000002cf799
00000000002cf7a0	00000000002cf958
00000000002cf960	00000000002cfb15
00000000002cfb20	00000000002cfef6
00000000002cff00	00000000002d04a3
00000000002d04b0	00000000002d058a
00000000002d0590	00000000002d0774
00000000002d0780	00000000002d0a72
00000000002d0a80	00000000002d3a37
00000000002d3a40	00000000002d416b
00000000002d4170	00000000002d4276
00000000002d4280	00000000002d444b
00000000002d4450	00000000002d447a
00000000002d4480	00000000002d469d
00000000002d46a0	00000000002d48bd
00000000002d48c0	00000000002d4947
00000000002d4950	00000000002d495e
00000000002d4960	00000000002d49af
00000000002d49b0	00000000002d4a37
00000000002d4a40	00000000002d4a6c
00000000002d4a70	00000000002d4aa4
00000000002d4ab0	00000000002d4b60
00000000002d4b60	00000000002d51c4
00000000002d51d0	00000000002d5200
00000000002d5200	00000000002d5563
00000000002d5570	00000000002d5668
00000000002d5670	00000000002d5682
00000000002d5690	00000000002d5859
00000000002d5860	00000000002d6750
00000000002d6750	00000000002d677f
00000000002d6780	00000000002d67af
00000000002d67b0	00000000002d67e9
00000000002d67f0	00000000002d69ed
00000000002d69f0	00000000002d6bf2
00000000002d6c00	00000000002d6c13
00000000002d6c20	00000000002d6cc8
00000000002d6cd0	00000000002d6cff
00000000002d6d00	00000000002d6d17
00000000002d6d20	00000000002d6d37
00000000002d6d40	00000000002d6d57
00000000002d6d60	00000000002d6d77
00000000002d6d80	00000000002d6d97
00000000002d6da0	00000000002d6db7
00000000002d6dc0	00000000002d6dd7
00000000002d6de0	00000000002d6df7
00000000002d6e00	00000000002d6e17
00000000002d6e20	00000000002d6e37
00000000002d6e40	00000000002d730f
00000000002d7310	00000000002d7623
00000000002d7630	00000000002d7845
00000000002d7850	00000000002d787f
00000000002d7880	00000000002d78af
00000000002d78b0	00000000002d78b8
00000000002d78c0	00000000002d78cb
00000000002d78d0	00000000002d78e5
00000000002d78f0	00000000002d86a2
00000000002d86b0	00000000002d8af6
00000000002d8b00	00000000002d8b15
00000000002d8b20	00000000002d8b37
00000000002d8b40	00000000002d8b57
00000000002d8b60	00000000002d8b77
00000000002d8b80	00000000002d8b97
00000000002d8ba0	00000000002d8bb7
00000000002d8bc0	00000000002d8bd7
00000000002d8be0	00000000002d8bf7
00000000002d8c00	00000000002d8c17
00000000002d8c20	00000000002d92cb
00000000002d92d0	00000000002d9317
00000000002d9320	00000000002d932e
00000000002d9330	00000000002d933e
00000000002d9340	00000000002d934a
00000000002d9350	00000000002d935e
00000000002d9360	00000000002d936e
00000000002d9370	00000000002d937e
00000000002d9380	00000000002d938e
00000000002d9390	00000000002d939e
00000000002d93a0	00000000002d93ae
00000000002d93b0	00000000002d93be
00000000002d93c0	00000000002d93ce
00000000002d93d0	00000000002d93de
00000000002d93e0	00000000002d93ee
00000000002d93f0	00000000002d93fe
00000000002d9400	00000000002d940e
00000000002d9410	00000000002d941e
00000000002d9420	00000000002d942e
00000000002d9430	00000000002d943e
00000000002d9440	00000000002d944e
00000000002d9450	00000000002d945e
00000000002d9460	00000000002d946e
00000000002d9470	00000000002d947e
00000000002d9480	00000000002d9492
00000000002d94a0	00000000002d94a1
00000000002d94b0	00000000002d94b1
00000000002d94c0	00000000002d95af
00000000002d95b0	00000000002d95c2
00000000002d95d0	00000000002d95dd
00000000002d95e0	00000000002d95e1
00000000002d95f0	00000000002d95fe
00000000002d9600	00000000002d960e
00000000002d9610	00000000002d9622
00000000002d9630	00000000002d9645
00000000002d9650	00000000002d965e
00000000002d9660	00000000002d9695
00000000002d96a0	00000000002d96ae
000000000005d7b0	000000000005d802
000000000005d810	000000000005d86a
00000000002d96b0	00000000002d96be
00000000002d96c0	00000000002d96ce
00000000002d96d0	00000000002d96e5
00000000002d96f0	00000000002d9706
00000000002d9710	00000000002d971e
00000000002d9720	00000000002d972d
00000000002d9730	00000000002d973e
00000000002d9740	00000000002d974e
00000000002d9750	00000000002d975e
00000000002d9760	00000000002d976e
00000000002d9770	00000000002d9787
00000000002d9790	00000000002d97a6
00000000002d97b0	00000000002d97c6
00000000002d97d0	00000000002d97e8
00000000002d97f0	00000000002d9811
00000000002d9820	00000000002d9841
00000000002d9850	00000000002d9874
00000000002d9d20	00000000002d9d6d
00000000002d9d70	00000000002d9e0d
00000000002d9e10	00000000002d9e7b
000000000005d86a	000000000005d891
00000000002d9e7b	00000000002da030
00000000002da030	00000000002da061
000000000005d891	000000000005d8a4
000000000005d8b0	000000000005d920
000000000005d920	000000000005d9a2
000000000005d9a2	000000000005d9b4
000000000005d9c0	000000000005d9dc
000000000005d9e0	000000000005da3a
00000000002daf90	00000000002dafa9
00000000002db080	00000000002db0d7
000000000005da3a	000000000005da76
000000000005da76	000000000005dab9
000000000005dab9	000000000005daf5
000000000005daf5	000000000005db31
00000000002db300	00000000002db319
00000000002db320	00000000002db331
00000000002db340	00000000002db3a1
00000000002db3b0	00000000002db4a8
00000000002db4b0	00000000002db4c2
00000000002db4d0	00000000002db547
00000000002db550	00000000002db56a
00000000002db570	00000000002db5d2
00000000002db5e0	00000000002db642
00000000002db650	00000000002db69f
00000000002db6a0	00000000002db71d
00000000002db720	00000000002db899
00000000002db8a0	00000000002db8b3
00000000002db8c0	00000000002dbec8
00000000002dbed0	00000000002dc044
00000000002dc050	00000000002dc394
00000000002dc3a0	00000000002dc81d
00000000002dc820	00000000002dc912
00000000002dc920	00000000002dc9fa
00000000002dca00	00000000002dca0f
00000000002dd330	00000000002dd3b9
00000000002dd3c0	00000000002dd4ed
00000000002dd4f0	00000000002dd52d
00000000002dd530	00000000002dd591
00000000002dd5a0	00000000002dd694
00000000002dd6a0	00000000002dd6b2
00000000002dd6c0	00000000002dda2d
00000000002dda30	00000000002ddae8
00000000002ddaf0	00000000002ddb02
00000000002ddb10	00000000002ddc44
00000000002ddc50	00000000002ddc58
00000000002ddc60	00000000002ddf82
00000000002ddf90	00000000002de0b4
00000000002de0c0	00000000002deddc
00000000002dede0	00000000002df32d
00000000002df330	00000000002df4b0
00000000002df4b0	00000000002df4f6
00000000002df500	00000000002df553
00000000002df560	00000000002df659
00000000002df660	00000000002df676
00000000002df680	00000000002df71b
00000000002df720	00000000002df739
00000000002df740	00000000002df90e
00000000002df910	00000000002dfa38
000000000005db40	000000000005db46
000000000005db50	000000000005dc0d
00000000002dfa40	00000000002dfa6a
00000000002dfa70	00000000002dfa7e
00000000002dfa80	00000000002dfa8e
00000000002dfa90	00000000002dfa9f
00000000002dfaa0	00000000002dfb04
00000000002dfb10	00000000002dfb5a
00000000002dfb60	00000000002dfbb7
00000000002dfbc0	00000000002dfcbd
00000000002dfcc0	00000000002dfd5f
00000000002dfd60	00000000002dfd8a
00000000002dfd90	00000000002dfea5
00000000002dfeb0	00000000002dffb4
00000000002dffc0	00000000002dffcf
00000000002dffd0	00000000002dfffe
000000000005dc10	000000000005dc4b
00000000002e0000	00000000002e009f
00000000002e00a0	00000000002e00be
00000000002e00c0	00000000002e0131
00000000002e0140	00000000002e01d8
00000000002e01e0	00000000002e02ba
00000000002e02c0	00000000002e039a
00000000002e03a0	00000000002e0652
000000000005dc50	000000000005dcbd
000000000005dcc0	000000000005dd2c
00000000002e0660	00000000002e0827
00000000002e0830	00000000002e09db
00000000002e09e0	00000000002e0a58
00000000002e0a60	00000000002e0b1c
00000000002e0b20	00000000002e0bdc
00000000002e0be0	00000000002e0c3a
000000000005dd30	000000000005dd83
00000000002e0c40	00000000002e0c5b
00000000002e0c60	00000000002e0c7b
00000000002e0c80	00000000002e0c8d
00000000002e0c90	00000000002e0d2b
000000000005dd90	000000000005ddf3
000000000005de00	000000000005df3c
00000000002e0d30	00000000002e0ebc
00000000002e0ec0	00000000002e0f9d
00000000002e0fa0	00000000002e1230
00000000002e1230	00000000002e12bc
00000000002e12c0	00000000002e131d
00000000002e1320	00000000002e141e
00000000002e1420	00000000002e1b06
00000000002e1b10	00000000002e1cac
000000000005df40	000000000005dfbd
00000000002e1cb0	00000000002e3716
00000000002e3720	00000000002e377a
00000000002e3780	00000000002e4afa
00000000002e4b00	00000000002e4b50
00000000002e4b50	00000000002e570f
00000000002e5710	00000000002e5c60
00000000002e5c60	00000000002e7183
00000000002e7190	00000000002e71a2
00000000002e71b0	00000000002e7581
000000000005dfc0	000000000005e023
00000000002e7590	00000000002e76d1
000000000005e030	000000000005e093
00000000002e76e0	00000000002e7868
00000000002e7870	00000000002e7aa0
00000000002e7aa0	00000000002e7dbf
00000000002e7dc0	00000000002e816f
00000000002e8170	00000000002e8557
00000000002e8560	00000000002e89e6
00000000002e89f0	00000000002e8a47
00000000002e8a50	00000000002e8bbd
00000000002e8bc0	00000000002e8bd5
00000000002e8be0	00000000002e8d84
00000000002e8d90	00000000002e96a8
000000000005e0a0	000000000005e103
00000000002e96b0	00000000002eba7d
00000000002eba80	00000000002ebd51
00000000002ebd60	00000000002ebfc7
000000000005e110	000000000005e173
000000000005e180	000000000005e1f0
00000000002ebfd0	00000000002ec059
000000000005e1f0	000000000005e26b
00000000002ec060	00000000002ec10d
00000000002ec110	00000000002ec55a
00000000002ec560	00000000002ec5f5
000000000005e270	000000000005e2d3
00000000002ec600	00000000002ed492
000000000005e2e0	000000000005e343
000000000005e350	000000000005e3b3
00000000002ed4a0	00000000002ed526
00000000002ed530	00000000002ed5b6
00000000002ed5c0	00000000002ed5ce
00000000002ed5d0	00000000002ed61f
00000000002ed620	00000000002ee25d
00000000002ee260	00000000002ee26e
00000000002ee270	00000000002ee422
00000000002ee430	00000000002ee641
00000000002ee650	00000000002ee90d
00000000002ee910	00000000002eea4f
00000000002eea50	00000000002eeb74
00000000002eeb80	00000000002eebaf
00000000002eebb0	00000000002eed6d
00000000002eed70	00000000002eee20
000000000005e3c0	000000000005e453
00000000002eee20	00000000002eeeb2
00000000002eeec0	00000000002eef52
00000000002eef60	00000000002eef6e
00000000002eef70	00000000002eefae
00000000002eefb0	00000000002eefbd
00000000002eefc0	00000000002ef007
00000000002ef010	00000000002ef02e
00000000002ef030	00000000002ef0c4
00000000002ef0d0	00000000002ef1a2
00000000002ef1b0	00000000002ef499
00000000002ef4a0	00000000002ef4ae
00000000002ef4b0	00000000002efcaa
00000000002efcb0	00000000002efdd3
00000000002efde0	00000000002eff03
00000000002eff10	00000000002eff1e
00000000002eff20	00000000002eff2d
00000000002eff30	00000000002f0086
00000000002f0090	00000000002f009e
00000000002f00a0	00000000002f0166
00000000002f0170	00000000002f0236
00000000002f0240	00000000002f024e
00000000002f0250	00000000002f025d
00000000002f0260	00000000002f026e
00000000002f0270	00000000002f0388
00000000002f0390	00000000002f04a8
00000000002f04b0	00000000002f04be
00000000002f04c0	00000000002f04c3
00000000002f04d0	00000000002f04dd
00000000002f04e0	00000000002f074e
00000000002f0750	00000000002f075e
00000000002f0760	00000000002f07cc
00000000002f07d0	00000000002f08cf
00000000002f08d0	00000000002f08e2
00000000002f08f0	00000000002f09fd
00000000002f0a00	00000000002f0a65
00000000002f0a70	00000000002f0aeb
00000000002f0af0	00000000002f0b6b
00000000002f0b70	00000000002f0b7b
00000000002f0b80	00000000002f0b93
00000000002f0c10	00000000002f0c23
00000000002f0c30	00000000002f0f3c
00000000002f0f40	00000000002f33b1
00000000002f33c0	00000000002f3c95
00000000002f3ca0	00000000002f3dec
00000000002f3df0	00000000002f3ff2
00000000002f4000	00000000002f58ed
00000000002f58f0	00000000002f591d
00000000002f5920	00000000002f7989
00000000002f7990	00000000002f7c3c
00000000002f7c40	00000000002f8ef7
00000000002f8f00	00000000002f8f64
00000000002f8f70	00000000002f9102
00000000002f9110	00000000002f9fba
00000000002f9fc0	00000000002fa01d
00000000002fa020	00000000002fac9e
00000000002faca0	00000000002fb154
00000000002fb160	00000000002fb2d6
00000000002fb2e0	00000000002fb2f2
00000000002fb300	00000000002fb441
00000000002fb450	00000000002fba9f
00000000002fbaa0	00000000002fbdf1
00000000002fbe00	00000000002fc225
00000000002fc230	00000000002fc40d
00000000002fc410	00000000002fc465
00000000002fc470	00000000002fc595
00000000002fc5a0	00000000002fc5b0
00000000002fc5b0	00000000002fc80e
00000000002fc810	00000000002fc858
00000000002fc860	0000000000306704
0000000000306710	00000000003067cd
00000000003067d0	0000000000306886
0000000000306890	0000000000306c35
0000000000306c40	0000000000306dc1
0000000000306dd0	00000000003071b6
00000000003071c0	00000000003073d7
000000000005e460	000000000005e4c3
00000000003073e0	000000000030747a
0000000000307480	0000000000307746
0000000000307750	0000000000307c1c
0000000000307c20	0000000000307f88
0000000000307f90	0000000000308199
00000000003081a0	000000000030a46d
000000000030a470	000000000030a5ae
000000000030a5b0	000000000030a7ff
000000000030a800	000000000030a9fd
000000000030aa00	000000000030b074
000000000030b080	000000000030b8a7
000000000030b8b0	000000000030be7e
000000000030be80	000000000030bf0a
000000000030bf10	000000000030e4c3
000000000030e4d0	000000000030e5ee
000000000030e5f0	000000000030e67d
000000000030e680	000000000030e6eb
000000000030e6f0	000000000030e898
000000000030e8a0	000000000030eb5c
000000000030eb60	000000000030f691
000000000030f6a0	000000000030fc21
000000000030fc30	00000000003101e0
000000000005e4d0	000000000005e533
00000000003101e0	00000000003113f7
0000000000311400	000000000031176a
0000000000311770	0000000000311fb4
0000000000311fc0	0000000000312154
0000000000312160	000000000031241c
0000000000312420	000000000031266c
0000000000312670	0000000000312828
0000000000312830	00000000003129fa
0000000000312a00	0000000000312a6c
0000000000312a70	0000000000312c6d
0000000000312c70	0000000000312e2d
0000000000312e30	0000000000312e3e
0000000000312e40	00000000003132c4
00000000003132d0	0000000000313338
0000000000313340	00000000003133d1
00000000003133e0	0000000000313402
0000000000313410	000000000031347c
0000000000313480	00000000003136ba
00000000003136c0	0000000000313736
0000000000313740	000000000031377f
0000000000313780	00000000003138a1
00000000003138b0	0000000000313a7b
0000000000313a80	0000000000313b77
0000000000313b80	0000000000313ba4
0000000000313bb0	0000000000313ca4
0000000000313cb0	0000000000313cd2
0000000000313ce0	0000000000313db2
0000000000313dc0	0000000000313e2d
0000000000313e30	0000000000313edb
0000000000313ee0	0000000000313ee3
0000000000313ef0	0000000000313ef3
0000000000313f00	0000000000313f03
000000000005e533	000000000005e61c
0000000000313f10	0000000000313f22
0000000000313f30	0000000000313f46
0000000000313f50	0000000000313f60
000000000005e620	000000000005e64b
0000000000313f60	0000000000314120
0000000000314120	0000000000314549
0000000000314550	0000000000314a13
0000000000314a20	0000000000314b02
0000000000314b10	0000000000314d7b
0000000000314d80	0000000000314fd3
000000000005e64b	000000000005e687
0000000000314fe0	0000000000315024
0000000000315030	0000000000315086
0000000000315090	000000000031531e
0000000000315320	000000000031537f
0000000000315380	0000000000315392
000000000005e687	000000000005e6bb
000000000005e6bb	000000000005e6ed
00000000003153a0	0000000000315494
00000000003154a0	000000000031562b
0000000000315630	0000000000315886
0000000000315890	00000000003158ee
00000000003158f0	00000000003159e9
00000000003159f0	0000000000315ab9
0000000000315ac0	0000000000315b2e
0000000000315b30	0000000000315c19
0000000000315c20	0000000000315d19
0000000000315d20	0000000000315f17
000000000005e6f0	000000000005e7b5
000000000005e7c0	000000000005e7d1
0000000000315f20	00000000003163f0
00000000003163f0	0000000000316461
0000000000316470	00000000003165ec
00000000003165f0	000000000031699b
00000000003169a0	0000000000316bd0
0000000000316bd0	0000000000316dc0
0000000000316dc0	0000000000316ed2
0000000000316ee0	0000000000317032
0000000000317040	0000000000317497
00000000003174a0	00000000003175b0
00000000003175b0	000000000031767b
0000000000317680	000000000031784e
0000000000317850	0000000000317a7d
0000000000317a80	0000000000317c64
0000000000317c70	0000000000317d69
0000000000317d70	0000000000317e80
0000000000317e80	0000000000318019
0000000000318020	00000000003180c9
00000000003180d0	0000000000318194
00000000003181a0	0000000000318293
00000000003182a0	00000000003183b4
00000000003183c0	0000000000318721
0000000000318730	0000000000318c4c
0000000000318c50	0000000000318d4a
000000000005e7e0	000000000005e7e9
0000000000318d50	00000000003190ac
00000000003190b0	0000000000319149
0000000000319150	0000000000319334
000000000005e7f0	000000000005e808
000000000005e810	000000000005e83e
0000000000319340	0000000000319354
000000000005e840	000000000005e86e
0000000000319360	0000000000319374
000000000005e870	000000000005e8a3
000000000005e8b0	000000000005e901
000000000005e910	000000000005e927
000000000005e963	000000000005e973
000000000005e973	000000000005e97c
000000000005e980	000000000005e9a1
0000000000319380	00000000003193fa
0000000000319400	0000000000319472
0000000000319480	0000000000319564
0000000000319570	000000000031968b
000000000005e9b0	000000000005e9c8
000000000005e9d0	000000000005e9e8
000000000005e9f0	000000000005ea08
0000000000319690	00000000003197d2
00000000003197e0	00000000003198d9
00000000003198e0	00000000003199f5
0000000000319a00	0000000000319af9
0000000000319b00	0000000000319bf9
0000000000319c00	0000000000319ca9
0000000000319cb0	0000000000319d6c
0000000000319d70	0000000000319e31
000000000005ea10	000000000005ea2c
0000000000319e40	000000000031a2c1
000000000031a2d0	000000000031a46c
000000000031a470	000000000031aa44
000000000031aa50	000000000031bd4b
000000000005ea30	000000000005ea6f
000000000031bd50	000000000031c6c0
000000000031c6c0	000000000031c9e1
000000000031c9f0	000000000031ca2e
000000000031ca30	000000000031ca41
000000000031ca50	000000000031ca7d
000000000031ca80	000000000031cb52
000000000031cb60	000000000031cc73
000000000031cc80	000000000031cccb
000000000031ccd0	000000000031cd64
000000000031cd70	000000000031d146
000000000031d150	000000000031d2da
000000000031d2e0	000000000031d351
000000000031d360	000000000031d5b9
000000000031d5c0	000000000031d802
000000000031d810	000000000031d8f2
000000000031d900	000000000031d973
000000000031d980	000000000031db43
000000000031db50	000000000031dbc1
000000000031dbd0	000000000031dbe4
000000000031dbf0	000000000031e326
000000000031e330	000000000031e454
000000000031e460	000000000031e479
000000000031e480	000000000031e4c4
000000000031e4d0	000000000031e59a
000000000031e5a0	000000000031e5b2
000000000031e5c0	000000000031e633
000000000031e640	000000000031e648
000000000031e650	000000000031e694
000000000031e6a0	000000000031e76a
000000000031e770	000000000031e782
000000000031e790	000000000031f4c0
000000000031f4c0	000000000031f638
000000000031f640	000000000031fcd0
000000000031fcd0	000000000031fd9a
000000000031fda0	000000000031fe94
000000000031fea0	000000000031fec9
000000000031fed0	000000000031fef9
000000000031ff00	000000000031ff18
000000000031ff20	000000000032012b
0000000000320130	0000000000320245
0000000000320250	0000000000320258
0000000000320260	00000000003202a4
00000000003202b0	000000000032037a
0000000000320380	0000000000320392
00000000003203a0	00000000003203e4
00000000003203f0	00000000003204ba
00000000003204c0	00000000003204d2
00000000003204e0	0000000000320507
0000000000320510	0000000000320528
0000000000320530	00000000003205a1
00000000003205b0	000000000032062a
0000000000320630	0000000000321c7d
0000000000321c80	0000000000321f88
0000000000321f90	000000000032230d
0000000000322310	0000000000322326
0000000000322330	0000000000322364
0000000000322370	00000000003223e2
00000000003223f0	0000000000322462
0000000000322470	0000000000322552
0000000000322560	0000000000322574
0000000000322580	00000000003225f3
0000000000322600	00000000003226c4
00000000003226d0	0000000000322c9c
0000000000322ca0	0000000000322e1c
0000000000322e20	0000000000322e70
0000000000322e70	0000000000322ee0
0000000000322ee0	000000000032320f
0000000000323210	0000000000323220
0000000000323220	0000000000323230
0000000000323230	0000000000323260
0000000000323260	0000000000323287
0000000000323290	00000000003232f6
0000000000323300	0000000000323330
0000000000323330	00000000003233e6
00000000003233f0	0000000000323462
0000000000323470	0000000000323602
000000000005ea70	000000000005edea
000000000005edf0	000000000005eed4
0000000000323610	000000000032361d
0000000000323620	00000000003238c1
00000000003238d0	0000000000323979
0000000000323980	0000000000323a9d
000000000005eee0	000000000005f11b
0000000000323aa0	0000000000323d43
000000000005f120	000000000005f176
0000000000323d50	0000000000323e1f
0000000000323e20	0000000000323eef
0000000000323ef0	0000000000324344
000000000005f180	000000000005f1bc
0000000000324350	0000000000324408
0000000000324410	00000000003244ba
000000000005f1c0	000000000005f343
000000000005f350	000000000005f3ab
00000000003244c0	0000000000324c99
0000000000324ca0	0000000000324f96
0000000000324fa0	000000000032505a
0000000000325060	00000000003252ea
00000000003252ea	000000000032530f
000000000032530f	0000000000325334
0000000000325334	000000000032543a
000000000032543a	0000000000325473
0000000000325473	00000000003255c2
00000000003255c2	00000000003255f1
00000000003255f1	0000000000325678
000000000005f3ab	000000000005f481
0000000000325678	00000000003256a7
0000000000325fe5	0000000000326020
000000000005f490	000000000005f9ce
0000000000326020	000000000032603e
0000000000326040	00000000003269c6
00000000003269d0	0000000000326d4d
0000000000326d50	0000000000326d77
0000000000326d80	0000000000326f09
0000000000326f10	000000000032725a
0000000000327260	00000000003272c6
00000000003272d0	0000000000329d60
0000000000329d60	000000000032a224
000000000032a230	000000000032a24e
000000000032a250	000000000032a435
000000000032a440	000000000032a626
000000000032a630	000000000032a767
000000000032a770	000000000032a789
000000000032a790	000000000032a7a9
000000000032a7b0	000000000032a7be
000000000032a7c0	000000000032a7d9
000000000032a7e0	000000000032a7f9
000000000032a800	000000000032a80e
000000000032a810	000000000032a934
000000000032a940	000000000032a94e
000000000032a950	000000000032aa64
000000000032aa70	000000000032aa97
000000000032aaa0	000000000032aaae
000000000032aab0	000000000032abd4
000000000032abe0	000000000032abf9
000000000032ac00	000000000032ac19
000000000032ac20	000000000032ac2e
000000000032ac30	000000000032ac49
000000000032ac50	000000000032ac69
000000000032ac70	000000000032ac7e
000000000032ac80	000000000032ac99
000000000032aca0	000000000032acb9
000000000032acc0	000000000032acce
000000000032acd0	000000000032ad50
000000000032ad50	000000000032adbc
000000000032adc0	000000000032ae21
000000000032ae30	000000000032afef
000000000032aff0	000000000032b005
000000000032b010	000000000032b015
000000000032b020	000000000032b1f9
000000000032b200	000000000032b264
000000000032b270	000000000032b28b
000000000032b290	000000000032b43d
000000000032b440	000000000032b509
000000000032b510	000000000032b5f3
000000000032b600	000000000032b615
000000000032b620	000000000032b91a
000000000032b920	000000000032c362
000000000032c370	000000000032c4f9
000000000032c500	000000000032c696
000000000032c6a0	000000000032c858
000000000032c860	000000000032c97d
000000000032c980	000000000032caf9
000000000032cb00	000000000032cc76
000000000032cc80	000000000032d08a
000000000032d090	000000000032d118
000000000032d120	000000000032d209
000000000032d210	000000000032d3ed
000000000032d3f0	000000000032d41c
000000000032d4c0	000000000032d4ec
000000000032d4f0	000000000032d50d
000000000032d510	000000000032d53d
000000000032d540	000000000032d5a8
000000000032d5b0	000000000032d5dd
000000000032d5e0	000000000032d60d
000000000032d610	000000000032d678
000000000032d680	000000000032d6af
000000000032d6b0	000000000032d6ce
000000000032d6d0	000000000032d75d
000000000032d760	000000000032d883
000000000032d890	000000000032d8a2
000000000032d8b0	000000000032daa0
000000000032daa0	000000000032dcd2
000000000032dce0	000000000032dfcd
000000000032dfd0	000000000032e0f7
000000000032e100	000000000032e13f
000000000032e140	000000000032e33a
000000000032e340	000000000032e618
000000000032e620	000000000032e64c
000000000032e650	000000000032e84f
000000000032e850	000000000032e8a5
000000000032e8b0	000000000032e9f0
000000000005f9d0	000000000005fa33
000000000005fa40	000000000005faa3
000000000005fab0	000000000005fb13
000000000005fb20	000000000005fb83
000000000032e9f0	000000000032ea71
000000000032ea80	000000000032eaf1
000000000032eb00	000000000032eb6c
000000000032eb70	000000000032ec0c
000000000032ec10	000000000032ed2e
000000000032ed30	000000000032eee4
000000000032eef0	000000000032f1f1
000000000005fb90	000000000005fbff
000000000032f200	000000000032f2b7
000000000032f2c0	000000000032f57f
000000000032f580	000000000032f59e
000000000005fc00	000000000005fc7d
000000000032f5a0	000000000032f8e9
000000000032f8f0	000000000032ff0d
000000000032ff10	000000000033025e
0000000000330260	00000000003307cd
00000000003307d0	0000000000330ab3
0000000000330ac0	0000000000330d7d
0000000000330d80	0000000000330f57
0000000000330f60	000000000033125a
0000000000331260	000000000033155a
0000000000331560	0000000000331636
0000000000331640	00000000003317e7
00000000003317f0	0000000000331acb
0000000000331ad0	0000000000331b7a
0000000000331b80	0000000000331d8a
0000000000331d90	0000000000331f6a
0000000000331f70	0000000000332159
0000000000332160	0000000000332178
0000000000332180	000000000033218e
0000000000332190	00000000003321e6
00000000003321f0	00000000003321fb
0000000000332200	000000000033220b
0000000000332210	000000000033221b
0000000000332220	000000000033222d
0000000000332230	000000000033223e
0000000000332240	00000000003325c6
00000000003325d0	00000000003325db
00000000003325e0	00000000003325eb
00000000003325f0	00000000003325fb
0000000000332600	000000000033260d
0000000000332610	0000000000332a95
0000000000332aa0	0000000000332d9a
0000000000332da0	0000000000332f65
000000000005fc80	0000000000060866
0000000000332f70	0000000000332fdc
0000000000332fe0	00000000003330cf
00000000003330d0	00000000003330e2
00000000003330f0	0000000000333246
0000000000333250	0000000000333559
0000000000333560	0000000000333769
0000000000333770	00000000003338b1
00000000003338c0	0000000000333b2c
0000000000333b30	0000000000333c87
0000000000333c90	0000000000333ced
0000000000333cf0	0000000000333e2b
0000000000333e30	0000000000333e5c
0000000000333e60	0000000000333e79
0000000000333e80	0000000000333eb2
0000000000333ec0	0000000000334212
0000000000334220	000000000033424e
0000000000334250	0000000000334413
0000000000334420	000000000033442e
00000000003344e0	000000000033451d
0000000000334520	000000000033452e
0000000000334530	000000000033573e
0000000000335740	0000000000336b25
0000000000336b30	0000000000336dc7
0000000000060870	00000000000608d3
00000000000608e0	0000000000060a1c
0000000000336dd0	0000000000336e10
0000000000336e10	00000000003371d8
0000000000060a20	0000000000060a99
00000000003371e0	00000000003374a3
00000000003374b0	00000000003374fe
0000000000337500	00000000003375e0
00000000003375e0	00000000003375f2
0000000000337600	00000000003379a8
00000000003379b0	0000000000337fed
0000000000337ff0	00000000003380e6
00000000003380f0	00000000003381b2
00000000003381c0	00000000003382c7
00000000003382d0	00000000003382e4
0000000000060aa0	0000000000060b03
00000000003382f0	0000000000338ba9
0000000000338bb0	0000000000338c03
0000000000338c10	0000000000338cc3
0000000000338cd0	0000000000338e12
0000000000338e20	0000000000338e31
0000000000338e40	0000000000338e4e
0000000000338e50	0000000000338e61
0000000000338e70	0000000000338e8e
0000000000338e90	0000000000338fa4
0000000000338fb0	00000000003390d4
00000000003390e0	0000000000339186
0000000000339190	000000000033953c
0000000000339540	0000000000339548
0000000000339550	0000000000339674
0000000000339680	0000000000339840
0000000000339840	000000000033997b
0000000000339980	0000000000339ad2
0000000000339ae0	0000000000339bff
0000000000339c00	0000000000339dab
0000000000339db0	0000000000339dbe
0000000000339dc0	0000000000339ddf
0000000000339de0	0000000000339dfd
0000000000339e00	0000000000339e1f
0000000000339e20	0000000000339e7c
0000000000339e80	000000000033a288
000000000033a290	000000000033a2da
000000000033a2e0	000000000033a541
000000000033a550	000000000033a55e
000000000033a560	000000000033a5aa
000000000033a5b0	000000000033a5bb
000000000033a5c0	000000000033a5cb
000000000033a5d0	000000000033a5db
000000000033a5e0	000000000033a5ed
000000000033a5f0	000000000033a692
000000000033a6a0	000000000033a6f0
000000000033a6f0	000000000033a6f8
000000000033a700	000000000033a70e
000000000033a710	000000000033a762
000000000033a770	000000000033a7ee
000000000033a7f0	000000000033acc9
0000000000060b10	0000000000060b16
000000000033acd0	000000000033acd5
000000000033ace0	000000000033adec
000000000033adf0	000000000033b043
000000000033b050	000000000033b089
000000000033b090	000000000033b111
000000000033b120	000000000033b209
000000000033b210	000000000033b45a
000000000033b460	000000000033b779
000000000033b780	000000000033b7aa
000000000033b7b0	000000000033ba8d
000000000033ba90	000000000033baa8
000000000033bab0	000000000033bcb2
000000000033bcc0	000000000033bcec
000000000033bcf0	000000000033bd1c
000000000033bd20	000000000033bd56
000000000033bd60	000000000033c163
000000000033c170	000000000033c24c
000000000033c250	000000000033c343
000000000033c350	000000000033c9b8
000000000033c9c0	000000000033d380
000000000033d380	000000000033d709
000000000033d710	000000000033d7c2
000000000033d7d0	000000000033d883
000000000033d890	000000000033d96a
000000000033d970	000000000033da62
000000000033da70	000000000033e0b5
000000000033e0c0	000000000033eb12
000000000033eb20	000000000033ee94
000000000033eea0	000000000033ef47
000000000033ef50	000000000033f042
000000000033f050	000000000033f695
000000000033f6a0	00000000003400f2
0000000000340100	0000000000342ed3
0000000000060b20	0000000000060b8d
0000000000060b90	0000000000060bfc
0000000000060c00	0000000000060eb1
0000000000060ec0	000000000006113b
0000000000061140	00000000000613e1
0000000000342ee0	00000000003430b1
00000000000613f0	0000000000061475
00000000003430c0	0000000000343e5a
0000000000343e60	0000000000344152
0000000000344160	00000000003449e9
00000000003449f0	0000000000344be3
0000000000061480	0000000000061502
0000000000344bf0	0000000000345045
0000000000345050	0000000000345222
0000000000345230	00000000003453f8
0000000000345400	0000000000345667
0000000000345670	0000000000345755
0000000000345760	000000000034583a
0000000000345840	00000000003461ff
0000000000346200	00000000003466d9
00000000003466e0	00000000003468ba
0000000000061510	0000000000061567
0000000000061570	00000000000615f3
00000000003468c0	00000000003468d9
00000000003468e0	0000000000346e56
0000000000346e60	000000000034731a
0000000000347320	000000000034766c
0000000000347670	0000000000347780
0000000000347780	00000000003479be
0000000000347a70	0000000000347a93
0000000000347aa0	0000000000347e85
0000000000347e90	00000000003480cf
00000000003480d0	00000000003480e5
00000000003480f0	00000000003480fe
0000000000348100	0000000000348115
0000000000348120	000000000034848e
0000000000348490	00000000003485c5
00000000003485d0	00000000003485e9
00000000003485f0	00000000003485f3
0000000000348600	0000000000348601
0000000000348610	0000000000348629
0000000000348630	00000000003487dc
00000000003487e0	000000000034897c
0000000000348980	00000000003489ef
00000000003489f0	0000000000348a2d
0000000000348a30	0000000000348c1a
0000000000348c20	0000000000348d10
0000000000348d10	0000000000348e7f
0000000000348e80	0000000000348eef
0000000000348ef0	0000000000349798
00000000003497a0	0000000000349bb8
0000000000349bb8	000000000034b88b
000000000034b88b	000000000034bc4e
000000000034bc4e	000000000034bff9
000000000034bff9	000000000034c13f
000000000034c140	000000000034c229
000000000034c230	000000000034c2a5
000000000034c2b0	000000000034c3af
000000000034c3b0	000000000034c4f7
000000000034c500	000000000034c61b
000000000034c620	000000000034c6a7
000000000034c6b0	000000000034c6d3
000000000034c6e0	000000000034cb5f
000000000034cb60	000000000034cbd8
000000000034cbe0	000000000034ce32
000000000034ce40	000000000034d092
000000000034d0a0	000000000034d12d
000000000034d130	000000000034d145
000000000034d150	000000000034d1a7
000000000034d1b0	000000000034d33b
0000000000061600	0000000000061609
0000000000061610	000000000006162c
0000000000061630	00000000000618d3
00000000000618e0	0000000000061c57
0000000000061c60	0000000000061cf6
000000000034d670	000000000034d685
0000000000061d00	0000000000061f7b
0000000000061f80	00000000000624e4
00000000000624f0	0000000000062c2b
0000000000062c30	0000000000062fd1
000000000034d690	000000000034d85f
0000000000062fe0	00000000000632c0
000000000034d860	000000000034defd
000000000034df00	000000000034e158
00000000000632c0	000000000006330a
0000000000063310	0000000000063459
000000000034e160	000000000034e375
0000000000063460	000000000006353b
0000000000063540	000000000006355c
0000000000063560	00000000000635ce
00000000000635d0	00000000000636c8
000000000034e380	000000000034eb39
00000000000636d0	000000000006373d
000000000034eb40	000000000034eb52
000000000034eb60	000000000034ee38
0000000000063740	00000000000637ad
000000000034ee40	000000000034f920
000000000034f920	000000000034fada
000000000034fae0	000000000034faf1
000000000034fb00	000000000034fb3d
000000000034fb40	000000000034fb51
000000000034fb60	000000000034fb70
000000000034fb70	000000000034fb80
000000000034fb80	000000000034fb91
000000000034fba0	000000000034fc98
000000000034fca0	000000000035011c
0000000000350120	00000000003506f7
0000000000350700	0000000000350726
0000000000350730	0000000000350740
0000000000350740	0000000000350749
0000000000350750	000000000035075d
0000000000350760	0000000000350770
0000000000350770	000000000035077e
0000000000350780	0000000000350792
00000000003507a0	00000000003507ae
00000000003507b0	00000000003507be
00000000003507c0	00000000003507ce
00000000003507d0	00000000003507de
00000000003507e0	00000000003507ee
00000000003507f0	000000000035096b
0000000000350970	0000000000350a58
0000000000350a60	0000000000350c63
0000000000350c70	0000000000350c82
0000000000350c90	0000000000350c9d
0000000000350ca0	0000000000351547
00000000000637b0	0000000000063805
0000000000351550	00000000003515c0
00000000003515c0	00000000003515d1
00000000003515e0	00000000003515f1
0000000000351600	0000000000351611
0000000000351620	0000000000351632
0000000000351640	00000000003516a6
00000000003516b0	00000000003518b2
0000000000351980	00000000003519ec
00000000003519f0	0000000000351c51
0000000000351c60	0000000000351d21
0000000000351d30	0000000000351d41
0000000000351d50	0000000000351d5e
0000000000351d60	0000000000351daf
0000000000351e70	0000000000351edc
0000000000351ee0	0000000000352125
0000000000352130	00000000003521d8
00000000003521e0	00000000003521f1
0000000000352200	000000000035220e
0000000000063810	0000000000063cb0
0000000000352210	000000000035237f
0000000000063cb0	0000000000064116
0000000000064116	000000000006414e
0000000000352380	00000000003523ce
00000000003523d0	0000000000352568
0000000000352570	0000000000352713
0000000000352720	000000000035283c
0000000000352840	0000000000352980
0000000000352980	000000000035327a
0000000000353280	0000000000353414
0000000000353420	00000000003534db
00000000003534e0	00000000003535dd
00000000003535e0	000000000035386e
0000000000353870	000000000035b196
000000000035b1a0	000000000035b3a3
000000000035b3b0	000000000035caa7
000000000035cab0	000000000035cb10
000000000035cb10	000000000035ccba
000000000035ccc0	000000000035ce14
000000000035ce20	000000000035cec5
000000000035ced0	000000000035d087
000000000035d090	000000000035d690
000000000035d690	000000000035d729
000000000035d730	000000000035d8d1
000000000035d8e0	000000000035da49
000000000035da50	000000000035da6e
0000000000064150	00000000000641bd
000000000035da70	000000000035db9d
000000000035dba0	000000000035dd09
00000000000641c0	00000000000642fc
000000000035dd10	000000000035dd15
000000000035dd20	000000000035dd6c
000000000035dd70	000000000035e70c
000000000035e710	000000000035e7bd
000000000035e7c0	000000000035e8dc
000000000035e8e0	000000000035e9ef
000000000035e9f0	000000000035fb14
000000000035fb20	000000000035fe33
000000000035fe40	000000000035ff97
000000000035ffa0	0000000000360fc9
0000000000360fd0	0000000000365a84
0000000000064300	000000000006439e
00000000000643a0	0000000000064403
0000000000365a90	0000000000365bc3
0000000000365bd0	0000000000366643
0000000000366650	0000000000366655
0000000000366660	0000000000366732
0000000000366740	000000000036677a
0000000000366780	00000000003670ff
0000000000367100	0000000000367718
0000000000367720	0000000000367742
0000000000367750	0000000000367755
0000000000367760	0000000000367765
0000000000367770	0000000000367775
0000000000367780	0000000000367806
0000000000367810	000000000036785c
0000000000367860	0000000000367cd2
0000000000367ce0	0000000000367d06
0000000000367d10	0000000000368010
0000000000368010	00000000003680cb
00000000003680d0	0000000000368105
0000000000368110	0000000000368664
0000000000368670	0000000000368689
0000000000368690	0000000000368732
0000000000368740	0000000000368ef4
0000000000368f00	0000000000368f0a
0000000000368f10	000000000036925d
0000000000369260	0000000000369265
0000000000369270	0000000000369352
0000000000369360	0000000000369399
00000000003693a0	0000000000369467
0000000000369470	0000000000369516
0000000000369520	0000000000369643
0000000000369650	00000000003697f9
0000000000369800	0000000000369c0c
0000000000369c10	0000000000369c15
0000000000369c20	0000000000369d02
0000000000369d10	0000000000369d49
0000000000369d50	0000000000369e17
0000000000369e20	0000000000369ec6
0000000000369ed0	000000000036a079
000000000036a080	000000000036a0d0
000000000036a0d0	000000000036a2c6
000000000036a2d0	000000000036a2da
000000000036a2e0	000000000036a50f
000000000036a510	000000000036a665
000000000036a670	000000000036a746
000000000036a750	000000000036a900
000000000036a900	000000000036a917
000000000036a920	000000000036aadd
000000000036aae0	000000000036b7b2
000000000036b7c0	000000000036b9de
000000000036b9e0	000000000036bd68
000000000036bd70	000000000036c4e9
000000000036c4f0	000000000036c617
000000000036c620	000000000036cd32
000000000036cd40	000000000036d830
000000000036d830	000000000036da0d
000000000036da10	000000000036e062
000000000036e070	000000000036e76f
000000000036e770	0000000000371971
0000000000371980	0000000000372062
0000000000372070	00000000003723a5
00000000003723b0	0000000000372ae8
0000000000372af0	0000000000372fac
0000000000372fb0	0000000000373eda
0000000000373ee0	0000000000374091
00000000003740a0	0000000000374103
00000000003741d0	0000000000374236
0000000000374240	0000000000374592
00000000003745a0	000000000037476e
0000000000374770	0000000000374773
0000000000374780	000000000037478e
0000000000374790	000000000037497d
0000000000374980	0000000000374c84
0000000000374c90	0000000000374d2a
0000000000374d30	0000000000374e6f
0000000000374e70	0000000000375051
0000000000375060	000000000037507a
0000000000375080	0000000000375174
0000000000375180	0000000000375382
0000000000375390	00000000003754c5
00000000003754d0	0000000000375733
0000000000375740	0000000000375986
0000000000375990	0000000000375b92
0000000000375c20	0000000000375dc7
0000000000375dd0	0000000000375de9
0000000000375df0	0000000000375dfe
0000000000064410	0000000000064924
0000000000064930	0000000000064d96
0000000000064da0	0000000000065240
0000000000065240	0000000000065687
0000000000065690	0000000000065ba8
0000000000375e00	0000000000375f93
0000000000065bb0	0000000000066102
0000000000375fa0	000000000037614d
0000000000066110	000000000006667b
0000000000066680	0000000000066bc9
0000000000376150	000000000037633a
0000000000376340	0000000000376401
0000000000066bd0	0000000000067169
0000000000376410	0000000000376573
0000000000067170	00000000000676c2
00000000000676d0	0000000000067b71
0000000000067b80	0000000000067fc7
0000000000376580	0000000000376d43
0000000000376d50	0000000000376eb5
0000000000376ec0	0000000000376f9d
0000000000376fa0	000000000037a432
000000000037a440	000000000037a72e
000000000037a730	000000000037a981
000000000037a990	000000000037afca
000000000037afd0	000000000037be3d
000000000037be40	000000000037bec1
000000000037bed0	000000000037bf3a
000000000037bf40	000000000037bfd4
000000000037bfe0	000000000037c19a
000000000037c1a0	000000000037c1cc
000000000037c1d0	000000000037ce94
000000000037cea0	000000000037cf40
000000000037cf40	000000000037d051
000000000037d060	000000000037d3ac
000000000037d3b0	000000000037d733
000000000037d740	000000000037fc77
000000000037fc80	000000000037fd2f
000000000037fd30	000000000037ff17
000000000037ff20	00000000003800b9
0000000000067fd0	0000000000068073
0000000000068080	00000000000680e3
00000000000680f0	000000000006822c
00000000003800c0	0000000000380fb3
0000000000380fc0	0000000000381191
00000000003811a0	0000000000381281
0000000000381290	000000000038189b
00000000003818a0	0000000000381964
0000000000381970	0000000000381de3
0000000000381df0	0000000000381e64
0000000000381e70	0000000000381ef8
0000000000381f00	0000000000381f5d
0000000000381f60	0000000000382079
0000000000382080	0000000000382d9e
0000000000382da0	0000000000382f20
0000000000382f20	0000000000382fa5
0000000000382fb0	000000000038302a
0000000000383030	0000000000383077
0000000000383080	0000000000383102
0000000000383110	000000000038317f
0000000000383180	0000000000389b8b
0000000000389b90	0000000000389bdc
0000000000389be0	0000000000389c5d
0000000000389c60	000000000038aa4e
000000000038aa50	000000000038ac78
000000000038ac80	000000000038ae1f
000000000038ae20	000000000038aec6
000000000038aed0	000000000038af3b
000000000038af40	000000000038b291
000000000038b2a0	000000000038ba7f
000000000038ba80	000000000038bf27
000000000038bf30	000000000038c064
000000000038c070	000000000038c9ed
000000000038c9f0	000000000038ca76
000000000038ca80	000000000038cb47
000000000038cb50	000000000038cd2d
000000000038cd30	000000000038ce8a
000000000038ce90	000000000038cf49
000000000038cf50	000000000038d21c
000000000038d220	000000000038d2a3
000000000038d2b0	000000000038d2ce
0000000000068230	00000000000682ad
00000000000682b0	000000000006834a
0000000000068350	00000000000683b3
000000000038d2d0	000000000038d5bc
000000000038d5c0	000000000038d7fa
000000000038d800	000000000038d8c2
000000000038d8d0	000000000038db44
00000000000683c0	000000000006845a
0000000000068460	00000000000684c3
000000000038db50	000000000038e286
000000000038e290	000000000038e541
000000000038e550	000000000038e920
000000000038e920	000000000038ec29
000000000038ec30	000000000038ecfa
000000000038ed00	000000000038edd3
000000000038ede0	000000000038f6e8
000000000038f6f0	000000000038fcd7
000000000038fce0	000000000038fec9
000000000038fed0	000000000039004f
0000000000390050	0000000000390162
0000000000390170	0000000000390318
0000000000390320	00000000003903a3
00000000003903b0	0000000000390817
0000000000390820	00000000003910e9
00000000003910f0	0000000000391518
0000000000391520	00000000003919c3
00000000003919d0	0000000000391e50
0000000000391e50	000000000039221d
0000000000392220	00000000003925af
00000000003925b0	00000000003935b5
00000000003935c0	0000000000395341
0000000000395350	00000000003955cf
00000000003955d0	0000000000395696
00000000003956a0	00000000003957ea
00000000003957f0	0000000000395dee
0000000000395df0	00000000003970a3
00000000003970b0	00000000003971df
00000000003971e0	000000000039728e
00000000000684d0	0000000000068533
0000000000068540	00000000000685d7
0000000000397290	0000000000397305
0000000000397310	0000000000397337
0000000000397340	0000000000397636
00000000000685e0	000000000006866f
0000000000068670	00000000000686d3
0000000000397640	0000000000397657
0000000000397660	0000000000397700
0000000000397700	00000000003978a4
00000000003978b0	0000000000397ba5
0000000000397bb0	0000000000397ec0
0000000000397ec0	000000000039a4c4
000000000039a4d0	000000000039abb8
00000000000686e0	0000000000068743
0000000000068750	00000000000688a4
000000000039abc0	000000000039adc2
00000000000688b0	0000000000068913
000000000039add0	000000000039aec0
000000000039aec0	000000000039aed9
000000000039aee0	000000000039af75
000000000039af80	000000000039b0fb
000000000039b100	000000000039b2f4
000000000039b300	000000000039b399
000000000039b3a0	000000000039b4c1
000000000039b4d0	000000000039b6dd
000000000039b6e0	000000000039b70c
000000000039b710	000000000039b835
000000000039b840	000000000039b934
000000000039b940	000000000039b9e0
000000000039b9e0	000000000039bb5b
000000000039bb60	000000000039bd41
000000000039bd50	000000000039be22
000000000039be30	000000000039bf2c
000000000039bf30	000000000039c6f9
000000000039c700	000000000039c947
000000000039c950	000000000039caa5
000000000039cab0	000000000039cbab
000000000039cbb0	000000000039cc1c
000000000039cc20	000000000039cd1f
000000000039cd20	000000000039cd32
000000000039cd40	000000000039cd57
000000000039cd60	000000000039ce11
000000000039ce20	000000000039ce37
000000000039ce40	000000000039ce48
000000000039ce50	000000000039ce67
000000000039ce70	000000000039ce8b
0000000000068920	0000000000068983
000000000039ce90	000000000039d351
000000000039d360	000000000039d390
000000000039d390	000000000039d890
000000000039d890	000000000039dc33
000000000039dc40	000000000039dc57
000000000039dc60	000000000039dc8f
000000000039dc90	000000000039dfd6
0000000000068990	0000000000068a2a
000000000039dfe0	000000000039f13b
000000000039f140	000000000039f690
000000000039f690	000000000039f7b8
000000000039f7c0	000000000039fa17
000000000039fa20	000000000039fce8
000000000039fcf0	00000000003a169a
00000000003a16a0	00000000003a743a
00000000003a7440	00000000003a75ef
00000000003a75f0	00000000003a7646
00000000003a7650	00000000003a7b3d
00000000003a7b40	00000000003a7d2e
00000000003a7d30	00000000003a7ea9
00000000003a7eb0	00000000003a7ec7
00000000003a7ed0	00000000003a808f
00000000003a8090	00000000003a80a9
00000000003a80b0	00000000003a81d1
00000000003a81e0	00000000003a83fd
00000000003a8400	00000000003a8606
00000000003a8610	00000000003a8777
0000000000068a30	0000000000068ee6
0000000000068ef0	0000000000069016
00000000003a8780	00000000003a8898
00000000003a88a0	00000000003a88b9
00000000003a88c0	00000000003a88d7
00000000003a88e0	00000000003a8ab7
00000000003a8ac0	00000000003a8c7f
00000000003a8c80	00000000003a8dee
00000000003a8df0	00000000003a9906
00000000003a9910	00000000003a9a7e
00000000003a9a80	00000000003a9ab0
00000000003a9ab0	00000000003a9ac7
00000000003a9ad0	00000000003a9aff
00000000003a9b00	00000000003a9b37
00000000003a9b40	00000000003a9b77
00000000003a9b80	00000000003a9ccf
00000000003a9cd0	00000000003a9e0f
00000000003a9e10	00000000003a9ebf
00000000003a9ec0	00000000003a9ec6
00000000003a9ed0	00000000003a9ed8
00000000003a9ee0	00000000003aa08f
00000000003aa090	00000000003aa148
00000000003aa150	00000000003ab083
00000000003ab090	00000000003ab2a8
00000000003ab2b0	00000000003ab42f
00000000003ab430	00000000003ab5bd
00000000003ab5c0	00000000003ab8ab
00000000003ab8b0	00000000003abb36
00000000003abb40	00000000003abd5d
00000000003abd60	00000000003abd9d
00000000003abda0	00000000003ac105
00000000003ac110	00000000003ac2cd
00000000003ac2d0	00000000003ac39f
00000000003ac3a0	00000000003ac47e
00000000003ac480	00000000003ac4bd
00000000003ac4c0	00000000003ac6fc
00000000003ac700	00000000003ac8c1
00000000003ac8d0	00000000003acfa9
00000000003acfb0	00000000003b0347
00000000003b0350	00000000003b0517
00000000003b0520	00000000003b08fa
00000000003b0900	00000000003b096f
0000000000069020	0000000000069083
0000000000069090	00000000000690f3
00000000003b0970	00000000003b09b9
00000000003b09c0	00000000003b0a61
00000000003b0a70	00000000003b0aa4
00000000003b0ab0	00000000003b0b50
00000000003b0b50	00000000003b1584
0000000000069100	0000000000069163
00000000003b1590	00000000003b1716
0000000000069170	0000000000069207
00000000003b1720	00000000003b19f0
00000000003b19f0	00000000003b19f7
00000000003b1a00	00000000003b1a03
00000000003b1a10	00000000003b1a74
00000000003b1a80	00000000003b1a94
00000000003b1aa0	00000000003b1aa1
00000000003b1ab0	00000000003b1e21
00000000003b1e30	00000000003b1e31
00000000003b1e40	00000000003b2079
00000000003b2080	00000000003b2097
00000000003b20a0	00000000003b20a4
00000000003b20b0	00000000003b20d2
00000000003b20e0	00000000003b2166
00000000003b2170	00000000003b2179
00000000003b2180	00000000003b218b
00000000003b2190	00000000003b219e
00000000003b21a0	00000000003b2320
00000000003b2320	00000000003b23f5
00000000003b2400	00000000003b24dd
00000000003b24e0	00000000003b24f9
00000000003b2500	00000000003b256c
00000000003b2570	00000000003b2813
00000000003b2820	00000000003b2e7a
00000000003b2e80	00000000003b42ef
00000000003b42f0	00000000003b4320
00000000003b4320	00000000003b44ee
00000000003b44f0	00000000003b452c
00000000003b4530	00000000003b46b2
00000000003b46c0	00000000003b486b
00000000003b4870	00000000003b49cc
00000000003b49d0	00000000003b49ec
00000000003b49f0	00000000003b4a12
00000000003b4a20	00000000003b7eeb
00000000003b7ef0	00000000003b9759
00000000003b9760	00000000003b9e36
00000000003b9e40	00000000003b9ffb
00000000003ba000	00000000003ba435
00000000003ba440	00000000003ba5e8
00000000003ba5f0	00000000003bb4e0
00000000003bb4e0	00000000003bb7c3
00000000003bb7d0	00000000003bb8f6
00000000003bb900	00000000003bb963
00000000003bb970	00000000003bb97d
00000000003bb980	00000000003bb98d
00000000003bb990	00000000003bb99d
00000000003bb9a0	00000000003bbacf
00000000003bbad0	00000000003bbbff
00000000003bbc00	00000000003bbc0d
00000000003bbc10	00000000003bbdca
00000000003bbdd0	00000000003bbe3c
00000000003bbe40	00000000003bbe4e
00000000003bbe50	00000000003bbe78
00000000003bbe80	00000000003bbe8e
00000000003bbe90	00000000003bc2d7
00000000003bc2e0	00000000003bc45b
00000000003bc460	00000000003bc479
00000000003bc480	00000000003bd03a
00000000003bd040	00000000003bd696
00000000003bd6a0	00000000003bd823
00000000003bd830	00000000003bd958
00000000003bd960	00000000003bda85
00000000003bda90	00000000003bdabc
00000000003bdac0	00000000003bdc4d
00000000003bdc50	00000000003bdcf0
00000000003bdcf0	00000000003be2a6
00000000003be2b0	00000000003be2be
00000000003be2c0	00000000003be2ce
00000000003be2d0	00000000003be4ee
00000000003be4f0	00000000003be72b
00000000003be730	00000000003bf8a9
00000000003bf8b0	00000000003c0117
00000000003c0120	00000000003c02a6
00000000003c02b0	00000000003c0340
00000000003c0340	00000000003c0441
00000000003c0450	00000000003c0467
00000000003c0470	00000000003c0487
00000000003c0490	00000000003c04a5
0000000000069210	00000000000692ba
00000000003c04b0	00000000003c0ec6
00000000003c0ed0	00000000003c0f00
00000000003c0f00	00000000003c104a
00000000003c1050	00000000003c1270
00000000003c1270	00000000003c12c3
00000000003c12d0	00000000003c158f
00000000003c1590	00000000003c1999
00000000003c19a0	00000000003c19a6
00000000003c19b0	00000000003c1b87
00000000003c1b90	00000000003c1baa
00000000003c1bb0	00000000003c1bf7
00000000003c1c00	00000000003c1f09
00000000003c1f10	00000000003c29ea
00000000003c29f0	00000000003c29fd
00000000003c2a00	00000000003c2a43
00000000003c2a50	00000000003c2b34
00000000003c2b40	00000000003c2c4b
00000000003c2c50	00000000003c30cd
00000000003c30d0	00000000003c30dc
00000000003c30e0	00000000003c30eb
00000000003c30f0	00000000003c30fe
00000000003c3100	00000000003c31f8
00000000003c3200	00000000003c35f6
00000000003c3600	00000000003c36ff
00000000003c3700	00000000003c372c
00000000003c3730	00000000003c3895
00000000003c38a0	00000000003c39a8
00000000003c39b0	00000000003c39cb
00000000003c39d0	00000000003c3a30
00000000003c3a30	00000000003c3abf
00000000003c3ac0	00000000003c3c1e
00000000000692ba	000000000006930b
00000000003c3c20	00000000003c3c32
00000000003c3c40	00000000003c4505
00000000003c4510	00000000003c4674
00000000003c4680	00000000003c47de
00000000003c47e0	00000000003c4935
00000000003c4940	00000000003c4b77
00000000003c4b80	00000000003c4b93
0000000000069310	000000000006964c
00000000003c4ba0	00000000003c4c58
00000000003c4c60	00000000003c4c7d
00000000003c4c80	00000000003c4dc5
0000000000069650	000000000006991f
00000000003c4dd0	00000000003c4e3c
00000000003c4e40	00000000003c4eac
00000000003c4eb0	00000000003c4eb9
00000000003c4ec0	00000000003c4fe7
00000000003c4ff0	00000000003c500b
00000000003c5010	00000000003c57ae
00000000003c57b0	00000000003c5a6a
00000000003c5a70	00000000003c5fd7
00000000003c5fe0	00000000003c6619
00000000003c6620	00000000003c6c59
00000000003c6c60	00000000003c6c75
00000000003c6c80	00000000003c7454
00000000003c7460	00000000003c77ed
00000000003c77f0	00000000003c7d5c
00000000003c7d60	00000000003c837d
00000000003c8380	00000000003c89f3
00000000003c8a00	00000000003c8a32
00000000003c8a40	00000000003c8a4e
00000000003c8a50	00000000003c8a5d
00000000003c8a60	00000000003c8a63
00000000003c8a70	00000000003c8a71
00000000003c8a80	00000000003c8f12
00000000003c8f20	00000000003c9169
0000000000069920	000000000006a561
00000000003c9170	00000000003c91c0
00000000003c91c0	00000000003c93a1
00000000003c93b0	00000000003c9564
000000000006a570	000000000006a5bc
00000000003c9570	00000000003c9886
000000000006a5c0	000000000006a789
00000000003c9890	00000000003c98c3
00000000003c98d0	00000000003c9a38
000000000006a790	000000000006ac85
00000000003c9a40	00000000003c9a62
00000000003c9a70	00000000003c9a93
00000000003c9aa0	00000000003c9b50
00000000003c9b50	00000000003c9cc3
00000000003c9cd0	00000000003cb5b8
000000000006ac90	000000000006ad00
00000000003cb5c0	00000000003cb697
00000000003cb6a0	00000000003cb738
00000000003cb740	00000000003cb83c
00000000003cb840	00000000003cb870
00000000003cb870	00000000003cb9b6
00000000003cb9c0	00000000003cba9f
000000000006ad00	000000000006adc3
00000000003cbaa0	00000000003cbb92
00000000003cbba0	00000000003cbbb2
00000000003cbbc0	00000000003cbdf2
00000000003cbe00	00000000003cbe06
00000000003cbe10	00000000003cc01c
00000000003cc020	00000000003cc237
000000000006add0	000000000006b3df
00000000003cc240	00000000003cc411
00000000003cc420	00000000003cd4b3
000000000006b3e0	000000000006b459
000000000006b460	000000000006b59c
00000000003cd4c0	00000000003cdd33
00000000003cdd40	00000000003cde5a
00000000003cde60	00000000003cfe4a
00000000003cfe50	00000000003d06ab
00000000003d06b0	00000000003d0a51
00000000003d0a60	00000000003d7877
00000000003d7880	00000000003d79e6
00000000003d79f0	00000000003d7a9e
00000000003d7aa0	00000000003d7bc0
00000000003d7bc0	00000000003d7d06
00000000003d7d10	00000000003d876f
000000000006b5a0	000000000006b6b7
00000000003d8770	00000000003da195
000000000006b6c0	000000000006b723
00000000003da1a0	00000000003da1d4
00000000003da1e0	00000000003da643
00000000003da650	00000000003da7ce
00000000003da7d0	00000000003da831
00000000003da840	00000000003da977
00000000003da980	00000000003dab71
00000000003dab80	00000000003dac8b
000000000006b730	000000000006bb17
000000000006bb20	000000000006c132
00000000003dac90	00000000003dae17
000000000006c140	000000000006c752
00000000003dae20	00000000003dafb2
00000000003dafc0	00000000003db0b3
00000000003db0c0	00000000003db6d8
00000000003db6e0	00000000003dbf14
00000000003dbf20	00000000003dc1d1
00000000003dc1e0	00000000003dc289
00000000003dc290	00000000003dc40a
00000000003dc410	00000000003dc70b
00000000003dc710	00000000003dc8a7
00000000003dc8b0	00000000003e0bf1
00000000003e0c00	00000000003e0c26
00000000003e0c30	00000000003e0ce4
00000000003e0cf0	00000000003e0d16
00000000003e0d20	00000000003e0f47
000000000006c760	000000000006cb51
000000000006cb60	000000000006f7c7
00000000003e0f50	00000000003e4ed0
00000000003e4ed0	00000000003e60c6
00000000003e60d0	00000000003e6154
00000000003e6160	00000000003e631b
00000000003e6320	00000000003e6671
00000000003e6680	00000000003e69c8
00000000003e69d0	00000000003e6c6d
00000000003e6c70	00000000003e6e38
00000000003e6e40	00000000003e72ef
00000000003e72f0	00000000003e75fa
000000000006f7d0	000000000006f84d
00000000003e7600	00000000003e7951
00000000003e7960	00000000003e7b3d
00000000003e7b40	00000000003e848b
00000000003e8490	00000000003e87ce
00000000003e87d0	00000000003e937e
00000000003e9380	00000000003e9b36
00000000003e9b40	00000000003e9e84
00000000003e9e90	00000000003ea2a0
00000000003ea2a0	00000000003ea619
00000000003ea620	00000000003ea746
000000000006f850	000000000006f98c
00000000003ea750	00000000003ea871
00000000003ea880	00000000003eaf02
00000000003eaf10	00000000003eb154
00000000003eb160	00000000003eb254
00000000003eb260	00000000003eb4a4
00000000003eb4b0	00000000003eb519
00000000003eb520	00000000003eb5d0
00000000003eb5d0	00000000003eb8ff
00000000003eb900	00000000003eb9b0
00000000003eb9b0	00000000003ebe38
00000000003ebe40	00000000003ebf60
00000000003ebf60	00000000003ec010
00000000003ec010	00000000003ec389
00000000003ec390	00000000003ec4b6
00000000003ec4c0	00000000003ec5e6
00000000003ec5f0	00000000003ec834
00000000003ec840	00000000003eca58
00000000003eca60	00000000003ecda0
00000000003ecda0	00000000003ecde2
00000000003ecdf0	00000000003ed452
00000000003ed460	00000000003ed84a
00000000003ed850	00000000003edf76
00000000003edf80	00000000003ee231
00000000003ee240	00000000003ee610
00000000003ee610	00000000003ee909
00000000003ee910	00000000003eea34
000000000006f990	000000000006f9f3
000000000006fa00	000000000006fa63
00000000003eea40	00000000003eed91
00000000003eeda0	00000000003eedcd
000000000006fa70	000000000006fad3
00000000003eedd0	00000000003eef21
000000000006fae0	000000000006fbfd
00000000003eef30	00000000003ef194
00000000003ef1a0	00000000003ef32f
00000000003ef330	00000000003ef8b8
00000000003ef8c0	00000000003efbb9
00000000003efbc0	00000000003f017e
00000000003f0180	00000000003f0825
00000000003f0830	00000000003f0cc0
00000000003f0cc0	00000000003f0da0
00000000003f0da0	00000000003f122e
00000000003f1230	00000000003f1963
00000000003f1970	00000000003f1b8b
00000000003f1b90	00000000003f1ea8
00000000003f1eb0	00000000003f20e3
00000000003f20f0	00000000003f241b
000000000006fc00	000000000006fd91
00000000003f2420	00000000003f2788
00000000003f2790	00000000003f2884
00000000003f2890	00000000003f29bf
00000000003f29c0	00000000003f2a6e
00000000003f2a70	00000000003f3438
00000000003f3440	00000000003f37dc
00000000003f37e0	00000000003f380e
00000000003f3810	00000000003f3908
00000000003f3910	00000000003f60f6
000000000006fda0	000000000006fe03
00000000003f6100	00000000003f6481
000000000006fe10	000000000006fe73
00000000003f6490	00000000003f6540
00000000003f6540	00000000003f6be1
00000000003f6bf0	00000000003fbaa8
00000000003fbab0	00000000003fbf8b
00000000003fbf90	00000000003fc3a0
00000000003fc3a0	00000000003fc99e
000000000006fe80	000000000006fee3
00000000003fc9a0	00000000003fcbf4
00000000003fcc00	00000000003fcd7f
00000000003fcd80	00000000003fcf8b
000000000006fef0	000000000006ff53
000000000006ff60	000000000006ffc3
000000000006ffd0	0000000000070033
00000000003fcf90	00000000003fd17d
00000000003fd180	00000000003fd4c5
00000000003fd4d0	00000000003fd794
00000000003fd7a0	00000000003fd7fb
00000000003fd800	00000000003fd85b
00000000003fd860	00000000003fd8a1
0000000000070040	00000000000700a3
00000000003fd8b0	00000000003fda8a
00000000003fda90	00000000003fdb7f
00000000003fdb80	00000000003fdca2
00000000003fdcb0	00000000003fddb7
00000000003fddc0	00000000003fdec6
00000000003fded0	00000000003fe097
00000000003fe0a0	00000000003fe0f7
00000000003fe100	00000000003fe28b
00000000003fe290	00000000003fe430
00000000000700a3	00000000000700d3
00000000003fe430	00000000003fe4c7
00000000003fe4d0	00000000003fe5c9
00000000003fe5d0	00000000003fec7a
00000000003fec80	00000000003ffa12
00000000003ffa20	00000000003ffb08
00000000003ffb10	00000000003ffbfd
00000000003ffc00	00000000004002e8
00000000004002f0	000000000040108c
0000000000401090	000000000040159a
00000000004015a0	0000000000401692
00000000004016a0	0000000000401793
00000000004017a0	0000000000401e68
0000000000401e70	0000000000402b0e
0000000000402b10	0000000000402fe5
0000000000402ff0	00000000004030cf
00000000000700e0	000000000007015d
0000000000070160	000000000007029c
00000000004030d0	000000000040313d
0000000000403140	0000000000403151
0000000000403160	00000000004031cc
00000000004031d0	00000000004032cf
00000000004032d0	00000000004032e2
00000000004032f0	000000000040564c
0000000000405650	0000000000405773
0000000000405780	0000000000408199
00000000000702a0	0000000000070303
00000000004081a0	000000000040863e
0000000000408640	0000000000408784
0000000000408790	00000000004087f0
00000000004087f0	0000000000408d46
0000000000408d50	0000000000408ea1
0000000000408eb0	0000000000408f75
0000000000408f80	0000000000409025
0000000000409030	00000000004091b4
00000000004091c0	00000000004091f3
0000000000409200	0000000000409382
0000000000409390	0000000000409440
0000000000409440	0000000000409512
0000000000409520	000000000040970d
0000000000409710	00000000004097f1
0000000000409800	00000000004099bb
00000000004099c0	0000000000409b16
0000000000409b20	0000000000409c6d
0000000000409c70	0000000000409d20
0000000000409d20	0000000000409df2
0000000000409e00	000000000040a007
000000000040a010	000000000040a5da
000000000040a5e0	000000000040a7b9
000000000040a7c0	000000000040ad2f
000000000040ad30	000000000040af2d
000000000040af30	000000000040b146
000000000040b150	000000000040b15b
000000000040b160	000000000040b29b
000000000040b2a0	000000000040b340
000000000040b340	000000000040b495
000000000040b4a0	000000000040b652
000000000040b660	000000000040b68d
000000000040b690	000000000040bb33
000000000040bb40	000000000040bc87
000000000040bc90	000000000040c0eb
000000000040c0f0	000000000040c1dc
000000000040c1e0	000000000040c23d
000000000040c240	000000000040c2ae
000000000040c2b0	000000000040c2eb
000000000040c2f0	000000000040c4c1
000000000040c4d0	000000000040c7a5
000000000040c7b0	000000000040c9c7
000000000040c9d0	000000000040cc7f
000000000040cc80	000000000040ce71
000000000040ce80	000000000040d300
000000000040d300	000000000040d377
000000000040d380	000000000040d532
000000000040d540	000000000040d7d7
000000000040d7e0	000000000040d926
000000000040d930	000000000040da2d
000000000040da30	000000000040f3a1
000000000040f3b0	0000000000410237
0000000000070310	0000000000070373
0000000000410240	0000000000410526
0000000000410530	0000000000410877
0000000000410880	00000000004109a0
00000000004109a0	0000000000410b1f
0000000000070380	00000000000703e3
0000000000410b20	0000000000410d74
0000000000410d80	0000000000410d91
0000000000410da0	0000000000410e72
0000000000410e80	0000000000411059
00000000000703f0	0000000000070453
0000000000411060	000000000041110f
0000000000411110	0000000000411250
0000000000411250	00000000004112ea
00000000004112f0	00000000004114c5
00000000004114d0	000000000041182e
0000000000411830	0000000000411a03
0000000000411a10	0000000000411de0
0000000000411de0	0000000000411f64
0000000000411f70	0000000000412353
0000000000412360	0000000000412694
00000000004126a0	0000000000412792
00000000004127a0	00000000004128aa
00000000004128b0	000000000041297e
0000000000412980	0000000000412d36
0000000000412d40	0000000000412e15
0000000000412e20	00000000004133d9
00000000004133e0	00000000004134e6
00000000004134f0	000000000041418a
0000000000414190	0000000000414698
00000000004146a0	000000000041506c
0000000000415070	0000000000415306
0000000000415310	0000000000415e36
0000000000415e40	0000000000416377
0000000000416380	0000000000416ee6
0000000000070460	00000000000704c3
0000000000416ef0	00000000004170ca
00000000004170d0	000000000041780f
0000000000417810	000000000041796f
0000000000417970	0000000000417a27
0000000000417a30	0000000000417dd6
0000000000417de0	0000000000417eb1
0000000000417ec0	00000000004185c5
00000000004185d0	00000000004186ca
00000000004186d0	00000000004187b4
00000000004187c0	0000000000418e70
0000000000418e70	0000000000419055
0000000000419060	000000000041908c
0000000000419090	00000000004190b2
00000000004190c0	0000000000419123
0000000000419130	0000000000419293
00000000004192a0	0000000000419c5e
0000000000419c60	0000000000419ff2
000000000041a000	000000000041a0e5
000000000041a0f0	000000000041a301
000000000041a310	000000000041a578
00000000000704d0	0000000000070533
000000000041a580	000000000041a77f
000000000041a780	000000000041a9ed
0000000000070540	00000000000705a3
000000000041a9f0	000000000041b378
000000000041b380	000000000041b4e0
000000000041b4e0	000000000041b624
000000000041b630	000000000041b8ec
000000000041b8f0	000000000041ba6a
000000000041ba70	000000000041bade
000000000041bae0	000000000041bbb7
00000000000705b0	0000000000070613
000000000041bbc0	000000000041c999
000000000041c9a0	000000000041d3d5
000000000041d3e0	000000000041d41b
000000000041d420	000000000041dd08
0000000000070620	0000000000070683
0000000000070690	00000000000706f3
000000000041dd10	000000000041dea4
000000000041deb0	000000000041e033
000000000041e040	000000000041eea1
000000000041eeb0	000000000041f030
000000000041f030	000000000041f081
000000000041f090	000000000041f65a
000000000041f660	000000000041f8e4
000000000041f8f0	000000000041f9a0
000000000041f9a0	000000000041f9cf
000000000041f9d0	000000000041fa41
000000000041fa50	000000000042036e
0000000000420370	0000000000420cc8
0000000000070700	0000000000070763
0000000000420cd0	0000000000420d19
0000000000070770	00000000000707d3
0000000000420d20	0000000000420e33
0000000000420e40	0000000000420f3b
0000000000420f40	00000000004216fa
0000000000421700	00000000004218de
00000000004218e0	0000000000421c21
0000000000421c30	0000000000421e0d
0000000000421e10	0000000000421e7c
0000000000421e80	0000000000422080
0000000000422080	00000000004220af
00000000004220b0	0000000000422ebd
0000000000422ec0	0000000000422f0e
0000000000422f10	00000000004233b2
0000000000423520	0000000000423739
0000000000423740	00000000004242fa
0000000000424300	000000000042430e
0000000000424310	00000000004246b3
00000000004246c0	0000000000424d16
0000000000424d20	0000000000424d4c
0000000000424d50	00000000004250b5
00000000004250c0	0000000000425212
0000000000425220	000000000042540d
0000000000425410	0000000000425706
0000000000425710	00000000004258fd
0000000000425900	0000000000425a21
0000000000425a30	0000000000425aff
0000000000425b00	0000000000425b8a
0000000000425b90	000000000042613c
0000000000426140	00000000004261ea
00000000004261f0	000000000042624d
00000000004262d0	00000000004262de
0000000000426360	0000000000426379
0000000000426380	000000000042638e
0000000000426390	00000000004264ff
00000000000707e0	0000000000070c6b
0000000000426500	00000000004266b8
0000000000070c70	000000000007121d
00000000004266c0	000000000042693c
0000000000071220	00000000000717b9
00000000000717c0	0000000000071d19
0000000000071d19	0000000000071d4a
0000000000426940	0000000000426959
0000000000426960	0000000000426979
0000000000426980	000000000042698e
0000000000426990	0000000000426d4c
0000000000426d50	0000000000426e26
0000000000426e30	0000000000426f56
0000000000426f60	0000000000426fd5
0000000000426fe0	00000000004273a7
00000000004273b0	00000000004275c2
00000000004275d0	00000000004275e8
00000000004275f0	00000000004275fe
0000000000427600	0000000000427618
0000000000427620	00000000004277b7
00000000004277c0	0000000000427843
0000000000427850	0000000000427866
0000000000427870	000000000042795d
0000000000427960	0000000000427aa1
0000000000427ab0	0000000000427bb7
0000000000071d50	0000000000071e8c
0000000000071e90	0000000000071f0d
0000000000427bc0	0000000000427ce9
0000000000427cf0	000000000042825d
0000000000428260	0000000000428543
0000000000428550	000000000042880d
0000000000428810	0000000000428bf8
0000000000428c00	0000000000428edd
0000000000428ee0	0000000000428efe
0000000000428f00	00000000004294f7
0000000000429500	00000000004297bd
00000000004297c0	000000000042d8e0
000000000042d8e0	000000000042d95f
0000000000071f10	0000000000071f73
000000000042d960	000000000042dc4f
000000000042dc50	000000000042debb
000000000042dec0	000000000042dfdf
000000000042dfe0	000000000042dffe
000000000042e000	000000000042e173
000000000042e180	000000000042e2f7
000000000042e300	000000000042e3ad
000000000042e3b0	000000000042e3ee
000000000042e3f0	000000000042e467
000000000042e470	000000000042e7de
000000000042e7e0	000000000042e84c
000000000042e850	000000000042e89d
000000000042e8a0	000000000042f14d
000000000042f150	000000000042f1dc
000000000042f1e0	000000000042f1fe
000000000042f200	000000000042f26a
000000000042f270	000000000042f2e1
000000000042f2f0	000000000042f438
000000000042f440	000000000042f563
000000000042f570	000000000042f6d3
000000000042f6e0	000000000042f70e
000000000042f710	000000000042f76b
000000000042f770	000000000042f888
000000000042f890	000000000042f8a9
000000000042f8b0	000000000042f91b
000000000042f920	000000000042f939
000000000042f940	000000000042f9ac
000000000042f9b0	000000000042f9c0
000000000042f9c0	000000000042f9f7
000000000042fa00	000000000042fabc
000000000042fac0	000000000042fb78
000000000042fb80	000000000042fbe0
000000000042fbe0	000000000042fbea
000000000042fbf0	000000000042fd7f
000000000042fd80	000000000042fe04
000000000042fe10	000000000042fe29
000000000042fe30	000000000042fe49
000000000042fe50	000000000042fe5e
000000000042fe60	000000000042ff80
000000000042ff80	000000000042ff8e
000000000042ff90	0000000000430052
0000000000430060	00000000004300ac
00000000004300b0	00000000004300fc
0000000000430100	000000000043013c
0000000000430140	00000000004302a1
00000000004302b0	00000000004302b5
00000000004302c0	00000000004302ca
00000000004302d0	000000000043034e
0000000000430350	00000000004304ee
00000000004304f0	0000000000430d31
0000000000430d40	0000000000430d77
0000000000430d80	0000000000430d90
0000000000430d90	00000000004314b4
00000000004314c0	0000000000431594
00000000004315a0	0000000000431ab0
0000000000431ab0	0000000000434279
0000000000434280	00000000004345df
00000000004345e0	00000000004346bf
00000000004346c0	0000000000434785
0000000000434790	000000000043486b
0000000000434870	0000000000434b54
0000000000434b60	0000000000434cce
0000000000434cd0	000000000043502d
0000000000435030	000000000043513b
0000000000435140	000000000043514c
0000000000435150	0000000000435c91
0000000000435ca0	00000000004366cf
00000000004366d0	0000000000436ac6
0000000000436ad0	0000000000436bd6
0000000000436be0	0000000000436fdc
0000000000436fe0	00000000004371b1
00000000004371c0	00000000004373a5
0000000000071f80	0000000000071fe3
00000000004373b0	0000000000437420
0000000000437420	00000000004376a2
00000000004376b0	00000000004376d9
00000000004376e0	00000000004376ee
00000000004376f0	0000000000437719
0000000000437720	0000000000437763
0000000000437770	0000000000437a86
0000000000437a90	0000000000437c82
0000000000437c90	0000000000437ca2
0000000000437cb0	0000000000437eed
0000000000437ef0	0000000000438057
0000000000438060	0000000000438101
0000000000438110	00000000004381a7
00000000004381b0	0000000000438432
0000000000438440	0000000000438fb7
0000000000438fc0	00000000004392d5
00000000004392e0	00000000004394ce
00000000004394d0	0000000000439503
0000000000439510	0000000000439553
0000000000439560	000000000043974e
0000000000439750	000000000043989e
00000000004398a0	00000000004398b2
00000000004398c0	00000000004398c5
00000000004398d0	0000000000439a0f
0000000000439a10	0000000000439a15
0000000000439a20	0000000000439ab7
0000000000439ac0	0000000000439b7e
0000000000439b80	0000000000439b88
0000000000439b90	0000000000439bc9
0000000000439bd0	000000000043b534
000000000043b540	000000000043b698
000000000043b6a0	000000000043be2c
000000000043be30	000000000043c15a
000000000043c160	000000000043c206
000000000043c210	000000000043c2dd
000000000043c2e0	000000000043c60a
000000000043c610	000000000043ca0c
000000000043ca10	000000000043cab6
000000000043cac0	000000000043cb09
000000000043cb10	000000000043cc7b
000000000043cc80	000000000043ce77
000000000043ce80	000000000043cfa3
000000000043cfb0	000000000043deb1
000000000043dec0	000000000043df4d
000000000043df50	000000000043dfb5
000000000043dfc0	000000000043e016
000000000043e020	000000000043e1c7
000000000043e1d0	000000000043e20d
000000000043e210	000000000043e219
000000000043e220	000000000043e22e
000000000043e230	000000000043e239
000000000043e240	000000000043e31b
000000000043e320	000000000043f381
000000000043f390	000000000043f40c
000000000043f410	000000000043f4f8
000000000043f500	00000000004417d1
00000000004417e0	000000000044389b
00000000004438a0	0000000000443935
0000000000443940	0000000000443c0a
0000000000443c10	0000000000443db8
0000000000443dc0	0000000000443e73
0000000000443e80	00000000004441b4
00000000004441c0	0000000000444423
0000000000444430	00000000004445f5
0000000000444600	0000000000444789
0000000000444790	0000000000444989
0000000000444990	00000000004449a6
00000000004449b0	00000000004449b5
00000000004449c0	00000000004449c5
00000000004449d0	0000000000444ac2
0000000000444ad0	0000000000444ad5
0000000000444ae0	0000000000444ae5
0000000000444af0	0000000000444b3a
0000000000444b40	0000000000444bd7
0000000000444be0	0000000000444bf6
0000000000444c00	0000000000444dee
0000000000444df0	0000000000444f3e
0000000000444f40	0000000000445032
0000000000445040	0000000000445045
0000000000445050	000000000044518f
0000000000445190	00000000004451da
00000000004451e0	0000000000445277
0000000000445280	00000000004452a4
00000000004452b0	00000000004452c6
00000000004452d0	00000000004453d2
00000000004453e0	00000000004453f9
0000000000445400	0000000000445403
0000000000445410	0000000000445423
0000000000445430	0000000000445484
0000000000445490	0000000000445535
0000000000445540	0000000000445564
0000000000445570	000000000044575e
0000000000445760	00000000004458d9
00000000004458e0	00000000004459e2
00000000004459f0	0000000000445a09
0000000000445a10	0000000000445b77
0000000000445b80	0000000000445bd4
0000000000445be0	0000000000445c85
0000000000445c90	0000000000445d64
0000000000445d70	0000000000446280
0000000000446280	0000000000446354
0000000000446360	0000000000446870
0000000000446870	00000000004475e6
00000000004475f0	00000000004478a6
00000000004478b0	00000000004478b5
00000000004478c0	00000000004478c5
00000000004478d0	00000000004479c2
00000000004479d0	00000000004479d5
00000000004479e0	00000000004479e5
00000000004479f0	0000000000447a97
0000000000447aa0	0000000000447c0b
0000000000447c10	0000000000447c46
0000000000447c50	0000000000447e25
0000000000447e30	0000000000448027
0000000000448030	000000000044835a
0000000000448360	000000000044875c
0000000000448760	0000000000448806
0000000000448810	00000000004489fe
0000000000448a00	0000000000448b4e
0000000000448b50	0000000000448c42
0000000000448c50	0000000000448c55
0000000000448c60	0000000000448d9f
0000000000448da0	0000000000448e47
0000000000448e50	0000000000448f1d
0000000000448f20	0000000000448f36
0000000000448f40	0000000000449042
0000000000449050	00000000004490b7
00000000004490c0	00000000004490d6
00000000004490e0	000000000044918c
0000000000449190	000000000044937e
0000000000449380	00000000004494f9
0000000000449500	0000000000449602
0000000000449610	0000000000449677
0000000000449680	00000000004497ea
00000000004497f0	000000000044989c
00000000004498a0	00000000004498c1
00000000004498d0	00000000004499d2
00000000004499e0	000000000044a736
000000000044a740	000000000044a833
000000000044a840	000000000044a8e8
000000000044a8f0	000000000044b977
000000000044b980	000000000044b997
000000000044b9a0	000000000044ba2b
000000000044ba30	000000000044ba31
000000000044ba40	000000000044baba
000000000044bac0	000000000044bb03
000000000044bb10	000000000044bb39
000000000044bb40	000000000044bbdd
000000000044bbe0	000000000044bc0c
000000000044bc10	000000000044bc7c
000000000044bc80	000000000044bd7f
000000000044bd80	000000000044bd92
000000000044bda0	000000000044c0bd
000000000044c0c0	000000000044c87b
000000000044c880	000000000044cbcd
000000000044cbd0	000000000044cbe4
000000000044cbf0	000000000044cbf5
000000000044cc00	000000000044ccb1
000000000044ccc0	000000000044cda2
000000000044cdb0	000000000044cde9
000000000044cdf0	000000000044ceb7
000000000044cec0	000000000044cf66
000000000044cf70	000000000044d093
000000000044d0a0	000000000044d249
000000000044d250	000000000044d65c
000000000044d660	000000000044d72e
000000000044d730	000000000044d735
000000000044d740	000000000044d822
000000000044d830	000000000044d869
000000000044d870	000000000044d937
000000000044d940	000000000044d9e6
000000000044d9f0	000000000044db99
000000000044dba0	000000000044dbc7
000000000044dbd0	000000000044dc8e
000000000044dc90	000000000044dca3
000000000044dcb0	000000000044e0e0
000000000044e0e0	000000000044e2dd
000000000044e2e0	000000000044e71b
000000000044e720	000000000044e81b
000000000044e820	000000000044e975
000000000044e980	000000000044ec55
000000000044ec60	000000000044ed01
000000000044ed10	000000000044ee6b
000000000044ee70	000000000044efbb
000000000044efc0	000000000044f0e7
000000000044f0f0	000000000044f109
000000000044f110	000000000044f122
000000000044f130	000000000044f13c
000000000044f140	000000000044f1cc
000000000044f1d0	000000000044f3bc
000000000044f3c0	000000000044f6c2
000000000044f6d0	000000000044f6ff
000000000044f700	000000000044f72f
000000000044f730	000000000044f88c
000000000044f890	000000000044f918
000000000044f920	000000000044f9b0
000000000044f9b0	000000000044f9c4
000000000044f9d0	000000000044f9ff
000000000044fa00	000000000044fdab
000000000044fdb0	000000000044fe1e
000000000044fe20	000000000044fe58
000000000044fe60	000000000044fe71
000000000044fe80	000000000044feaa
000000000044feb0	000000000044fecf
000000000044fed0	000000000044fef8
000000000044ff00	000000000044ff51
000000000044ff60	000000000044ff86
000000000044ff90	000000000044ffd3
000000000044ffe0	00000000004500dc
00000000004500e0	000000000045063b
0000000000450640	0000000000450651
0000000000450660	000000000045066a
0000000000450670	000000000045069e
00000000004506a0	00000000004506f6
0000000000071ff0	0000000000072079
0000000000072080	00000000000720e3
00000000000720f0	0000000000072193
00000000000721a0	0000000000072203
0000000000072210	0000000000072273
0000000000072280	00000000000722e3
0000000000450700	0000000000450751
0000000000450760	0000000000450ada
0000000000450ae0	0000000000451785
0000000000451790	000000000045195d
0000000000451960	0000000000451a60
0000000000451a60	00000000004521c0
00000000004521c0	00000000004523bb
00000000004523c0	00000000004523fd
0000000000452400	000000000045244c
0000000000452450	000000000045256b
0000000000452570	0000000000452704
0000000000452710	000000000045286f
0000000000452870	0000000000452a25
0000000000452a30	0000000000452ae7
0000000000452af0	0000000000452cd0
0000000000452cd0	0000000000452dc7
0000000000452dd0	0000000000452ec2
0000000000452ed0	0000000000452f8a
0000000000452f90	000000000045302f
0000000000453030	0000000000453196
00000000004531a0	0000000000453207
0000000000453210	000000000045384d
0000000000453850	000000000045394e
0000000000453950	00000000004539c5
00000000004539d0	0000000000454241
0000000000454250	000000000045442e
0000000000454430	0000000000455200
0000000000455200	000000000045527f
0000000000455280	0000000000455288
0000000000455290	000000000045529e
00000000004552a0	00000000004552a8
00000000004552b0	000000000045556d
0000000000455570	000000000045aa11
000000000045aa20	000000000045b19b
000000000045b1a0	000000000045b6b1
000000000045b6c0	000000000045ce5e
000000000045ce60	000000000045cfab
000000000045cfb0	000000000045d3de
000000000045d3e0	000000000045e9b7
000000000045e9c0	000000000045f241
000000000045f250	000000000045f507
000000000045f510	000000000045f53c
000000000045f540	000000000045f630
000000000045f630	000000000045f71c
000000000045f720	000000000045f96f
000000000045f970	000000000045faf0
000000000045faf0	000000000045fafb
000000000045fb00	000000000045fbec
000000000045fbf0	000000000045fbfe
000000000045fc00	000000000045fd00
000000000045fd00	000000000046027e
0000000000460280	0000000000460485
0000000000460490	000000000046062b
0000000000460630	00000000004608be
00000000004608c0	0000000000460a66
0000000000460a70	00000000004617f5
0000000000461800	0000000000461b48
0000000000461b50	0000000000461d59
0000000000461d60	0000000000461e78
0000000000461e80	0000000000462326
0000000000462330	0000000000462420
0000000000462420	00000000004624d2
00000000004624e0	00000000004627fb
0000000000462800	0000000000462941
0000000000462950	0000000000462965
0000000000462970	0000000000464d13
0000000000464d20	0000000000465580
0000000000465580	00000000004655fe
0000000000465600	000000000046b8d5
000000000046b8e0	000000000046bc58
000000000046bc60	000000000046bdf7
000000000046be00	000000000046bf46
000000000046bf50	000000000046c0b0
000000000046c0b0	000000000046c552
000000000046c560	000000000046c71c
000000000046c720	000000000046c87a
000000000046c880	000000000046ddd3
000000000046dde0	000000000046df2a
000000000046df30	0000000000470517
0000000000470520	0000000000470f30
0000000000470f30	00000000004710ae
00000000004710b0	00000000004712af
00000000004712b0	000000000047161c
0000000000471620	00000000004717c6
00000000004717d0	0000000000471807
0000000000471810	0000000000471820
0000000000471820	0000000000471831
0000000000471840	0000000000471850
0000000000471850	0000000000471860
0000000000471860	000000000047186d
0000000000471870	0000000000471881
0000000000471890	000000000047189e
00000000004718a0	0000000000471a0e
0000000000471a10	0000000000471c2e
0000000000471c30	0000000000471d83
0000000000471d90	0000000000472003
0000000000472010	0000000000472198
00000000004721a0	00000000004724a5
00000000004724b0	0000000000472631
0000000000472640	0000000000473e9d
0000000000473ea0	0000000000473fc1
0000000000473fd0	0000000000473fde
0000000000473fe0	0000000000474185
0000000000474190	0000000000474419
0000000000474420	0000000000474785
0000000000474790	00000000004747a7
00000000004747b0	00000000004747be
00000000004747c0	00000000004747fc
0000000000474800	000000000047480b
0000000000474810	000000000047481b
0000000000474820	000000000047482b
0000000000474830	000000000047483d
0000000000474840	000000000047484a
0000000000474850	0000000000474851
0000000000474860	00000000004748a8
00000000004748b0	000000000047498a
0000000000474990	0000000000474a4b
0000000000474a50	0000000000474b76
0000000000474b80	0000000000474b91
0000000000474ba0	0000000000474bae
0000000000474bb0	0000000000474c5d
0000000000474c60	0000000000474c6b
0000000000474c70	0000000000474c7b
0000000000474c80	0000000000474c8b
0000000000474c90	0000000000474c9d
0000000000474ca0	0000000000474cb1
0000000000474cc0	0000000000474d6d
0000000000474d70	0000000000474e1c
0000000000474e20	0000000000474ee9
0000000000474ef0	0000000000474f40
0000000000474f40	0000000000475004
0000000000475010	0000000000475271
0000000000475280	00000000004754b7
00000000004754c0	00000000004754d9
00000000004754e0	00000000004754f9
0000000000475500	000000000047550e
0000000000475510	00000000004757ce
00000000004757d0	00000000004757e4
00000000004757f0	000000000047583e
0000000000475840	0000000000475920
0000000000475920	0000000000475932
0000000000475940	0000000000475d1c
0000000000475d20	00000000004769ba
00000000004769c0	0000000000478f85
0000000000478f90	0000000000479076
0000000000479080	000000000047908e
0000000000479090	000000000047909d
00000000004790a0	000000000047926a
0000000000479270	0000000000479ba8
0000000000479bb0	000000000047bb7b
000000000047bb80	000000000047c346
000000000047c350	000000000047c40b
000000000047c410	000000000047c46b
000000000047c470	000000000047c4cc
000000000047c4d0	000000000047c59a
000000000047c5a0	000000000047c66f
000000000047c670	000000000047c685
000000000047c690	000000000047c6af
000000000047c6b0	000000000047c752
000000000047c760	000000000047c76d
000000000047c770	000000000047c780
000000000047c780	000000000047c80f
000000000047c810	000000000047cb1f
000000000047cb20	000000000047cb34
000000000047cb40	000000000047cb57
000000000047cb60	000000000047cbea
000000000047cbf0	000000000047cd71
000000000047cd80	000000000047cd8d
000000000047cd90	000000000047cda0
000000000047cda0	000000000047ce06
000000000047ce10	000000000047cf92
000000000047cfa0	000000000047cfb7
000000000047cfc0	000000000047cfc5
000000000047cfd0	000000000047d384
000000000047d390	000000000047d3a2
000000000047d3b0	000000000047d3f2
000000000047d400	000000000047d4b5
000000000047d4c0	000000000047d51b
000000000047d520	000000000047d52e
000000000047d530	000000000047d64e
000000000047d650	000000000047d65b
000000000047d660	000000000047d66b
000000000047d670	000000000047d67b
000000000047d680	000000000047d68d
000000000047d690	000000000047d75c
000000000047d760	000000000047d7f1
000000000047d800	000000000047d809
000000000047d810	000000000047d8c0
000000000047d8c0	000000000047d8c4
000000000047d8d0	000000000047dbe4
000000000047dbf0	000000000047e019
000000000047e020	000000000047e2a6
000000000047e2b0	000000000047e409
00000000000722f0	000000000007242c
000000000047e410	000000000047e622
000000000047e630	000000000047e754
000000000047e760	000000000047e793
000000000047e7a0	000000000047e872
000000000047e880	000000000047e884
000000000047e890	000000000047e966
000000000047e970	000000000047eb4b
000000000047eb50	000000000047eb69
000000000047eb70	000000000047eba0
000000000047eba0	000000000047ee80
000000000047ee80	000000000047ef3e
000000000047ef40	000000000047f220
000000000047f220	000000000047f245
000000000047f250	000000000047f2db
000000000047f2e0	000000000047f337
000000000047f340	000000000047f37c
000000000047f380	000000000047f3b7
000000000047f3c0	000000000047f9e4
000000000047f9f0	000000000047fe76
0000000000072430	0000000000072935
0000000000072940	0000000000073035
0000000000073040	000000000007371e
000000000047fe80	0000000000480118
0000000000480120	000000000048028e
0000000000480290	0000000000480764
0000000000480770	0000000000480b83
0000000000073720	0000000000073b56
0000000000073b60	0000000000074153
0000000000074160	0000000000074757
0000000000480b90	0000000000480f68
0000000000480f70	000000000048100f
0000000000481010	00000000004810af
00000000004810b0	0000000000481211
0000000000481220	0000000000481375
0000000000481380	00000000004813da
00000000004813e0	000000000048140a
0000000000481410	000000000048197b
0000000000481980	0000000000481f7d
0000000000481f80	0000000000481f83
0000000000481f90	0000000000481f9c
0000000000481fa0	000000000048202f
0000000000482030	000000000048210d
0000000000482110	0000000000482139
0000000000482140	0000000000482365
0000000000482370	0000000000482673
0000000000482680	0000000000482a34
0000000000482a40	0000000000482e02
0000000000482e10	0000000000483214
0000000000483220	0000000000483372
0000000000483380	000000000048369b
00000000004836a0	0000000000483f35
0000000000483f40	0000000000483faa
0000000000483fb0	000000000048404b
0000000000484050	000000000048417f
0000000000484180	0000000000484195
00000000004841a0	0000000000484316
0000000000484320	0000000000484349
0000000000484350	000000000048508c
0000000000485090	000000000048515e
0000000000485160	000000000048521d
0000000000485220	000000000048536f
0000000000485370	0000000000485385
0000000000485390	00000000004854e7
00000000004854f0	00000000004855c3
00000000004855d0	0000000000485ef2
0000000000485f00	00000000004860a4
00000000004860b0	000000000048618b
0000000000486190	0000000000486c6e
0000000000486c70	0000000000486df2
0000000000486e00	0000000000486f11
0000000000486f20	0000000000486fde
0000000000486fe0	000000000048736c
0000000000074757	000000000007478e
0000000000487370	0000000000487491
00000000004874a0	0000000000487868
0000000000487870	0000000000487c5b
0000000000487c60	0000000000489a57
0000000000489a60	0000000000489b2e
0000000000489b30	000000000048a1a4
000000000048a1b0	000000000048a2d2
000000000048a2e0	000000000048a42f
0000000000074790	00000000000747e4
000000000048a430	000000000048a50d
000000000048a510	000000000048a606
000000000048a610	000000000048a778
000000000048a780	000000000048a7c8
000000000048a7d0	000000000048a8fb
000000000048a900	000000000048a9f6
000000000048aa00	000000000048aad1
000000000048aae0	000000000048acd6
000000000048ace0	000000000048b06a
000000000048b070	000000000048b0a9
000000000048b0b0	000000000048b1a6
00000000000747f0	00000000000747f9
0000000000074800	0000000000074809
0000000000074810	0000000000074816
000000000048b1b0	000000000048b211
0000000000074820	000000000007488d
000000000048b220	000000000048b2f6
000000000048b300	000000000048b3f0
000000000048b3f0	000000000048b5a7
000000000048b5b0	000000000048b8a3
000000000048b8b0	000000000048bb12
000000000048bb20	000000000048bc40
000000000048bc40	000000000048c2c7
000000000048c2d0	000000000048c54e
000000000048c550	000000000048cb9a
000000000048cba0	000000000048ce4b
000000000048ce50	000000000048d067
000000000048d070	000000000048d53b
000000000048d540	000000000048d7db
000000000048d7e0	000000000048dd95
000000000048dda0	000000000048e969
000000000048e970	000000000048ec87
000000000048ec90	0000000000490927
0000000000490930	0000000000490a90
0000000000490a90	0000000000490bc4
0000000000490bd0	0000000000490f79
0000000000074890	00000000000748a9
0000000000490f80	0000000000491781
0000000000491790	0000000000491c1f
0000000000491c20	0000000000491dc7
0000000000491dd0	0000000000491de9
0000000000491df0	0000000000492946
0000000000492950	0000000000492a6c
0000000000492a70	0000000000492c55
0000000000492c60	0000000000492c6a
0000000000492c70	0000000000492c9d
0000000000492ca0	00000000004930bb
00000000004930bb	00000000004933de
00000000004933de	00000000004933fd
00000000004933fd	0000000000493da7
0000000000493da7	00000000004944ad
00000000004944ad	00000000004944c6
00000000004944c6	00000000004945b2
00000000004945b2	0000000000494623
0000000000494623	00000000004947da
00000000004947da	0000000000494bc4
0000000000494bc4	0000000000494c19
0000000000494c19	00000000004951bb
00000000004951bb	0000000000495305
0000000000495305	00000000004953a2
00000000004953a2	0000000000495a1c
0000000000495a1c	0000000000495b07
0000000000495b07	0000000000495c5e
0000000000495c5e	0000000000495d4a
0000000000495d4a	0000000000495dd5
0000000000495dd5	0000000000495f1b
0000000000495f1b	0000000000495ff6
0000000000495ff6	000000000049623e
000000000049623e	00000000004962c7
00000000004962c7	000000000049635b
000000000049635b	0000000000496534
0000000000496534	0000000000496803
0000000000496803	0000000000496a07
0000000000496a07	0000000000496a5c
0000000000496a5c	0000000000496aca
0000000000496aca	0000000000496ade
0000000000496ade	0000000000496b0f
0000000000496b0f	0000000000496bb4
0000000000496bb4	0000000000496bcd
0000000000496bcd	0000000000496c48
0000000000496c48	0000000000496c73
0000000000496c73	0000000000496df0
0000000000496df0	0000000000496ecf
0000000000496ecf	0000000000496f5e
0000000000496f5e	00000000004970d2
00000000004970d2	00000000004972ad
00000000004972ad	0000000000497502
0000000000497502	000000000049764b
000000000049764b	00000000004979b5
00000000004979b5	0000000000497b0d
0000000000497b0d	0000000000497b51
0000000000497b51	0000000000497b80
0000000000497b80	0000000000497bb6
0000000000497bb6	00000000004986ed
00000000004986ed	0000000000498706
0000000000498706	00000000004987ca
00000000004987ca	00000000004987dc
00000000004987e0	00000000004987ef
00000000004987f0	00000000004987f9
0000000000498800	0000000000498b03
0000000000498b10	0000000000498cf3
0000000000498d00	0000000000498d0b
0000000000498d10	0000000000498d19
0000000000498d20	0000000000498d23
0000000000498d30	0000000000498d33
0000000000498d40	0000000000498e86
0000000000498e90	0000000000498faf
0000000000498fb0	0000000000498fb9
00000000000748b0	00000000000748c9
0000000000498fc0	0000000000498fe9
0000000000498ff0	0000000000498fff
0000000000499000	000000000049901e
0000000000499020	00000000004991ea
00000000004991f0	00000000004991f8
0000000000499200	00000000004992e2
00000000004992f0	00000000004995cb
00000000004995d0	00000000004995d8
00000000004995e0	00000000004995e9
00000000004995f0	00000000004998e5
00000000004998f0	0000000000499a21
0000000000499a30	0000000000499bf9
0000000000499c00	0000000000499c05
0000000000499c10	0000000000499d42
0000000000499d50	0000000000499e82
0000000000499e90	0000000000499eab
0000000000499eb0	0000000000499f34
0000000000499f40	000000000049a03c
000000000049a040	000000000049a322
000000000049a330	000000000049a720
000000000049a720	000000000049a725
00000000000748d0	000000000007494d
000000000049a730	000000000049a8c4
0000000000074950	0000000000074a8c
000000000049a8d0	000000000049aaaf
000000000049aab0	000000000049ab54
000000000049ab60	000000000049adcd
000000000049add0	000000000049aebc
000000000049aec0	000000000049aecb
000000000049aed0	000000000049b22b
000000000049b230	000000000049b5a3
000000000049b5b0	000000000049b5b9
000000000049b5c0	000000000049b765
000000000049b770	000000000049b8de
000000000049b8e0	000000000049b8fe
000000000049b900	000000000049b9c8
000000000049b9d0	000000000049bc3f
000000000049bc40	000000000049c0c9
000000000049c0d0	000000000049c0d5
000000000049c0e0	000000000049c0e8
000000000049c0f0	000000000049c0f8
000000000049c100	000000000049c108
000000000049c110	000000000049c162
000000000049c170	000000000049c2b8
000000000049c2c0	000000000049c506
000000000049c510	000000000049c658
000000000049c660	000000000049c9bd
000000000049c9c0	000000000049c9c5
000000000049c9d0	000000000049cb89
000000000049cb90	000000000049cd50
000000000049cd50	000000000049d097
000000000049d0a0	000000000049d1b0
000000000049d1b0	000000000049d313
000000000049d320	000000000049d342
000000000049d350	000000000049d433
000000000049d440	000000000049d44c
000000000049d450	000000000049d5ab
000000000049d5b0	000000000049d6dc
000000000049d6e0	000000000049d6e8
000000000049d6f0	000000000049d708
000000000049d710	000000000049d728
000000000049d730	000000000049d736
000000000049d740	000000000049d8af
000000000049d8b0	000000000049d9f8
000000000049da00	000000000049db9c
000000000049dba0	000000000049dd44
000000000049dd50	000000000049df54
000000000049df60	000000000049df66
000000000049df70	000000000049df78
000000000049df80	000000000049df88
000000000049df90	000000000049dfe2
000000000049dff0	000000000049e042
000000000049e050	000000000049e05b
0000000000074a90	0000000000074fe4
000000000049e110	000000000049e27f
000000000049e280	000000000049e411
000000000049e420	000000000049e5f7
0000000000074ff0	0000000000075728
000000000049e600	000000000049e8d4
0000000000075728	0000000000075758
000000000049e8e0	000000000049e90f
000000000049e910	000000000049eaa2
000000000049eab0	000000000049f4d6
000000000049f4e0	000000000049f9b9
000000000049f9c0	000000000049fad9
000000000049fae0	000000000049fbbf
000000000049fbc0	000000000049fd04
000000000049fd10	00000000004a1868
00000000004a1870	00000000004a1960
00000000004a1960	00000000004a1a3f
00000000004a1a40	00000000004a1bdd
00000000004a1be0	00000000004a2054
00000000004a2060	00000000004a2191
00000000004a21a0	00000000004a224a
00000000004a2250	00000000004a23a5
00000000004a23b0	00000000004a25cf
0000000000075760	00000000000757f7
00000000004a25d0	00000000004a2963
00000000004a2970	00000000004a2aec
00000000004a2af0	00000000004a2c7e
00000000004a2c80	00000000004a2df8
0000000000075800	000000000007589a
00000000004a2e00	00000000004a2ef5
00000000004a2f00	00000000004a3b42
00000000004a3b50	00000000004a3c9f
00000000004a3ca0	00000000004a3cd7
00000000004a3ce0	00000000004a4083
00000000004a4090	00000000004a426d
00000000004a4270	00000000004a4547
00000000004a4550	00000000004a4bad
00000000004a4bb0	00000000004a4dad
00000000004a4db0	00000000004a4f33
00000000004a4f40	00000000004a513d
00000000004a5140	00000000004a5222
00000000004a5230	00000000004a5418
00000000004a5420	00000000004a5541
00000000004a5550	00000000004a5644
00000000004a5650	00000000004a5666
00000000004a5670	00000000004a59a4
00000000004a59b0	00000000004a59df
00000000004a59e0	00000000004a5d7a
00000000004a5d80	00000000004a5ed2
00000000004a5ee0	00000000004a60cd
00000000004a60d0	00000000004a63c6
00000000004a63d0	00000000004a65bd
00000000004a65c0	00000000004a66e1
00000000004a66f0	00000000004a67bf
00000000004a67c0	00000000004a684a
00000000004a6850	00000000004a68bd
00000000004a68c0	00000000004a6d2d
00000000004a6d30	00000000004a6f1d
00000000004a6f20	00000000004a6ff2
00000000004a7000	00000000004a709e
00000000004a70a0	00000000004a713e
00000000004a7140	00000000004a71ba
00000000004a71c0	00000000004a7290
00000000004a7290	00000000004a731a
00000000004a7320	00000000004a737f
00000000004a7380	00000000004a7920
00000000004a7920	00000000004a7acf
00000000004a7ad0	00000000004a7aff
00000000004a7b00	00000000004a7b16
00000000004a7b20	00000000004a7d19
00000000004a7d20	00000000004a7f1a
00000000004a7f20	00000000004a7fcf
00000000004a7fd0	00000000004a84a4
00000000004a84b0	00000000004a87e1
00000000004a87f0	00000000004a88a7
00000000004a88b0	00000000004a8916
00000000004a8920	00000000004a8b98
00000000004a8ba0	00000000004a8c5d
00000000004a8c60	00000000004a9003
00000000004a9010	00000000004a90f1
00000000004a9100	00000000004a9482
00000000004a9490	00000000004a95f1
00000000004a9600	00000000004a97fb
00000000004a9800	00000000004a9819
00000000004a9820	00000000004a9a0a
000000000007589a	00000000000758ef
00000000004a9a10	00000000004a9a53
00000000004a9a60	00000000004a9aa3
00000000004a9ab0	00000000004a9c78
00000000004a9c80	00000000004aa123
00000000004aa130	00000000004ab157
00000000004ab160	00000000004abafc
00000000004abb00	00000000004abc39
00000000004abc40	00000000004acb91
00000000004acba0	00000000004acc38
00000000004acc40	00000000004accf9
00000000004acd00	00000000004ace1a
00000000004ace20	00000000004ace88
00000000004ace90	00000000004ad03f
00000000004ad040	00000000004ad0af
00000000004ad0b0	00000000004ad756
00000000004ad760	00000000004ada4e
00000000004ada50	00000000004adb49
00000000004adb50	00000000004ae21f
00000000004ae220	00000000004ae23e
00000000004ae240	00000000004ae50f
00000000004ae510	00000000004aeda6
00000000004aedb0	00000000004af187
00000000004af190	00000000004afb6d
00000000004afb70	00000000004afc70
00000000004afc70	00000000004afd9e
00000000004afda0	00000000004aff9e
00000000004affa0	00000000004b01ac
00000000004b01b0	00000000004b03e8
00000000004b03f0	00000000004b0aac
00000000004b0ab0	00000000004b0c80
00000000004b0c80	00000000004b0da2
00000000004b0db0	00000000004b0fd8
00000000000758f0	0000000000075953
0000000000075960	00000000000759c3
00000000004b0fe0	00000000004b10f7
00000000004b1100	00000000004b1beb
00000000004b1bf0	00000000004b23f5
00000000004b2400	00000000004b24c7
00000000004b24d0	00000000004b26a4
00000000004b26b0	00000000004b27fc
00000000004b2800	00000000004b3b42
00000000000759d0	0000000000075a33
0000000000075a40	0000000000075aa3
00000000004b3b50	00000000004b3c5c
0000000000075ab0	0000000000075b13
00000000004b3c60	00000000004b5993
00000000004b59a0	00000000004b60bf
00000000004b60c0	00000000004b60fb
00000000004b6100	00000000004b64ec
00000000004b64f0	00000000004b68a7
00000000004b68b0	00000000004b6a5b
00000000004b6a60	00000000004b6fcb
00000000004b6fd0	00000000004b71e9
00000000004b71f0	00000000004b7470
00000000004b7470	00000000004b7562
0000000000075b20	0000000000075b83
00000000004b7570	00000000004b7776
00000000004b7780	00000000004b787b
00000000004b7880	00000000004b7a37
00000000004b7a40	00000000004b7eb6
00000000004b7ec0	00000000004b7fac
0000000000075b90	0000000000075bf3
00000000004b7fb0	00000000004b8342
00000000004b8350	00000000004b893c
00000000004b8940	00000000004b89b8
00000000004b89c0	00000000004b8abb
00000000004b8ac0	00000000004b8bac
00000000004b8bb0	00000000004b8cbb
00000000004b8cc0	00000000004b8f8d
00000000004b8f90	00000000004b9119
00000000004b9120	00000000004b9608
00000000004b9610	00000000004ba1fb
00000000004ba200	00000000004bbc82
00000000004bbc90	00000000004bbe12
00000000004bbe20	00000000004bc175
00000000004bc180	00000000004bc332
00000000004bc340	00000000004bc711
00000000004bc720	00000000004bc8ad
00000000004bc8b0	00000000004bca03
00000000004bca10	00000000004bcd78
00000000004bcd80	00000000004bce8c
00000000004bce90	00000000004bd208
00000000004bd210	00000000004be353
00000000004be360	00000000004be442
00000000004be450	00000000004be508
00000000004be510	00000000004bec7c
00000000004bec80	00000000004beecb
00000000004beed0	00000000004bf557
00000000004bf560	00000000004bf705
00000000004bf710	00000000004bf897
00000000004bf8a0	00000000004bfeec
00000000004bfef0	00000000004bffef
00000000004bfff0	00000000004c018b
00000000004c0190	00000000004c02eb
00000000004c02f0	00000000004c0461
00000000004c0470	00000000004c2fdd
00000000004c2fe0	00000000004c31f1
00000000004c3200	00000000004c3306
00000000004c3310	00000000004c3508
00000000004c3510	00000000004c361c
00000000004c3620	00000000004c406d
00000000004c4070	00000000004c41b7
00000000004c41c0	00000000004c474f
00000000004c4750	00000000004c4769
00000000004c4770	00000000004c47ea
00000000004c47f0	00000000004c496c
00000000004c4970	00000000004c49af
0000000000075c00	0000000000075c63
00000000004c49b0	00000000004c4c5b
00000000004c4c60	00000000004c4e8f
00000000004c4e90	00000000004c4ea9
00000000004c4eb0	00000000004c58c1
00000000004c58d0	00000000004c59ba
00000000004c59c0	00000000004c5a5c
0000000000075c70	0000000000075c85
00000000004c5a60	00000000004c5a7a
0000000000075c90	0000000000075dbe
00000000004c5a80	00000000004c5dff
00000000004c5e00	00000000004c5eae
00000000004c5eb0	00000000004c5f4c
00000000004c5f50	00000000004c6133
00000000004c6140	00000000004c6228
00000000004c6230	00000000004c641c
00000000004c6420	00000000004c650a
00000000004c6510	00000000004c65ac
00000000004c65b0	00000000004c672f
00000000004c6730	00000000004c674a
00000000004c6750	00000000004c6762
00000000004c6770	00000000004c681e
00000000004c6820	00000000004c699d
00000000004c69a0	00000000004c69a9
00000000004c69b0	00000000004c69c2
00000000004c69d0	00000000004c6a80
00000000004c6a80	00000000004c6c02
00000000004c6c10	00000000004c6d73
00000000004c6d80	00000000004c6d83
00000000004c6d90	00000000004c6e62
00000000004c6e70	00000000004c704d
00000000004c7050	00000000004c707d
00000000004c7080	00000000004c7130
00000000004c7130	00000000004c7160
00000000004c7160	00000000004c7172
00000000004c7180	00000000004c722e
00000000004c7230	00000000004c738d
00000000004c7390	00000000004c7399
00000000004c73a0	00000000004c748b
00000000004c7490	00000000004c74ae
00000000004c74b0	00000000004c76c3
00000000004c76d0	00000000004c76d8
00000000004c76e0	00000000004c76e9
00000000004c76f0	00000000004c76fb
00000000004c7700	00000000004c790c
00000000004c7910	00000000004c7d36
00000000004c7d40	00000000004c7d59
00000000004c7d60	00000000004c7d63
0000000000075dc0	0000000000075dd9
0000000000075de0	0000000000075df9
0000000000075e00	0000000000075e19
0000000000075e20	0000000000075e39
0000000000075e40	0000000000075e59
00000000004c7d70	00000000004c7e13
00000000004c7e20	00000000004c8166
00000000004c8170	00000000004c87dc
00000000004c87e0	00000000004c8851
00000000004c8860	00000000004c90c6
00000000004c90d0	00000000004c90de
00000000004c90e0	00000000004c910f
00000000004c9110	00000000004c91e8
00000000004c91f0	00000000004c92c2
00000000004c92d0	00000000004c934c
00000000004c9350	00000000004c9802
00000000004c9810	00000000004cab13
00000000004cab20	00000000004cacfd
00000000004cad00	00000000004cad43
00000000004cad50	00000000004cb9a9
00000000004cb9b0	00000000004cc8e6
0000000000075e60	0000000000075ec3
00000000004cc8f0	00000000004cc947
00000000004cc950	00000000004cc976
00000000004cc980	00000000004cca14
00000000004cca20	00000000004cca74
00000000004cca80	00000000004cce1d
00000000004cce20	00000000004cce39
00000000004cce40	00000000004cce41
00000000004cce50	00000000004cce53
00000000004cce60	00000000004cd046
00000000004cd050	00000000004cd069
00000000004cd070	00000000004cd53e
00000000004cd540	00000000004cd685
00000000004cd690	00000000004cdcac
00000000004cdcb0	00000000004cdf63
00000000004cdf70	00000000004ce0e2
00000000004ce0f0	00000000004ce9c3
00000000004ce9d0	00000000004ceb9d
00000000004ceba0	00000000004cedfd
00000000004cee00	00000000004cf135
0000000000075ed0	0000000000075f67
00000000004cf140	00000000004cf296
0000000000075f70	0000000000076007
00000000004cf2a0	00000000004cf3ce
00000000004cf3d0	00000000004cf4e4
0000000000076010	0000000000076073
00000000004cf4f0	00000000004cf573
0000000000076080	00000000000760e3
00000000004cf580	00000000004cf599
00000000004cf5a0	00000000004cf5a3
00000000004cf5b0	00000000004cfd0d
00000000004cfd10	00000000004cfd22
00000000004cfd30	00000000004cfe51
00000000004cfe60	00000000004cfe6c
00000000004cfe70	00000000004cfe73
00000000004cfe80	00000000004d00f7
00000000004d0100	00000000004d0258
00000000004d0260	00000000004d0467
00000000004d0470	00000000004d06c0
00000000004d06c0	00000000004d0a79
00000000004d0a80	00000000004d0c7c
00000000004d0c80	00000000004d0d93
00000000004d0da0	00000000004d0ddf
00000000004d0de0	00000000004d0e7d
00000000004d0e80	00000000004d14f1
00000000004d1500	00000000004d1529
00000000004d1530	00000000004d153b
00000000004d1540	00000000004d6cef
00000000004d6cf0	00000000004d6dd6
00000000004d6de0	00000000004d6efd
00000000004d6f00	00000000004d6fb6
00000000004d6fc0	00000000004d712e
00000000004d7130	00000000004d71e7
00000000004d71f0	00000000004d744b
00000000004d7450	00000000004d75a5
00000000004d75b0	00000000004d75f8
00000000004d7600	00000000004d766b
00000000004d7670	00000000004d77b3
00000000004d77c0	00000000004d7e7f
00000000004d7e80	00000000004d8220
00000000004d8220	00000000004d84a9
00000000004d84b0	00000000004d86aa
00000000004d86b0	00000000004d86f2
00000000004d8700	00000000004d8a53
00000000004d8a60	00000000004d8b35
00000000004d8b40	00000000004d8bad
00000000004d8bb0	00000000004d8f77
00000000004d8f80	00000000004d9129
00000000004d9130	00000000004d91a7
00000000004d91b0	00000000004d9301
00000000004d9310	00000000004d9ac7
00000000004d9ad0	00000000004d9e28
00000000004d9e30	00000000004da11e
00000000004da120	00000000004da2b5
00000000004da2c0	00000000004da4ca
00000000004da4d0	00000000004da651
00000000004da660	00000000004da73b
00000000004da740	00000000004da936
00000000004da940	00000000004daa1b
00000000004daa20	00000000004db530
00000000004db530	00000000004db559
00000000004db560	00000000004db76c
00000000004db770	00000000004db8e8
00000000004db8f0	00000000004db9ac
00000000004db9b0	00000000004dbf5b
00000000004dbf60	00000000004dbf89
00000000004dbf90	00000000004dc1ae
00000000004dc1b0	00000000004dc287
00000000004dc290	00000000004dc310
00000000004dc310	00000000004dc7bf
00000000004dc7c0	00000000004dc7e9
00000000004dc7f0	00000000004dc7fb
00000000004dc800	00000000004dc9c0
00000000004dc9c0	00000000004dcf6b
00000000004dcf70	00000000004dd08e
00000000004dd090	00000000004dd28c
00000000004dd290	00000000004dd52c
00000000004dd530	00000000004dd53b
00000000004dd540	00000000004dd5a4
00000000004dd5b0	00000000004dde51
00000000004dde60	00000000004dde74
00000000004dde80	00000000004dde8b
00000000004dde90	00000000004ddef7
00000000004ddf00	00000000004de043
00000000000760f0	0000000000076129
00000000004de050	00000000004de063
00000000004de070	00000000004de086
00000000004de090	00000000004de09b
00000000004de0a0	00000000004de10a
0000000000076130	0000000000076149
00000000004de110	00000000004de5d9
00000000004de5e0	00000000004de6c1
0000000000076150	00000000000761ce
00000000000761d0	00000000000763ee
00000000004de6d0	00000000004de7cb
00000000004de7d0	00000000004deedc
00000000004deee0	00000000004def32
00000000004def40	00000000004df031
00000000004df040	00000000004df0a3
00000000004df0b0	00000000004df110
00000000004df110	00000000004df17b
00000000004df180	00000000004df196
00000000004df1a0	00000000004df240
00000000004df240	00000000004df27e
00000000004df280	00000000004df28b
00000000004df290	00000000004df41c
00000000004df420	00000000004df517
00000000004df520	00000000004e08b8
00000000004e08c0	00000000004e08e9
00000000004e08f0	00000000004e08fb
00000000004e0900	00000000004e0a5b
00000000004e0a60	00000000004e0bf6
00000000004e0c00	00000000004e0deb
00000000004e0df0	00000000004e0e52
00000000004e0e60	00000000004e12a8
00000000004e12b0	00000000004e12cf
00000000004e12d0	00000000004e12e3
00000000004e12f0	00000000004e12fe
00000000004e1300	00000000004e1316
00000000004e1320	00000000004e132b
00000000004e1330	00000000004e1344
00000000000763f0	0000000000076409
00000000004e1350	00000000004e14bb
00000000004e14c0	00000000004e1609
00000000004e1610	00000000004e1792
00000000004e17a0	00000000004e19d5
00000000004e19e0	00000000004e1bf1
00000000004e1c00	00000000004e1fd1
00000000004e1fe0	00000000004e2306
00000000004e2310	00000000004e2581
00000000004e2590	00000000004e26db
00000000004e26e0	00000000004e2751
00000000004e2760	00000000004e276b
00000000004e2770	00000000004e2f2d
00000000004e2f30	00000000004e2f3b
00000000004e2f40	00000000004e3a51
00000000004e3a60	00000000004e3a6b
00000000004e3a70	00000000004e4208
00000000004e4210	00000000004e43d9
00000000004e43e0	00000000004e452c
00000000004e4530	00000000004e4a2d
00000000004e4a30	00000000004e4a59
00000000004e4a60	00000000004e4a6b
00000000004e4a70	00000000004e4b67
00000000004e4b70	00000000004e4b99
00000000004e4ba0	00000000004e4bab
00000000004e4bb0	00000000004e510c
00000000004e5110	00000000004e530c
00000000004e5310	00000000004e5506
00000000004e5510	00000000004e629c
0000000000076410	0000000000076499
00000000000764a0	0000000000076503
00000000004e62a0	00000000004e6547
00000000004e6550	00000000004e66ff
00000000004e6700	00000000004e6b89
00000000004e6b90	00000000004e6b97
00000000004e6ba0	00000000004e6ba7
00000000004e6bb0	00000000004e6bb4
00000000004e6bc0	00000000004e6df1
00000000004e6e00	00000000004e84a5
00000000004e84b0	00000000004e85ff
00000000004e8600	00000000004e8b00
00000000004e8b00	00000000004ec555
00000000004ec560	00000000004ec687
00000000004ec690	00000000004ec72b
00000000004ec730	00000000004ee1f6
00000000004ee200	00000000004ee2cb
00000000004ee2d0	00000000004ee39c
00000000004ee3a0	00000000004ee678
00000000004ee680	00000000004ee71b
00000000004ee720	00000000004ef876
00000000004ef880	00000000004ef943
00000000004ef950	00000000004ef95b
00000000004ef960	00000000004f023a
00000000004f0240	00000000004f02a0
00000000004f02a0	00000000004f0345
00000000004f0350	00000000004f0468
00000000004f0470	00000000004f0515
00000000004f0520	00000000004f0bae
00000000004f0bb0	00000000004f0cf0
00000000004f0cf0	00000000004f0d7e
00000000004f0d80	00000000004f0dfc
00000000004f0e00	00000000004f1587
00000000004f1590	00000000004f177e
00000000004f1780	00000000004f2bd5
00000000004f2be0	00000000004f3a74
00000000004f3a80	00000000004f3ab8
00000000004f3ac0	00000000004f3b6c
00000000004f3b70	00000000004f3c36
00000000004f3c40	00000000004f3f8c
00000000004f3f90	00000000004f3fb9
00000000004f3fc0	00000000004f3fcb
00000000004f3fd0	00000000004f4093
00000000004f40a0	00000000004f4af5
00000000004f4b00	00000000004f4b42
00000000004f4b50	00000000004f4b79
00000000004f4b80	00000000004f4b8b
00000000004f4b90	00000000004f4d3a
00000000004f4d40	00000000004f4ed5
00000000004f4ee0	00000000004f4ee5
00000000004f4ef0	00000000004f5033
00000000004f5040	00000000004f5050
00000000004f5050	00000000004f5066
00000000004f5070	00000000004f507b
00000000004f5080	00000000004f50f8
00000000004f5100	00000000004f51a8
00000000004f51b0	00000000004f5528
00000000004f5530	00000000004f5559
00000000004f5560	00000000004f556b
00000000004f5570	00000000004f560c
00000000004f5610	00000000004f5aad
00000000004f5ab0	00000000004f5ad9
00000000004f5ae0	00000000004f5aeb
00000000004f5af0	00000000004f5bec
00000000004f5bf0	00000000004f64eb
00000000004f64f0	00000000004f6519
00000000004f6520	00000000004f6772
00000000004f6780	00000000004f6f01
00000000004f6f10	00000000004f7049
00000000004f7050	00000000004f71a6
00000000004f71b0	00000000004f72bd
00000000004f72c0	00000000004f73ef
00000000004f73f0	00000000004f7aff
00000000004f7b00	00000000004f7b29
00000000004f7b30	00000000004f7db2
00000000004f7dc0	00000000004f9082
00000000004f9090	00000000004f9286
00000000004f9290	00000000004f9441
00000000004f9450	00000000004f9479
00000000004f9480	00000000004f973e
00000000004f9740	00000000004f97aa
00000000004f97b0	00000000004f97c7
00000000004f97d0	00000000004f9840
00000000004f9840	00000000004f9a08
00000000004f9a10	00000000004f9af1
00000000004f9b00	00000000004f9bc8
00000000004f9bd0	00000000004f9c22
00000000004f9c30	00000000004f9e96
00000000004f9ea0	00000000004fa11b
00000000004fa120	00000000004fa33d
00000000004fa340	00000000004fa368
00000000004fa370	00000000004fa3fd
00000000004fa400	00000000004fa429
00000000004fa430	00000000004fa692
00000000004fa6a0	00000000004fb686
00000000004fb690	00000000004fb75d
00000000004fb760	00000000004fb79a
00000000004fb7a0	00000000004fb7d0
00000000004fb7d0	00000000004fb94d
00000000004fb950	00000000004fc708
00000000004fc710	00000000004fc739
00000000004fc740	00000000004fc74b
00000000004fc750	00000000004fca81
00000000004fca90	00000000004fcb59
00000000004fcb60	00000000004fcc4e
00000000004fcc50	00000000004fccb6
00000000004fccc0	00000000004fcd4e
00000000004fcd50	00000000004fcd6d
00000000004fcd70	00000000004fcded
00000000004fcdf0	00000000004fcf16
00000000004fcf20	00000000004fd41f
00000000004fd420	00000000004fd449
00000000004fd450	00000000004fd45b
00000000004fd460	00000000004fdb4c
00000000004fdb50	00000000004fe4cc
00000000004fe4d0	00000000004fe676
00000000004fe680	00000000004fe6a9
00000000004fe6b0	00000000004fe6bb
00000000004fe6c0	00000000004fec1d
00000000004fec20	00000000004fec2b
00000000004fec30	00000000004ff59d
00000000004ff5a0	00000000004ff7b2
00000000004ff7c0	00000000004ffe3a
00000000004ffe40	00000000004ffe69
00000000004ffe70	00000000005000a9
00000000005000b0	000000000050074a
0000000000500750	000000000050075b
0000000000500760	0000000000500906
0000000000500910	0000000000501eaf
0000000000501eb0	0000000000501ed9
0000000000501ee0	0000000000501eeb
0000000000501ef0	000000000050224f
0000000000502250	000000000050232d
0000000000502330	00000000005025b7
00000000005025c0	0000000000502693
00000000005026a0	0000000000502ba2
0000000000502bb0	0000000000502bd3
0000000000502be0	0000000000502bf4
0000000000502c00	0000000000502c12
0000000000502c20	0000000000502c36
0000000000502c40	0000000000502c4b
0000000000502c50	0000000000502c62
0000000000502c70	0000000000502c7e
0000000000502c80	00000000005031b3
00000000005031c0	00000000005031c5
00000000005031d0	00000000005033d4
00000000005033e0	0000000000503403
0000000000503410	0000000000503426
0000000000503430	000000000050343b
0000000000503440	000000000050349f
00000000005034a0	00000000005037c3
00000000005037d0	00000000005037d7
00000000005037e0	00000000005037eb
00000000005037f0	00000000005037f7
0000000000503800	0000000000503829
0000000000503830	000000000050383b
0000000000503840	000000000050388e
0000000000503890	0000000000504034
0000000000504040	000000000050445d
0000000000504460	00000000005049a9
00000000005049b0	00000000005049c9
00000000005049d0	00000000005049d3
00000000005049e0	00000000005049eb
00000000005049f0	0000000000504b0c
0000000000504b10	0000000000504b29
0000000000504b30	00000000005051e7
00000000005051f0	00000000005054a2
00000000005054b0	00000000005059c9
00000000005059d0	00000000005059d3
00000000005059e0	0000000000505b71
0000000000505b80	0000000000505e55
0000000000505e60	0000000000505eb4
0000000000505ec0	0000000000505ecc
0000000000505ed0	00000000005061e1
00000000005061f0	0000000000506210
0000000000506210	0000000000507353
0000000000507360	000000000050738f
0000000000507390	00000000005073bf
00000000005073c0	000000000050751c
0000000000507520	0000000000507643
0000000000507650	000000000050777d
0000000000507780	0000000000507796
00000000005077a0	00000000005079f9
0000000000507a00	000000000050803d
0000000000508040	0000000000508224
0000000000508230	0000000000508731
0000000000508740	0000000000508775
0000000000508830	0000000000508924
0000000000508930	0000000000508c94
0000000000508ca0	0000000000508fd4
0000000000508fe0	00000000005091bd
00000000005091c0	00000000005091d2
00000000005091e0	00000000005092f4
0000000000509300	000000000050948f
0000000000509490	0000000000509616
0000000000509620	0000000000509699
00000000005096a0	000000000050a27e
000000000050a280	000000000050a4dc
000000000050a4e0	000000000050a8b4
000000000050a8c0	000000000050aa4a
000000000050aa50	000000000050ab4a
000000000050ab50	000000000050b027
000000000050b030	000000000050b18b
000000000050b190	000000000050b5a6
000000000050b5b0	000000000050b686
000000000050b690	000000000050b8af
000000000050b8b0	000000000050baa2
000000000050bab0	000000000050bbd1
000000000050bbe0	000000000050bd01
000000000050bd10	000000000050c79b
000000000050c7a0	000000000050ca61
000000000050ca70	000000000050ca8a
000000000050ca90	000000000050caa9
000000000050cab0	000000000050cac9
000000000050cad0	000000000050cb21
000000000050cb30	000000000050cb81
000000000050cb90	000000000050cba7
000000000050cbb0	000000000050cd38
000000000050cd40	000000000050ce44
000000000050ce50	000000000050ceb3
000000000050cec0	000000000050cef5
000000000050cf00	000000000050d173
000000000050d180	000000000050d19a
000000000050d1a0	000000000050d201
000000000050d210	000000000050d304
000000000050d310	000000000050d322
0000000000076510	0000000000076589
0000000000076590	00000000000766cc
00000000000766d0	0000000000076707
0000000000076710	000000000007675a
000000000050d330	000000000050d391
0000000000076760	00000000000767be
000000000050d3a0	000000000050d677
00000000000767c0	0000000000076843
000000000050d680	000000000050deb0
0000000000076850	0000000000076b5c
0000000000076b60	0000000000076bff
000000000050deb0	000000000050e0f9
0000000000076c00	0000000000076ca4
0000000000076cb0	0000000000076d40
0000000000076d40	0000000000076e97
0000000000076ea0	0000000000076f03
000000000050e100	000000000050e3b1
000000000050e3c0	000000000050e711
000000000050e720	000000000050e833
0000000000076f10	0000000000076f83
000000000050e840	000000000050e8b5
000000000050e8c0	000000000050eaf4
000000000050eb00	000000000050ec26
0000000000076f90	0000000000077049
000000000050ec30	000000000050ee4d
0000000000077050	0000000000077106
0000000000077110	00000000000771ae
00000000000771b0	0000000000077634
0000000000077640	00000000000776f8
0000000000077700	000000000007774a
000000000050ee50	000000000050fce9
000000000050fcf0	000000000050febc
000000000050fec0	000000000050ff45
000000000050ff50	000000000050ffe4
000000000050fff0	00000000005102c4
0000000000077750	0000000000077809
0000000000077810	000000000007786e
00000000005102d0	0000000000510355
0000000000510360	00000000005103f4
0000000000510400	00000000005104f7
0000000000510500	00000000005116ef
00000000005116f0	00000000005129e5
00000000005129f0	0000000000512cd2
0000000000512ce0	0000000000512fc2
0000000000512fd0	00000000005135e9
00000000005135f0	0000000000513667
0000000000513670	0000000000513767
0000000000513770	00000000005149aa
0000000000077870	00000000000778b4
00000000005149b0	0000000000514c20
0000000000514c20	000000000051796c
00000000000778c0	0000000000077904
0000000000517970	0000000000517d23
0000000000077910	00000000000779b0
00000000000779b0	00000000000779d0
00000000000779d0	0000000000077a42
0000000000077a50	0000000000077ad7
0000000000517d30	0000000000517ee6
0000000000517ef0	0000000000517f3c
0000000000517f40	0000000000517f8c
0000000000517f90	0000000000517ffa
0000000000518000	0000000000518012
0000000000518020	0000000000518114
0000000000077ae0	0000000000077b06
0000000000518120	000000000051812c
0000000000518130	000000000051830a
0000000000077b10	0000000000077b36
0000000000077b40	0000000000077bb4
0000000000077bc0	0000000000077c7d
0000000000518310	0000000000518357
0000000000518360	00000000005186e1
00000000005186f0	000000000051871a
0000000000518720	0000000000519953
0000000000519960	000000000051a48f
0000000000077c80	0000000000077cfd
0000000000077d00	0000000000077d63
000000000051a490	000000000051a5a4
0000000000077d70	0000000000077eac
000000000051a5b0	000000000051a5d5
0000000000077eb0	0000000000077f13
0000000000077f20	0000000000077f83
000000000051a5e0	000000000051c4bb
000000000051c4c0	000000000051c674
000000000051c680	000000000051cbf3
000000000051cc00	000000000051d1c6
000000000051d1d0	000000000051d723
000000000051d730	000000000051d7a3
000000000051d7b0	000000000051d823
000000000051d830	000000000051d8ad
000000000051d8b0	000000000051d922
000000000051d930	000000000051d9a2
000000000051d9b0	000000000051da23
000000000051da30	000000000051daa4
000000000051dab0	000000000051db50
000000000051db50	000000000051dbe5
000000000051dbf0	000000000051dc62
000000000051dc70	000000000051dceb
000000000051dcf0	000000000051dd90
000000000051dd90	000000000051de11
000000000051de20	000000000051de9a
000000000051dea0	000000000051df12
000000000051df20	000000000051df8d
000000000051df90	000000000051e003
000000000051e010	000000000051e085
000000000051e090	000000000051e0ce
000000000051e0d0	000000000051e11a
000000000051e120	000000000051e159
000000000051e160	000000000051e1df
000000000051e1e0	000000000051e24c
000000000051e250	000000000051e4b9
000000000051e4c0	0000000000521c65
0000000000521c70	00000000005222f1
0000000000522300	00000000005231f6
0000000000523200	0000000000523d55
0000000000523d60	0000000000524782
0000000000524790	000000000052510b
0000000000525110	00000000005254c3
00000000005254d0	0000000000525c45
0000000000525c50	0000000000526eb0
0000000000526eb0	0000000000527a7a
0000000000527a80	0000000000528203
0000000000528210	0000000000529179
0000000000529180	000000000052a34c
000000000052a350	000000000052aaaf
000000000052aab0	000000000052b928
000000000052b930	000000000052be2a
000000000052be30	000000000052bfcf
000000000052bfd0	000000000052c1a7
000000000052c1b0	000000000052c287
000000000052c290	000000000052c4ad
000000000052c4b0	000000000052c689
000000000052c690	000000000052c957
000000000052c960	000000000052c9db
000000000052c9e0	000000000052ca4d
000000000052ca50	000000000052ca69
000000000052ca70	000000000052cc0f
000000000052cc10	000000000052cde1
000000000052cdf0	000000000052ce09
000000000052ce10	000000000052ce29
000000000052ce30	000000000052cea3
000000000052ceb0	000000000052cec9
000000000052ced0	000000000052cee9
000000000052cef0	000000000052cf09
000000000052cf10	000000000052cf29
000000000052cf30	000000000052d509
000000000052d510	000000000052d529
000000000052d530	0000000000531f64
0000000000531f70	00000000005321cc
00000000005321d0	0000000000532366
0000000000532370	0000000000532439
0000000000532440	0000000000532ec4
0000000000532ed0	0000000000532f30
0000000000077f90	0000000000078059
0000000000078060	00000000000780c0
00000000000780c0	0000000000078120
0000000000078120	0000000000078163
0000000000078170	00000000000781b3
0000000000532f30	0000000000532fef
0000000000532ff0	00000000005330af
00000000000781c0	000000000007820a
00000000005330b0	00000000005331b0
00000000005331b0	000000000053326e
0000000000078210	00000000000782d9
00000000000782e0	0000000000078340
0000000000078340	00000000000783a0
00000000000783a0	00000000000783e3
00000000000783f0	0000000000078433
0000000000078440	0000000000078509
0000000000078510	0000000000078570
0000000000078570	00000000000785d0
00000000000785d0	0000000000078613
0000000000078620	0000000000078663
0000000000078670	0000000000078739
0000000000078740	00000000000787a0
00000000000787a0	0000000000078800
0000000000078800	0000000000078843
0000000000078850	0000000000078893
00000000000788a0	0000000000078969
0000000000078970	00000000000789d0
00000000000789d0	0000000000078a30
0000000000078a30	0000000000078a73
0000000000078a80	0000000000078ac3
0000000000533270	0000000000533485
0000000000078ad0	0000000000078b99
0000000000078ba0	0000000000078c00
0000000000078c00	0000000000078c60
0000000000078c60	0000000000078ca3
0000000000078cb0	0000000000078cf3
0000000000078d00	0000000000078dc9
0000000000078dd0	0000000000078e30
0000000000078e30	0000000000078e90
0000000000078e90	0000000000078ed3
0000000000078ee0	0000000000078f23
0000000000533490	00000000005334a9
00000000005334b0	00000000005334c9
00000000005334d0	00000000005334e9
00000000005334f0	0000000000533509
0000000000533510	0000000000533529
0000000000533530	0000000000533549
0000000000533550	0000000000533569
0000000000533570	0000000000533589
0000000000533590	00000000005335a9
00000000005335b0	00000000005335c9
00000000005335d0	00000000005335e9
00000000005335f0	0000000000533829
0000000000533830	0000000000533849
0000000000533850	0000000000533a19
0000000000533a20	0000000000536f38
0000000000536f40	00000000005371fb
0000000000537200	00000000005373b9
00000000005373c0	0000000000537521
0000000000537530	0000000000537664
0000000000537670	000000000053779f
00000000005377a0	00000000005378d4
00000000005378e0	0000000000537a4c
0000000000537a50	000000000053887c
0000000000538880	00000000005388a6
00000000005388b0	00000000005388e6
00000000005388f0	00000000005389a4
00000000005389b0	00000000005389b8
00000000005389c0	0000000000538a26
0000000000538a30	0000000000538ab7
0000000000538ac0	0000000000538aec
0000000000538af0	0000000000538b1c
0000000000538be0	0000000000538c52
0000000000538c60	0000000000538f2c
0000000000538f30	0000000000538ff7
0000000000539000	0000000000539040
0000000000539040	000000000053904e
0000000000539050	0000000000539090
0000000000539090	000000000053928e
0000000000539290	0000000000539e4a
0000000000539e50	000000000053a4a6
000000000053a4b0	000000000053a6ad
000000000053a6b0	000000000053a833
000000000053a840	000000000053aa42
000000000053aa50	000000000053ab42
000000000053ab50	000000000053acd3
000000000053ace0	000000000053aec8
000000000053aed0	000000000053aefc
000000000053af00	000000000053b4ac
000000000053b4b0	000000000053b5c6
000000000053b5d0	000000000053b604
000000000053b610	000000000053ba7f
000000000053ba80	000000000053ba8e
000000000053ba90	000000000053ba98
000000000053baa0	000000000053baa8
000000000053bb60	000000000053bb83
000000000053bb90	000000000053bf06
000000000053bf10	000000000053c043
000000000053c050	000000000053c065
000000000053c070	000000000053c07e
000000000053c080	000000000053c095
000000000053c150	000000000053c268
000000000053c270	000000000053c8d4
000000000053c8e0	000000000053c944
000000000053c950	000000000053c95e
000000000053c960	000000000053c971
000000000053c980	000000000053c98e
000000000053c990	000000000053c9b4
000000000053c9c0	000000000053d0d0
000000000053d0d0	000000000053d0e5
000000000053d0f0	000000000053d0fe
000000000053d100	000000000053d12c
000000000053d130	000000000053d13e
000000000053d140	000000000053d15d
000000000053d160	000000000053d163
000000000053d170	000000000053d171
000000000053d180	000000000053d1ac
000000000053d1b0	000000000053d1ed
000000000053d1f0	000000000053d1fe
000000000053d200	000000000053d20e
000000000053d210	000000000053d225
000000000053d230	000000000053d350
000000000053d350	000000000053d426
000000000053d430	000000000053d996
000000000053d9a0	000000000053db53
000000000053db60	000000000053df50
000000000053df50	000000000053e2b3
000000000053e2c0	000000000053e416
000000000053e420	000000000053e70f
000000000053e710	000000000053e85e
000000000053e860	000000000053e958
000000000053e9e0	000000000053e9ee
000000000053eaa0	000000000053eab8
000000000053eac0	000000000053ed82
000000000053ed90	000000000053ed9e
000000000053ee40	000000000053eef0
000000000053eef0	000000000053eefe
0000000000078f30	0000000000079482
000000000053ef00	000000000053f06f
000000000053f070	000000000053f281
0000000000079490	0000000000079a3d
0000000000079a40	0000000000079f39
0000000000079f40	000000000007a353
000000000007a360	000000000007a89e
000000000053f290	000000000053f403
000000000007a8a0	000000000007ad6a
000000000007ad70	000000000007b274
000000000007b280	000000000007b7c4
000000000007b7d0	000000000007bd3f
000000000007bd3f	000000000007bd77
000000000053f410	000000000053f6a0
000000000053f6a0	000000000053f8c4
000000000053f8d0	000000000053f9f8
000000000053fa00	000000000053fdd6
000000000053fde0	000000000053ff1b
000000000053ff20	000000000053ff4e
000000000053ff50	000000000053ff83
000000000053ff90	0000000000540138
0000000000540140	0000000000540512
0000000000540520	000000000054057c
0000000000540580	00000000005405b3
00000000005405c0	000000000054075f
0000000000540760	0000000000542422
0000000000542430	0000000000542e16
0000000000542e20	0000000000543099
00000000005430a0	000000000054335a
0000000000543360	0000000000543519
0000000000543520	00000000005437e8
00000000005437f0	00000000005437f9
0000000000543800	00000000005438ce
00000000005438d0	00000000005438d9
00000000005438e0	0000000000543910
0000000000543910	0000000000543919
0000000000543920	0000000000543968
0000000000543970	0000000000543a2e
0000000000543a30	0000000000543c1d
0000000000543c20	0000000000543db4
0000000000543dc0	0000000000543eb5
0000000000543ec0	0000000000544071
0000000000544080	0000000000544125
0000000000544130	00000000005442b2
00000000005442c0	000000000054437c
0000000000544380	00000000005447fc
0000000000544800	0000000000544805
0000000000544810	00000000005448c4
00000000005448d0	0000000000544ace
0000000000544ad0	0000000000544b09
0000000000544b10	0000000000544b91
0000000000544ba0	0000000000544c4c
0000000000544c50	0000000000544e02
0000000000544e10	00000000005450d5
00000000005450e0	0000000000547296
00000000005472a0	00000000005473d7
00000000005473e0	000000000054752f
0000000000547530	00000000005475a2
00000000005475b0	0000000000547709
0000000000547710	0000000000547e3b
0000000000547e40	0000000000548116
0000000000548120	000000000054837f
0000000000548380	000000000054852d
0000000000548530	000000000054beb2
000000000054bec0	000000000054c054
000000000054c060	000000000054c2e0
000000000054c2e0	000000000054c4b7
000000000054c4c0	000000000054c967
000000000054c970	000000000054d065
000000000054d070	000000000054d0f6
000000000054d100	000000000054d186
000000000054d190	000000000054d213
000000000054d220	000000000054d2f3
000000000054d300	000000000054d387
000000000054d390	000000000054d3de
000000000054d3e0	000000000054d76c
000000000054d770	000000000054dafc
000000000054db00	000000000054de8c
000000000054de90	000000000054dedc
000000000054dee0	000000000054df0c
000000000054df10	000000000054e031
000000000054e040	000000000054e08c
000000000054e090	000000000054e0dc
000000000054e0e0	000000000054e38f
000000000054e390	000000000054e5b7
000000000054e5c0	000000000054e5d4
000000000054e5e0	000000000054e6dd
000000000054e6e0	000000000054e7be
000000000054e7c0	000000000054e8d4
000000000007bd80	000000000007be1a
000000000007be20	000000000007be83
000000000007be90	000000000007bfcc
000000000054e8e0	000000000054edd2
000000000054ede0	000000000054ede5
000000000054edf0	000000000054efee
000000000054eff0	000000000054f029
000000000054f030	000000000054f0b1
000000000054f0c0	000000000054f16c
000000000054f170	000000000054f435
000000000054f440	000000000054f4ac
000000000054f4b0	000000000054f5af
000000000054f5b0	000000000054f5c2
000000000007bfd0	000000000007c04d
000000000054f5d0	000000000054f78f
000000000054f790	000000000054fa12
000000000054fa20	000000000054fa4f
000000000054fa50	000000000054fa83
000000000054fa90	000000000054faee
000000000054faf0	000000000054fe08
000000000054fe10	000000000054ff4f
000000000054ff50	000000000054ff86
000000000054ff90	0000000000550116
0000000000550120	000000000055030c
0000000000550310	00000000005507ce
00000000005507d0	0000000000550940
0000000000550940	0000000000550976
0000000000550980	0000000000550a05
0000000000550a10	0000000000550d5c
0000000000550d60	0000000000550e66
0000000000550e70	0000000000550ecc
0000000000550ed0	0000000000550ed8
0000000000550ee0	0000000000550eec
0000000000550ef0	0000000000550ef5
0000000000550f00	0000000000550f10
0000000000550f10	0000000000550f5e
0000000000550f60	0000000000550f96
0000000000550fa0	0000000000550fb3
0000000000550fc0	000000000055111b
0000000000551120	00000000005515f6
0000000000551600	0000000000551793
00000000005517a0	0000000000551c58
0000000000551c60	0000000000551e9d
0000000000551ea0	000000000055231c
0000000000552320	0000000000552325
0000000000552330	00000000005523e4
00000000005523f0	00000000005525ee
00000000005525f0	0000000000552629
0000000000552630	00000000005526b1
00000000005526c0	000000000055276c
0000000000552770	0000000000552922
0000000000552930	0000000000552bf5
0000000000552c00	00000000005533dd
00000000005533e0	0000000000553494
00000000005534a0	0000000000553992
00000000005539a0	00000000005539a5
00000000005539b0	0000000000553bae
0000000000553bb0	0000000000553be9
0000000000553bf0	0000000000553c71
0000000000553c80	0000000000553d2c
0000000000553d30	0000000000553ff5
0000000000554000	0000000000554305
0000000000554310	0000000000554315
0000000000554320	00000000005543d4
00000000005543e0	00000000005545de
00000000005545e0	0000000000554619
0000000000554620	00000000005546a1
00000000005546b0	000000000055475c
0000000000554760	0000000000554912
0000000000554920	0000000000554be5
0000000000554bf0	0000000000555f89
000000000007c050	000000000007c0b3
0000000000555f90	0000000000556328
0000000000556330	0000000000556335
0000000000556340	000000000055653e
0000000000556540	0000000000556579
0000000000556580	0000000000556601
0000000000556610	00000000005566bc
00000000005566c0	0000000000556985
0000000000556990	0000000000556f2c
0000000000556f30	0000000000556f95
0000000000556fa0	0000000000557054
0000000000557060	00000000005571a5
00000000005571b0	00000000005571b5
00000000005571c0	0000000000557322
0000000000557330	00000000005573ca
00000000005573d0	00000000005574c8
00000000005574d0	00000000005577a2
00000000005577b0	0000000000557d24
0000000000557d30	000000000055834c
0000000000558350	00000000005583b5
00000000005583c0	0000000000558505
0000000000558510	0000000000558515
0000000000558520	0000000000558682
0000000000558690	000000000055872a
0000000000558730	0000000000558a02
0000000000558a10	0000000000558aea
0000000000558af0	0000000000558c95
0000000000558ca0	0000000000558d29
0000000000558d30	0000000000558fc8
0000000000558fd0	00000000005590f3
0000000000559100	0000000000559165
0000000000559170	0000000000559809
0000000000559810	000000000055984a
0000000000559850	0000000000559c42
0000000000559c50	000000000055ade1
000000000055adf0	000000000055b1a5
000000000055b1b0	000000000055b1ba
000000000055b1c0	000000000055b1c1
000000000055b1d0	000000000055b2da
000000000055b2e0	000000000055b3b6
000000000055b3c0	000000000055b585
000000000055b590	000000000055b5f6
000000000055b600	000000000055b794
000000000055b7a0	000000000055ba6a
000000000055ba70	000000000055bc39
000000000055bc40	000000000055bf4e
000000000055bf50	000000000055bfe2
000000000055bff0	000000000055c23e
000000000055c240	000000000055c288
000000000055c290	000000000055c7f3
000000000055c800	000000000055c9b9
000000000007c0c0	000000000007c147
000000000007c150	000000000007c1b3
000000000055c9c0	000000000055cc25
000000000055cc30	000000000055cc8e
000000000055cc90	000000000055ccee
000000000055ccf0	000000000055d875
000000000055d880	000000000055dac2
000000000055dad0	000000000055dbf7
000000000055dc00	000000000055df05
000000000055df10	000000000055df15
000000000055df20	000000000055dfd4
000000000055dfe0	000000000055e1de
000000000055e1e0	000000000055e219
000000000055e220	000000000055e2a1
000000000055e2b0	000000000055e35c
000000000055e360	000000000055e512
000000000055e520	000000000055e7e5
000000000055e7f0	000000000055ee58
000000000055ee60	000000000055f5c2
000000000055f5d0	000000000055f7c7
000000000055f7d0	000000000055fb68
000000000055fb70	000000000055fb75
000000000055fb80	000000000055fd7e
000000000055fd80	000000000055fdb9
000000000055fdc0	000000000055fe41
000000000055fe50	000000000055fefc
000000000055ff00	00000000005601c5
00000000005601d0	0000000000560242
0000000000560250	00000000005606ad
00000000005606b0	00000000005606b5
00000000005606c0	00000000005608be
00000000005608c0	00000000005608f9
0000000000560900	0000000000560981
0000000000560990	0000000000560a3c
0000000000560a40	0000000000560bf2
0000000000560c00	0000000000560ec5
0000000000560ed0	0000000000561f68
0000000000561f70	0000000000562104
0000000000562110	00000000005621be
00000000005621c0	00000000005623f5
0000000000562400	00000000005628d1
00000000005628e0	00000000005628e5
00000000005628f0	0000000000562aee
0000000000562af0	0000000000562b29
0000000000562b30	0000000000562bb1
0000000000562bc0	0000000000562c6c
0000000000562c70	0000000000562f35
0000000000562f40	0000000000563304
000000000007c1c0	000000000007c223
000000000007c230	000000000007c293
000000000007c2a0	000000000007c303
000000000007c310	000000000007c373
0000000000563310	0000000000563439
0000000000563440	00000000005635bf
00000000005635c0	0000000000563754
0000000000563760	000000000056381e
0000000000563820	00000000005641b0
00000000005641b0	000000000056446b
0000000000564470	00000000005645a4
00000000005645b0	0000000000564b87
0000000000564b90	0000000000564db1
0000000000564dc0	000000000056523c
0000000000565240	0000000000565245
0000000000565250	0000000000565304
0000000000565310	000000000056550e
0000000000565510	0000000000565549
0000000000565550	00000000005655d1
00000000005655e0	000000000056568c
0000000000565690	0000000000565842
0000000000565850	0000000000565b15
0000000000565b20	0000000000566412
0000000000566420	0000000000566854
0000000000566860	00000000005668be
00000000005668c0	00000000005669b3
00000000005669c0	0000000000566eb2
0000000000566ec0	0000000000566ec5
0000000000566ed0	00000000005670ce
00000000005670d0	0000000000567109
0000000000567110	0000000000567191
00000000005671a0	000000000056724c
0000000000567250	0000000000567515
0000000000567520	0000000000567aab
0000000000567ab0	0000000000567c5e
0000000000567c60	0000000000567dc1
0000000000567dd0	0000000000567e93
0000000000567ea0	000000000056831c
0000000000568320	0000000000568325
0000000000568330	00000000005683e4
00000000005683f0	00000000005685ee
00000000005685f0	0000000000568629
0000000000568630	00000000005686b1
00000000005686c0	000000000056876c
0000000000568770	0000000000568922
0000000000568930	0000000000568bf5
0000000000568c00	0000000000569642
0000000000569650	000000000056dfc8
000000000056dfd0	000000000056e0ff
000000000056e100	000000000056e176
000000000007c380	000000000007c3e4
000000000056e180	000000000056f072
000000000056f080	000000000056fd1a
000000000056fd20	000000000056ffee
000000000056fff0	00000000005704e2
00000000005704f0	0000000000570686
0000000000570690	000000000057078f
0000000000570790	0000000000570924
0000000000570930	0000000000570a05
0000000000570a10	0000000000570ae5
0000000000570af0	0000000000570b68
0000000000570b70	0000000000570d26
0000000000570d30	0000000000570e34
0000000000570e40	0000000000570ef9
0000000000570f00	00000000005710b2
00000000005710c0	0000000000571320
0000000000571320	00000000005713e3
00000000005713f0	00000000005714b0
00000000005714b0	000000000057190d
0000000000571910	0000000000571915
0000000000571920	00000000005719d4
00000000005719e0	0000000000571bde
0000000000571be0	0000000000571c19
0000000000571c20	0000000000571ca1
0000000000571cb0	0000000000571d5c
0000000000571d60	0000000000571f12
0000000000571f20	00000000005721e5
00000000005721f0	0000000000572934
0000000000572940	0000000000572e11
0000000000572e20	0000000000572e25
0000000000572e30	000000000057302e
0000000000573030	0000000000573069
0000000000573070	00000000005730f1
0000000000573100	00000000005731ac
00000000005731b0	0000000000573475
0000000000573480	00000000005734fa
0000000000573500	0000000000573829
0000000000573830	0000000000573dcc
0000000000573dd0	0000000000573e35
0000000000573e40	0000000000573ef4
0000000000573f00	0000000000574045
0000000000574050	0000000000574055
0000000000574060	00000000005741c2
00000000005741d0	000000000057426a
0000000000574270	0000000000574333
0000000000574340	0000000000574612
0000000000574620	0000000000576be4
0000000000576bf0	0000000000576eda
0000000000576ee0	000000000057729b
00000000005772a0	00000000005773d6
00000000005773e0	00000000005775cf
00000000005775d0	00000000005777cb
00000000005777d0	0000000000577d46
0000000000577d50	0000000000577d6e
0000000000577d70	000000000057838c
0000000000578390	00000000005783f5
0000000000578400	0000000000578545
0000000000578550	0000000000578555
0000000000578560	00000000005786c2
00000000005786d0	000000000057876a
0000000000578770	0000000000578a42
0000000000578a50	0000000000578de1
0000000000578df0	0000000000578f45
0000000000578f50	00000000005793d7
00000000005793e0	000000000057983d
0000000000579840	0000000000579845
0000000000579850	0000000000579904
0000000000579910	0000000000579b0e
0000000000579b10	0000000000579b49
0000000000579b50	0000000000579bd1
0000000000579be0	0000000000579c8c
0000000000579c90	0000000000579e42
0000000000579e50	000000000057a115
000000000057a120	000000000057d748
000000000057d750	000000000057d8c0
000000000057d8c0	000000000057dc0b
000000000057dc10	000000000057debb
000000000057dec0	000000000057e233
000000000057e240	000000000057e8f4
000000000057e900	000000000057ecd9
000000000057ece0	000000000057f2fe
000000000057f300	000000000057f745
000000000057f750	000000000057f77a
000000000057f780	000000000057f7b0
000000000057f7b0	000000000057f927
000000000057f930	000000000057f99b
000000000057f9a0	000000000057fb37
000000000057fb40	000000000057fba1
000000000057fbb0	000000000057fc51
000000000057fc60	000000000057fce3
000000000057fcf0	000000000057fd2d
000000000057fd30	000000000057fdb4
000000000057fdc0	00000000005800c0
00000000005800c0	0000000000580154
0000000000580160	000000000058042d
0000000000580430	0000000000580721
0000000000580730	0000000000580b61
0000000000580b70	00000000005824d4
00000000005824e0	0000000000582560
0000000000582560	0000000000582e51
0000000000582e60	00000000005835ec
00000000005835f0	00000000005838da
00000000005838e0	000000000058396c
0000000000583970	0000000000583984
0000000000583990	0000000000583a32
0000000000583a40	0000000000583ac8
0000000000583ad0	0000000000583ae1
0000000000583af0	0000000000583c97
0000000000583ca0	0000000000583ede
0000000000583ee0	000000000058439c
00000000005843a0	0000000000584703
0000000000584710	0000000000584bb7
0000000000584bc0	0000000000585091
00000000005850a0	00000000005850a5
00000000005850b0	00000000005852ae
00000000005852b0	00000000005852e9
00000000005852f0	0000000000585371
0000000000585380	000000000058542c
0000000000585430	00000000005856f5
0000000000585700	0000000000585b5d
0000000000585b60	0000000000585b65
0000000000585b70	0000000000585c24
0000000000585c30	0000000000585e2e
0000000000585e30	0000000000585e69
0000000000585e70	0000000000585ef1
0000000000585f00	0000000000585fac
0000000000585fb0	0000000000586162
0000000000586170	0000000000586435
0000000000586440	00000000005890d8
00000000005890e0	0000000000589286
0000000000589290	00000000005894ad
00000000005894b0	000000000058a456
000000000058a460	000000000058a5df
000000000058a5e0	000000000058a7f8
000000000058a800	000000000058aa18
000000000058aa20	000000000058ab3e
000000000058ab40	000000000058ad20
000000000058ad20	000000000058ae97
000000000058aea0	000000000058b371
000000000058b380	000000000058b385
000000000058b390	000000000058b58e
000000000058b590	000000000058b5c9
000000000058b5d0	000000000058b651
000000000058b660	000000000058b70c
000000000058b710	000000000058b9d5
000000000058b9e0	000000000058ba11
000000000058ba20	000000000058ba2c
000000000058ba30	000000000058ba3b
000000000058ba40	000000000058ba9c
000000000058baa0	000000000058bacc
000000000058bad0	000000000058bb4d
000000000058bb50	000000000058bb89
000000000058bb90	000000000058bcac
000000000058bcb0	000000000058bcce
000000000058bcd0	000000000058bebe
000000000058bec0	000000000058bed3
000000000058bee0	000000000058beea
000000000058bef0	000000000058befe
000000000058bf00	000000000058bf0d
000000000058bf10	000000000058bf1a
000000000058bf20	000000000058bf21
000000000058bf30	000000000058bfa7
000000000058bfb0	000000000058c068
000000000058c070	000000000058c082
000000000058c090	000000000058c0b8
000000000058c0c0	000000000058c0c5
000000000058c0d0	000000000058c0e7
000000000058c0f0	000000000058c0fe
000000000058c100	000000000058c10e
000000000058c110	000000000058c11d
000000000058c120	000000000058c12e
000000000058c130	000000000058c131
000000000058c140	000000000058c1d7
000000000058c1e0	000000000058c2d6
000000000058c2e0	000000000058c37f
000000000058c380	000000000058c427
000000000058c430	000000000058c55a
000000000058c560	000000000058c64c
000000000058c650	000000000058c6cb
000000000058c6d0	000000000058c725
000000000058c730	000000000058c831
000000000058c840	000000000058c91f
000000000058c920	000000000058e10f
000000000007c3f0	000000000007c41a
000000000058e110	000000000058e5ed
000000000007c420	000000000007c44a
000000000007c450	000000000007c46e
000000000058e5f0	000000000058fa42
000000000007c470	000000000007c4b1
000000000007c4b1	000000000007c502
000000000058fa50	0000000000592672
000000000007c510	000000000007c542
000000000007c550	000000000007c5af
0000000000592680	000000000059268c
0000000000592690	000000000059269b
00000000005926a0	00000000005926fb
0000000000592700	0000000000592721
0000000000592730	0000000000592749
0000000000592750	000000000059275e
0000000000592760	000000000059276e
0000000000592770	0000000000592799
00000000005927a0	00000000005927c9
00000000005927d0	0000000000592aca
0000000000592ad0	0000000000592ae9
0000000000592af0	0000000000592af7
0000000000592b00	0000000000592b07
0000000000592b10	0000000000592b80
000000000007c5b0	000000000007c5da
000000000007c5e0	000000000007c644
0000000000592b80	0000000000592ba8
0000000000592bb0	0000000000592bbc
0000000000592bc0	0000000000592bcb
0000000000592bd0	0000000000592c2c
0000000000592c30	0000000000592c51
0000000000592c60	0000000000592c71
0000000000592c80	0000000000592c9a
0000000000592ca0	0000000000592cb3
0000000000592cc0	0000000000592cce
0000000000592cd0	0000000000592cf1
0000000000592d00	0000000000592d0e
0000000000592d10	0000000000592fed
000000000007c650	000000000007c696
0000000000592ff0	0000000000592ffc
0000000000593000	000000000059300b
0000000000593010	0000000000593034
0000000000593040	0000000000593061
0000000000593070	000000000059307e
000000000007c6a0	000000000007c710
0000000000593080	00000000005930a0
00000000005930a0	00000000005930ac
00000000005930b0	00000000005930bb
00000000005930c0	000000000059311f
0000000000593120	0000000000593141
0000000000593150	000000000059316a
0000000000593170	000000000059317e
000000000007c710	000000000007c769
0000000000593180	00000000005931b4
00000000005931c0	00000000005931cc
00000000005931d0	00000000005931db
00000000005931e0	0000000000593234
0000000000593240	0000000000593261
0000000000593270	000000000059329d
00000000005932a0	00000000005932ae
00000000005932b0	0000000000593da8
0000000000593db0	0000000000593dc4
0000000000593dd0	0000000000593edd
0000000000593ee0	0000000000593fce
0000000000593fd0	0000000000593fe1
0000000000593ff0	00000000005944e2
00000000005944f0	00000000005944f5
0000000000594500	00000000005946fe
0000000000594700	0000000000594739
0000000000594740	00000000005947c1
00000000005947d0	000000000059487c
0000000000594880	0000000000594b45
0000000000594b50	0000000000594cc2
0000000000594cd0	0000000000594f80
0000000000594f80	0000000000594fe7
0000000000594ff0	0000000000595117
0000000000595120	0000000000595137
0000000000595140	000000000059526e
0000000000595270	0000000000595471
0000000000595480	000000000059555b
0000000000595560	00000000005956a8
00000000005956b0	0000000000595b67
0000000000595b70	0000000000595c03
0000000000595c10	0000000000595f15
0000000000595f20	0000000000595f25
0000000000595f30	0000000000595fe4
0000000000595ff0	00000000005961ee
00000000005961f0	0000000000596229
0000000000596230	00000000005962b1
00000000005962c0	000000000059636c
0000000000596370	0000000000596522
0000000000596530	00000000005967f5
0000000000596800	0000000000596dd5
0000000000596de0	0000000000597178
0000000000597180	0000000000597185
0000000000597190	000000000059738e
0000000000597390	00000000005973c9
00000000005973d0	0000000000597451
0000000000597460	000000000059750c
0000000000597510	00000000005977d5
00000000005977e0	000000000059797b
0000000000597980	0000000000597b27
0000000000597b30	00000000005980c7
00000000005980d0	0000000000598298
00000000005982a0	00000000005983dd
00000000005983e0	000000000059856f
0000000000598570	0000000000598b2b
0000000000598b30	0000000000598b95
0000000000598ba0	0000000000598c54
0000000000598c60	0000000000598da5
0000000000598db0	0000000000598db5
0000000000598dc0	0000000000598f22
0000000000598f30	0000000000598fca
0000000000598fd0	0000000000599092
00000000005990a0	0000000000599372
0000000000599380	00000000005995cd
00000000005995d0	000000000059d80f
000000000059d810	000000000059dac7
000000000059dad0	000000000059e047
000000000059e050	000000000059e19b
000000000059e1a0	000000000059e207
000000000059e210	000000000059e425
000000000059e430	000000000059e8ac
000000000059e8b0	000000000059e8b5
000000000059e8c0	000000000059e974
000000000059e980	000000000059eb7e
000000000059eb80	000000000059ebb9
000000000059ebc0	000000000059ec41
000000000059ec50	000000000059ecfc
000000000059ed00	000000000059eeb2
000000000059eec0	000000000059f185
000000000059f190	00000000005a0bbd
00000000005a0bc0	00000000005a1803
00000000005a1810	00000000005a19ba
00000000005a19c0	00000000005a1b5a
00000000005a1b60	00000000005a1c0c
00000000005a1c10	00000000005a1dce
00000000005a1dd0	00000000005a22c2
00000000005a22d0	00000000005a22d5
00000000005a22e0	00000000005a24de
00000000005a24e0	00000000005a2519
00000000005a2520	00000000005a25a1
00000000005a25b0	00000000005a265c
00000000005a2660	00000000005a2925
00000000005a2930	00000000005a2d8d
00000000005a2d90	00000000005a2d95
00000000005a2da0	00000000005a2e54
00000000005a2e60	00000000005a305e
00000000005a3060	00000000005a3099
00000000005a30a0	00000000005a3121
00000000005a3130	00000000005a31dc
00000000005a31e0	00000000005a3392
00000000005a33a0	00000000005a3665
00000000005a3670	00000000005a44e0
00000000005a44e0	00000000005a5112
00000000005a5120	00000000005a55f1
00000000005a5600	00000000005a5605
00000000005a5610	00000000005a580e
00000000005a5810	00000000005a5849
00000000005a5850	00000000005a58d1
00000000005a58e0	00000000005a598c
00000000005a5990	00000000005a5c55
00000000005a5c60	00000000005a5eb7
00000000005a5ec0	00000000005a5ed7
00000000005a5ee0	00000000005a5ef6
00000000005a5f00	00000000005a653e
00000000005a6540	00000000005a65a5
00000000005a65b0	00000000005a66f5
00000000005a6700	00000000005a6705
00000000005a6710	00000000005a6872
00000000005a6880	00000000005a691a
00000000005a6920	00000000005a6bf2
00000000005a6c00	00000000005a6c4e
00000000005a6c50	00000000005a70fd
00000000005a7100	00000000005a7182
00000000005a7190	00000000005a739e
00000000005a73a0	00000000005a73ef
00000000005a73f0	00000000005a74ed
00000000005a74f0	00000000005a7520
00000000005a7520	00000000005a754d
00000000005a7550	00000000005a75e8
00000000005a75f0	00000000005a7688
00000000005a7690	00000000005a777e
00000000005a7780	00000000005a7870
00000000005a7870	00000000005a7929
00000000005a7930	00000000005a7a29
00000000005a7a30	00000000005a7b85
00000000005a7b90	00000000005a7d9b
00000000005a7da0	00000000005a7f64
00000000005a7f70	00000000005a8071
00000000005a8080	00000000005a80cf
00000000005a80d0	00000000005a8133
00000000005a8140	00000000005a8166
00000000005a8170	00000000005a81cf
00000000005a81d0	00000000005a82a3
00000000005a82b0	00000000005a8327
00000000005a8330	00000000005a8356
00000000005a8360	00000000005a83af
00000000005a83b0	00000000005a840b
00000000005a8410	00000000005a8a52
00000000005a8a60	00000000005a8b27
00000000005a8b30	00000000005a8b60
00000000005a8b60	00000000005a8b86
00000000005a8b90	00000000005a8bb6
000000000007c769	000000000007c7be
00000000005a8bc0	00000000005a8cd4
00000000005a8ce0	00000000005a8e6a
00000000005a8e70	00000000005a91b8
00000000005a91c0	00000000005a91c5
00000000005a91d0	00000000005a9281
00000000005a9290	00000000005a9372
00000000005a9380	00000000005a93b9
00000000005a93c0	00000000005a9487
00000000005a9490	00000000005a9540
00000000005a9540	00000000005a9689
00000000005a9690	00000000005a9839
00000000005a9840	00000000005a9e8f
00000000005a9e90	00000000005aa27e
00000000005aa280	00000000005aa285
00000000005aa290	00000000005aa372
00000000005aa380	00000000005aa3b9
00000000005aa3c0	00000000005aa487
00000000005aa490	00000000005aa540
00000000005aa540	00000000005aa6e9
00000000005aa6f0	00000000005aa75b
00000000005aa760	00000000005aa7cb
00000000005aa7d0	00000000005ab0f3
00000000005ab100	00000000005ab311
00000000005ab320	00000000005ab680
00000000005ab680	00000000005abd52
00000000005abd60	00000000005abfb4
00000000005abfc0	00000000005ac0e4
00000000005ac0f0	00000000005ac102
00000000005ac110	00000000005acfb1
00000000005acfc0	00000000005acfd2
00000000005acfe0	00000000005ae960
00000000005ae960	00000000005aebb6
00000000005aebc0	00000000005aec2c
00000000005aec30	00000000005aef28
00000000005aef30	00000000005af008
00000000005af010	00000000005af135
00000000005af140	00000000005af37f
00000000005af380	00000000005af42e
00000000005af430	00000000005af447
00000000005af450	00000000005af462
00000000005af470	00000000005af47a
00000000005af480	00000000005af4a7
00000000005af4b0	00000000005af5cd
00000000005af5d0	00000000005af9a0
000000000007c7c0	000000000007c819
000000000007c820	000000000007c864
00000000005af9a0	00000000005af9ac
00000000005af9b0	00000000005af9bb
00000000005af9c0	00000000005afa1b
00000000005afa20	00000000005afa2e
00000000005afa30	00000000005afa3e
00000000005afa40	00000000005afdf2
00000000005afe00	00000000005afff9
00000000005b0000	00000000005b0240
00000000005b0240	00000000005b107c
00000000005b1080	00000000005b1118
00000000005b1120	00000000005b14d5
00000000005b14e0	00000000005b195c
00000000005b1960	00000000005b1965
00000000005b1970	00000000005b1a24
00000000005b1a30	00000000005b1c2e
00000000005b1c30	00000000005b1c69
00000000005b1c70	00000000005b1cf1
00000000005b1d00	00000000005b1dac
00000000005b1db0	00000000005b1f62
00000000005b1f70	00000000005b2235
00000000005b2240	00000000005b2a18
00000000005b2a20	00000000005b4ac5
00000000005b4ad0	00000000005b4e1b
00000000005b4e20	00000000005b529f
00000000005b52a0	00000000005b55f0
00000000005b55f0	00000000005b5bd8
00000000005b5be0	00000000005b61e8
00000000005b61f0	00000000005b66ac
00000000005b66b0	00000000005b6ba2
00000000005b6bb0	00000000005b6bb5
00000000005b6bc0	00000000005b6dbe
00000000005b6dc0	00000000005b6df9
00000000005b6e00	00000000005b6e81
00000000005b6e90	00000000005b6f3c
00000000005b6f40	00000000005b7205
00000000005b7210	00000000005b75c5
00000000005b75d0	00000000005b7a2d
00000000005b7a30	00000000005b7a35
00000000005b7a40	00000000005b7c3e
00000000005b7c40	00000000005b7c79
00000000005b7c80	00000000005b7d01
00000000005b7d10	00000000005b7dbc
00000000005b7dc0	00000000005b7f72
00000000005b7f80	00000000005b8245
00000000005b8250	00000000005bbb51
00000000005bbb60	00000000005bbed9
00000000005bbee0	00000000005bbfd2
00000000005bbfe0	00000000005bc6a4
00000000005bc6b0	00000000005be014
00000000005be020	00000000005be178
00000000005be180	00000000005be377
00000000005be380	00000000005be851
00000000005be860	00000000005be865
00000000005be870	00000000005bea6e
00000000005bea70	00000000005beaa9
00000000005beab0	00000000005beb31
00000000005beb40	00000000005bebec
00000000005bebf0	00000000005beeb5
00000000005beec0	00000000005bfed3
000000000007c870	000000000007c89a
000000000007c8a0	000000000007c8c8
000000000007c8d0	000000000007c927
00000000005bfee0	00000000005bfeec
00000000005bfef0	00000000005bfefb
00000000005bff00	00000000005bff51
00000000005bff60	00000000005bff81
00000000005bff90	00000000005bff9e
00000000005bffa0	00000000005bffa9
00000000005bffb0	00000000005bffbe
000000000007c930	000000000007c994
00000000005bffc0	00000000005c0063
00000000005c0070	00000000005c007c
00000000005c0080	00000000005c008b
00000000005c0090	00000000005c00ec
00000000005c00f0	00000000005c0111
00000000005c0120	00000000005c018e
00000000005c0190	00000000005c0698
00000000005c06a0	00000000005c06ae
00000000005c06b0	00000000005c06ec
00000000005c06f0	00000000005c07a0
00000000005c07a0	00000000005c07cf
00000000005c07d0	00000000005c0850
00000000005c0850	00000000005c085e
00000000005c0860	00000000005c0871
00000000005c0880	00000000005c08b6
00000000005c08c0	00000000005c09ce
00000000005c09d0	00000000005c0c63
00000000005c0c70	00000000005c113e
00000000005c1140	00000000005c1145
00000000005c1150	00000000005c1199
00000000005c11a0	00000000005c1221
00000000005c1230	00000000005c4f0e
00000000005c4f10	00000000005c6eeb
00000000005c6ef0	00000000005c6f74
00000000005c6f80	00000000005c707e
00000000005c7080	00000000005c7689
00000000005c7690	00000000005c776e
00000000005c7770	00000000005c9eae
00000000005c9eb0	00000000005c9f65
00000000005c9f70	00000000005ca07c
00000000005ca080	00000000005ca127
00000000005ca130	00000000005ca1d7
00000000005ca1e0	00000000005ca28e
00000000005ca290	00000000005ca33e
00000000005ca340	00000000005cc58b
00000000005cc590	00000000005cd204
00000000005cd210	00000000005cd262
00000000005cd270	00000000005cded0
00000000005cded0	00000000005cdf10
00000000005cdf10	00000000005ce25b
00000000005ce260	00000000005ce50a
00000000005ce510	00000000005ce79b
00000000005ce7a0	00000000005cec5c
00000000005cec60	00000000005cf186
00000000005cf190	00000000005cf569
00000000005cf570	00000000005cf62e
00000000005cf630	00000000005d19a3
00000000005d19b0	00000000005d262b
00000000005d2630	00000000005d2682
00000000005d2690	00000000005d32f5
00000000005d3300	00000000005d3340
00000000005d3340	00000000005d368b
00000000005d3690	00000000005d3afa
00000000005d3b00	00000000005d3e6e
00000000005d3e70	00000000005d432c
00000000005d4330	00000000005d4862
00000000005d4870	00000000005d4e48
00000000005d4e50	00000000005d515f
00000000005d5160	00000000005d5192
00000000005d51a0	00000000005d51c3
00000000005d51d0	00000000005d523c
00000000005d5240	00000000005d532f
00000000005d5330	00000000005d5342
00000000005d5350	00000000005d5385
00000000005d5390	00000000005d53c3
00000000005d53d0	00000000005d5524
00000000005d5530	00000000005d5fb9
00000000005d5fc0	00000000005d60dc
00000000005d60e0	00000000005d6120
00000000005d6120	00000000005d6169
00000000005d6170	00000000005d61ae
00000000005d61b0	00000000005d61da
00000000005d61e0	00000000005d6219
00000000005d6220	00000000005d6228
00000000005d6230	00000000005d626a
00000000005d6270	00000000005d6461
00000000005d6470	00000000005dfb55
00000000005dfb60	00000000005e14be
00000000005e14c0	00000000005e15e1
00000000005e15f0	00000000005e168a
00000000005e1690	00000000005e1959
00000000005e1960	00000000005e1ba9
00000000005e1bb0	00000000005e21b8
00000000005e21c0	00000000005e226f
00000000005e2270	00000000005e22ec
00000000005e22f0	00000000005e440a
00000000005e4410	00000000005e44dc
00000000005e44e0	00000000005e4633
00000000005e4640	00000000005e46e7
00000000005e46f0	00000000005e6785
00000000005e6790	00000000005e6834
00000000005e6840	00000000005e6982
00000000005e6990	00000000005e6a15
00000000005e6a20	00000000005e6a8f
00000000005e6a90	00000000005e8da3
00000000005e8db0	00000000005e99d8
00000000005e99e0	00000000005e9a32
00000000005e9a40	00000000005ea63a
00000000005ea640	00000000005ea680
00000000005ea680	00000000005ea9cb
00000000005ea9d0	00000000005eac54
00000000005eac60	00000000005eaea3
00000000005eaeb0	00000000005eb36c
00000000005eb370	00000000005eb868
00000000005eb870	00000000005ebc22
00000000005ebc30	00000000005ebcbd
00000000005ebcc0	00000000005ebe82
00000000005ebe90	00000000005ecb0b
00000000005ecb10	00000000005ecb62
00000000005ecb70	00000000005ed7d5
00000000005ed7e0	00000000005ed820
00000000005ed820	00000000005edd52
00000000005edd60	00000000005eddfe
00000000005ede00	00000000005f0173
00000000005f0180	00000000005f0dfb
00000000005f0e00	00000000005f0e52
00000000005f0e60	00000000005f1ac5
00000000005f1ad0	00000000005f1b10
00000000005f1b10	00000000005f1e5b
00000000005f1e60	00000000005f22df
00000000005f22e0	00000000005f2630
00000000005f2630	00000000005f2aec
00000000005f2af0	00000000005f3022
00000000005f3030	00000000005f3618
00000000005f3620	00000000005f367f
00000000005f3680	00000000005f36b4
00000000005f36c0	00000000005f37f0
00000000005f37f0	00000000005f4304
00000000005f4310	00000000005f4610
00000000005f4610	00000000005f4621
00000000005f4630	00000000005f4666
00000000005f4670	00000000005f4903
00000000005f4910	00000000005f4959
00000000005f4960	00000000005f498a
00000000005f4990	00000000005f49c6
00000000005f49d0	00000000005f49e3
00000000005f49f0	00000000005f4b00
00000000005f4b00	00000000005f4b11
00000000005f4b20	00000000005f4b56
00000000005f4b60	00000000005f4df3
00000000005f4e00	00000000005f4e56
00000000005f4e60	00000000005f4ee1
00000000005f4ef0	00000000005f5624
00000000005f5630	00000000005f5852
00000000005f5860	00000000005f5ec9
00000000005f5ed0	00000000005f6530
00000000005f6530	00000000005f661a
00000000005f6620	00000000005f670a
00000000005f6710	00000000005f6750
00000000005f6750	00000000005f6bc9
00000000005f6bd0	00000000005f6be9
00000000005f6bf0	00000000005f729b
00000000005f72a0	00000000005f7586
00000000005f7590	00000000005f7d8e
00000000005f7d90	00000000005f7eee
00000000005f7ef0	00000000005f856d
00000000005f8570	00000000005f85aa
00000000005f85b0	00000000005f8681
00000000005f8690	00000000005f951c
00000000005f9520	00000000005f9553
00000000005f9560	00000000005f95bf
00000000005f95c0	00000000005f9c35
00000000005f9c40	00000000005f9e58
00000000005f9e60	00000000005fa3a7
00000000005fa3b0	00000000005fa9c8
00000000005fa9d0	00000000005faa6e
00000000005faa70	00000000005fab18
00000000005fab20	00000000005fab60
00000000005fab60	00000000005fac9a
00000000005faca0	00000000005facd6
00000000005face0	00000000005facf3
00000000005fad00	00000000005fae5b
00000000005fae60	00000000005fb1ae
00000000005fb1b0	00000000005fb2cf
00000000005fb2d0	00000000005fb645
00000000005fb650	00000000005fb686
00000000005fb690	00000000005fb715
00000000005fb720	00000000005fb756
00000000005fb760	00000000005fb8d9
00000000005fb8e0	00000000005fbad9
00000000005fbae0	00000000005fbb14
00000000005fbb20	00000000005fbbac
00000000005fbbb0	00000000005fc041
00000000005fc050	00000000005fc084
00000000005fc090	00000000005fc57e
00000000005fc580	00000000005fc5b3
00000000005fc5c0	00000000005fcb8f
00000000005fcb90	00000000005fe0ff
000000000007c9a0	000000000007ca19
000000000007ca20	000000000007cb5c
00000000005fe100	00000000005fe151
00000000005fe160	00000000005fe297
00000000005fe2a0	00000000005fe301
00000000005fe310	00000000005fe404
00000000005fe410	00000000005fe422
00000000005fe430	00000000005fe72a
00000000005fe730	00000000005fe9ed
00000000005fe9f0	00000000005fea65
00000000005fea70	00000000005fec47
000000000007cb60	000000000007cbe0
00000000005fec50	00000000005fed60
00000000005fed60	00000000005feef8
00000000005fef00	00000000005ff111
000000000007cbe0	000000000007cc8d
000000000007cc90	000000000007ccf1
00000000005ff120	0000000000601833
000000000007cd00	000000000007d105
000000000007d110	000000000007d1d2
0000000000601840	0000000000601a08
0000000000601a10	0000000000601be9
0000000000601bf0	0000000000601da4
000000000007d1e0	000000000007d240
0000000000601db0	0000000000602106
0000000000602110	00000000006022af
00000000006022b0	0000000000602323
0000000000602330	0000000000602488
0000000000602490	000000000060252e
0000000000602530	000000000060282a
0000000000602830	0000000000602b33
0000000000602b40	0000000000602b59
0000000000602b60	0000000000602b79
0000000000602b80	0000000000602b90
0000000000602b90	0000000000602ba9
0000000000602bb0	0000000000602bc9
0000000000602bd0	0000000000602be9
0000000000602bf0	0000000000602cc2
0000000000602cd0	0000000000602dc9
0000000000602dd0	0000000000602e91
0000000000602ea0	0000000000602fae
0000000000602fb0	0000000000603007
0000000000603010	0000000000603018
00000000006030d0	0000000000603189
0000000000603190	000000000060333f
0000000000603340	00000000006033f8
0000000000603400	0000000000603488
000000000007d240	000000000007d2d7
000000000007d2e0	000000000007d2fc
000000000007d300	000000000007d36e
000000000007d370	000000000007d3f6
0000000000603490	0000000000603876
0000000000603880	0000000000603af6
0000000000603b00	0000000000603cec
0000000000603cf0	0000000000603eda
0000000000603ee0	0000000000604087
0000000000604090	00000000006040c2
00000000006040d0	0000000000604102
0000000000604110	000000000060422f
0000000000604230	00000000006042fe
0000000000604300	000000000060432d
0000000000604330	0000000000604344
0000000000604350	0000000000604441
0000000000604450	000000000060449e
00000000006044a0	00000000006045a9
00000000006045b0	00000000006045b8
00000000006045c0	000000000060467d
0000000000604680	00000000006046fa
0000000000604700	0000000000604753
0000000000604760	0000000000604854
0000000000604860	00000000006048e6
00000000006048f0	000000000060491c
0000000000604920	0000000000604b10
0000000000604b10	0000000000604de3
0000000000604df0	0000000000605acf
0000000000605ad0	0000000000605d95
0000000000605da0	0000000000606619
0000000000606620	00000000006070c0
00000000006070c0	000000000060736f
0000000000607370	0000000000607597
00000000006075a0	00000000006075b4
00000000006075c0	00000000006076bd
00000000006076c0	000000000060779e
00000000006077a0	00000000006077b1
00000000006077c0	00000000006078c1
000000000007d3f6	000000000007d415
00000000006078d0	00000000006078d9
00000000006078e0	000000000060790b
000000000007d420	000000000007d5b4
0000000000608220	0000000000608281
0000000000608350	0000000000608375
000000000007d5c0	000000000007d5c9
0000000000608380	00000000006083a7
000000000007d5d0	000000000007d5d9
00000000006083b0	000000000060852c
000000000007d5e0	000000000007d5ee
000000000007d5f0	000000000007d670
000000000007d670	000000000007d7ba
000000000007d7c0	000000000007d8a7
0000000000608530	000000000060858a
0000000000608860	00000000006088c0
000000000007d8b0	000000000007d8cc
0000000000608c80	0000000000608c85
000000000060cec0	000000000060d2aa
000000000060d2b0	000000000060d369
000000000060d370	000000000060d557
000000000060d560	000000000060d726
000000000060dc60	000000000060df06
000000000060e680	000000000060e742
000000000060e750	000000000060e8e2
000000000060f8f0	000000000060f9ae
000000000060f9b0	000000000060f9cb
000000000060f9d0	000000000060fe3c
000000000060fe40	00000000006100f5
0000000000610100	0000000000610349
0000000000610350	0000000000610565
0000000000610570	00000000006106ff
0000000000610700	00000000006109e6
0000000000613ce0	000000000061426b
000000000007d980	000000000007d9e6
00000000006148c0	0000000000614ce0
0000000000614ce0	00000000006152e0
00000000006177d0	000000000061783b
0000000000617840	0000000000617845
0000000000617850	0000000000617cab
0000000000617cb0	0000000000617da0
0000000000617da0	0000000000617f2f
000000000007f800	000000000007f866
0000000000617f30	0000000000617f96
0000000000617fa0	0000000000618016
0000000000618020	0000000000618084
00000000006181c0	0000000000618264
000000000007f870	000000000007f8d6
0000000000618270	00000000006182e6
0000000000618c00	0000000000618cbe
0000000000618cc0	0000000000618d6e
0000000000618d70	0000000000618f55
0000000000618f60	00000000006195a2
0000000000619fb0	000000000061a062
000000000061a070	000000000061b436
000000000061b440	000000000061c724
000000000061c730	000000000061cf82
000000000061cf90	000000000061d252
000000000061d370	000000000061d42f
000000000061d430	000000000061d479
000000000061d480	000000000061db0e
000000000061e4e0	000000000061e645
000000000061e650	000000000061e753
000000000061e760	000000000061eb95
000000000061eba0	000000000061ec04
000000000061ec10	000000000061ec7c
000000000061ec80	000000000061f255
0000000000081040	00000000000810a6
000000000061f260	0000000000620179
0000000000620180	000000000062028c
0000000000620290	000000000062030e
00000000000810b0	0000000000081116
0000000000620430	0000000000620479
0000000000620480	0000000000620513
0000000000620520	00000000006205a1
00000000006205b0	0000000000620661
0000000000620670	000000000062070e
0000000000620710	0000000000620d42
00000000006216e0	0000000000621793
0000000000621c70	0000000000621fae
0000000000622330	00000000006223c3
00000000006223d0	00000000006224b0
0000000000081120	0000000000081186
00000000006224b0	0000000000622798
00000000006227a0	00000000006229f4
0000000000622a00	000000000062337f
0000000000081190	00000000000811f6
0000000000623440	00000000006234d8
0000000000081200	0000000000081266
0000000000623900	0000000000623963
0000000000081270	00000000000812ac
00000000000812b0	0000000000081302
0000000000623e70	0000000000623e7f
0000000000623e80	00000000006240ef
0000000000081310	0000000000081376
0000000000081380	00000000000813e6
0000000000624500	0000000000624e54
0000000000624ec0	0000000000625502
0000000000625f10	0000000000625fc2
0000000000625fd0	0000000000626672
00000000006270f0	0000000000627466
0000000000627470	000000000062751c
0000000000627520	0000000000627816
0000000000627820	0000000000627839
0000000000627840	00000000006278f6
0000000000627900	0000000000627a1a
0000000000627a20	0000000000627d3d
0000000000627d40	0000000000627dfc
0000000000627f40	0000000000627fd0
0000000000627fd0	0000000000627fd7
0000000000627fe0	0000000000628091
00000000006280a0	00000000006281cc
00000000006281d0	00000000006282ac
00000000006282b0	00000000006286ba
0000000000628c10	0000000000628d05
0000000000628d10	0000000000628dc3
0000000000628f60	0000000000628f97
0000000000629140	0000000000629427
0000000000629430	00000000006294a1
00000000006294b0	0000000000629734
0000000000629740	0000000000629856
0000000000629860	000000000062987d
00000000006299a0	00000000006299b1
00000000006299c0	00000000006299ce
00000000006299d0	00000000006299dd
00000000006299e0	00000000006299e3
00000000006299f0	00000000006299f1
0000000000629a00	0000000000629a05
0000000000629c90	0000000000629d5c
0000000000629d60	000000000062a545
0000000000081550	000000000008163d
000000000062a550	000000000062a561
000000000062a5f0	000000000062a60b
000000000062a610	000000000062a6eb
000000000062a6f0	000000000062a713
000000000062a910	000000000062a922
000000000062a930	000000000062a98a
000000000062a990	000000000062a9fa
000000000062aa00	000000000062aa03
000000000062aa10	000000000062aa13
000000000062aa20	000000000062aaed
000000000062aaf0	000000000062acb3
0000000000081640	0000000000081700
0000000000081700	000000000008171f
0000000000081720	000000000008178b
0000000000081790	0000000000081820
000000000062aef0	000000000062af38
0000000000081820	00000000000818f6
0000000000081900	000000000008190a
000000000062b1c0	000000000062b1d2
000000000062b1e0	000000000062b205
000000000062b210	000000000062b261
000000000062b270	000000000062b28a
000000000062b290	000000000062b293
000000000062b2a0	000000000062b2ae
000000000062b2b0	000000000062b2bc
000000000062b2c0	000000000062b2cc
000000000062b2d0	000000000062b2dc
000000000062b2e0	000000000062b2ec
000000000008190a	0000000000081950
000000000062b2f0	000000000062b4c9
000000000062b4d0	000000000062b621
000000000062b630	000000000062b907
0000000000081950	0000000000081982
000000000062b910	000000000062b9e2
0000000000081982	00000000000819b3
000000000062b9f0	000000000062bbb3
00000000000819c0	00000000000819c9
00000000000819d0	00000000000819de
000000000062bcf0	000000000062bcf9
000000000062bd90	000000000062bdc8
000000000062bf60	000000000062bf71
000000000062bf80	000000000062bf8e
000000000062bf90	000000000062bffc
000000000062c000	000000000062c103
000000000062c110	000000000062c122
000000000062c130	000000000062c147
000000000062c150	000000000062c190
000000000062c190	000000000062c19b
000000000062c1a0	000000000062c1a8
00000000000819e0	00000000000819e9
000000000062c1b0	000000000062c1cc
00000000000819f0	0000000000081a02
0000000000081a10	0000000000081a19
000000000062c1d0	000000000062c295
000000000062c3c0	000000000062c413
000000000062c420	000000000062c591
000000000062c5a0	000000000062c6fa
0000000000081a20	0000000000081a3c
000000000062c700	000000000062c8ad
000000000062c8b0	000000000062caa5
000000000062cab0	000000000062cbc6
000000000062cdb0	000000000062cdc1
000000000062cdd0	000000000062ce13
000000000062ce20	000000000062cff9
000000000062d000	000000000062d0e3
0000000000081b70	0000000000081cc9
000000000062d2c0	000000000062d2f2
000000000062e8a0	000000000062e8a5
000000000062edd0	000000000062ee33
000000000062f630	000000000062f974
000000000062f980	000000000062fd9f
000000000062fda0	0000000000630139
0000000000630140	00000000006301f1
0000000000630200	00000000006303f1
0000000000630400	00000000006304e1
0000000000630670	0000000000630714
0000000000630720	00000000006307df
00000000006307e0	0000000000630840
0000000000630840	000000000063084d
0000000000081f20	0000000000081f86
00000000006309a0	0000000000630a2f
0000000000630f30	0000000000630f4e
0000000000631140	0000000000631228
0000000000081f90	0000000000081fac
0000000000631230	000000000063124e
0000000000631480	00000000006314bd
0000000000081fb0	0000000000082016
0000000000082020	0000000000082086
0000000000631c00	0000000000631dbd
0000000000631dc0	0000000000631e15
0000000000631e20	0000000000631e34
0000000000631e40	0000000000631e85
0000000000631e90	0000000000631ea5
0000000000631eb0	0000000000631ef0
0000000000631ef0	0000000000631f0e
000000000008212d	0000000000082184
0000000000632160	000000000063219f
0000000000632390	00000000006323dc
00000000006323e0	0000000000632428
0000000000632430	0000000000632478
0000000000632480	00000000006324ca
00000000006324d0	00000000006325fe
0000000000082190	00000000000821be
0000000000632bc0	0000000000632bd9
00000000000821c0	00000000000821ea
00000000000821f0	0000000000082290
0000000000632be0	0000000000632cad
00000000006331e0	00000000006332ae
00000000006332b0	0000000000633347
0000000000634ac0	0000000000634af7
0000000000634b00	0000000000634ea4
0000000000634eb0	0000000000635305
0000000000635310	00000000006356ec
0000000000635a50	0000000000635ad6
0000000000638430	0000000000638521
0000000000638530	0000000000638568
0000000000638b50	0000000000638baa
0000000000638bb0	00000000006390c8
00000000006390d0	000000000063911e
0000000000639120	000000000063915b
0000000000639160	0000000000639347
0000000000639350	0000000000639455
0000000000639610	000000000063968b
0000000000639d40	0000000000639eed
000000000063a060	000000000063a134
000000000063a5d0	000000000063a646
000000000063a650	000000000063a659
000000000063a900	000000000063a935
000000000063a9f0	000000000063aa89
000000000063aa90	000000000063aaa2
0000000000082290	00000000000822e3
000000000063aab0	000000000063ab1b
000000000063ab20	000000000063ab8b
00000000000822e3	0000000000082336
000000000063b140	000000000063b152
000000000063b160	000000000063b1d0
000000000063b1d0	000000000063b240
000000000063b240	000000000063b264
000000000063b320	000000000063b4d2
000000000063b4e0	000000000063b52d
000000000063b530	000000000063b6ab
000000000063b6b0	000000000063b774
000000000063b780	000000000063b788
000000000063bc10	000000000063bd84
000000000063bdf0	000000000063be7c
000000000063be80	000000000063bf35
000000000063bf40	000000000063c266
000000000063c270	000000000063c2bd
000000000063c2c0	000000000063c47d
0000000000082340	00000000000823c6
000000000063c760	000000000063c8d8
000000000063c8e0	000000000063c8fb
00000000000823d0	00000000000823fa
000000000063e6c0	000000000063e95b
000000000063e960	000000000063e98c
000000000063e990	000000000063e9b6
000000000063e9c0	000000000063e9e6
000000000063f570	000000000063f598
000000000063f5a0	000000000063f626
000000000063f630	000000000063f7f2
000000000063f800	000000000063f8a1
000000000063fbd0	000000000063fd55
000000000063ffc0	0000000000640092
00000000006400a0	00000000006400be
00000000006401f0	00000000006402fe
0000000000640300	000000000064044a
0000000000640450	0000000000640530
0000000000640910	0000000000640b94
0000000000640ba0	0000000000640cb6
00000000006412f0	000000000064135a
0000000000641500	000000000064151a
0000000000641520	0000000000641532
0000000000641540	0000000000641647
0000000000641650	0000000000641837
0000000000641840	0000000000641878
0000000000641920	0000000000641c2f
0000000000642120	0000000000642163
0000000000642170	00000000006424ed
00000000006424f0	0000000000642533
0000000000642540	00000000006426ec
0000000000642960	00000000006429cc
0000000000082530	0000000000082ba4
00000000006429d0	00000000006429dd
00000000006429e0	00000000006434b4
00000000006434c0	000000000064362f
0000000000643630	00000000006437b6
0000000000082bb0	00000000000830b4
00000000000830c0	00000000000838ca
00000000006437c0	0000000000643932
00000000000838d0	0000000000083d6b
0000000000083d70	00000000000842df
0000000000643940	0000000000643ab3
00000000000842df	0000000000084330
0000000000643ac0	0000000000643b35
0000000000643b40	0000000000643bb5
0000000000084330	00000000000843ad
00000000000843b0	00000000000844ec
00000000000844f0	0000000000084553
0000000000084560	00000000000845c3
00000000000845d0	0000000000084633
0000000000643bc0	0000000000643cab
0000000000643cb0	00000000006440e6
0000000000084640	0000000000084b5d
00000000006440f0	00000000006445fc
0000000000644600	0000000000644f98
0000000000644fa0	0000000000649bc4
0000000000649bd0	000000000064a634
000000000064a640	000000000064a8ee
000000000064a8f0	000000000064ac4d
000000000064ac50	000000000064add7
000000000064ade0	000000000064b37e
0000000000084b60	0000000000084c44
000000000064b380	000000000064b70c
0000000000084c50	0000000000084d7a
000000000064b710	000000000064b8f5
000000000064b900	000000000064ba8a
000000000064ba90	000000000064bbbe
000000000064bbc0	000000000064bcba
000000000064bcc0	000000000064bf39
000000000064c8c0	000000000064ddaa
0000000000084d80	0000000000084ed5
000000000064ddb0	000000000064e237
0000000000084ee0	0000000000085042
000000000064e240	000000000064e428
000000000064e430	000000000064e52f
000000000064e530	000000000064e63f
000000000064e640	000000000064e8c0
000000000064e8c0	000000000064ea60
000000000064ea60	000000000064eb4f
000000000064eb50	000000000064ef31
000000000064ef40	000000000064f43e
000000000064f440	0000000000650af3
0000000000650b00	0000000000650ea5
0000000000650eb0	0000000000651768
0000000000651770	0000000000651a79
0000000000651a80	0000000000651ad9
0000000000651ae0	0000000000651b11
0000000000651b20	0000000000651b23
0000000000651b30	0000000000651b33
0000000000651b40	0000000000651b43
0000000000651b50	0000000000651c8e
0000000000651c90	0000000000651f09
0000000000651f10	00000000006523f7
0000000000652400	0000000000652ff9
0000000000085050	000000000008510d
0000000000653000	0000000000653307
0000000000085110	000000000008520c
0000000000653310	0000000000653478
0000000000653480	00000000006535a9
00000000006535b0	00000000006537ae
00000000006537b0	0000000000653860
0000000000653860	000000000065388f
0000000000653890	0000000000653e1f
0000000000085210	0000000000085230
0000000000085230	00000000000852a2
00000000000852b0	00000000000855a3
0000000000653e20	0000000000654004
0000000000654010	0000000000654030
0000000000654030	0000000000654136
0000000000654140	00000000006541ff
0000000000654200	000000000065423c
00000000006542f0	00000000006542fe
0000000000654300	0000000000654532
00000000000855b0	0000000000085b54
0000000000654540	00000000006546b3
00000000006546c0	0000000000654897
00000000006548a0	0000000000654993
0000000000085b54	0000000000085b8c
0000000000085b8c	0000000000085bc4
0000000000085bc4	0000000000085bfc
0000000000085bfc	0000000000085c34
0000000000085c34	0000000000085c6c
0000000000085c6c	0000000000085ca3
00000000006549a0	00000000006549a8
00000000006549b0	0000000000655015
0000000000655020	0000000000655183
00000000006552f0	000000000065537d
0000000000655380	00000000006554db
00000000006554e0	000000000065562e
0000000000655630	0000000000655847
0000000000655850	0000000000655877
0000000000655880	00000000006558b0
00000000006558b0	0000000000655a1c
0000000000655a20	0000000000655a8a
0000000000655a90	0000000000655b47
0000000000655b50	0000000000655d5c
0000000000655d60	0000000000655e7f
0000000000655e80	0000000000655eda
0000000000655ee0	00000000006561f4
0000000000656200	000000000065623c
0000000000656240	0000000000656266
0000000000656270	00000000006562f6
0000000000656300	000000000065633a
0000000000656340	00000000006563a0
00000000006563a0	00000000006563b2
00000000006563c0	0000000000656554
0000000000656560	000000000065673f
0000000000656740	0000000000656c9c
0000000000656ca0	0000000000656e22
0000000000085cb0	0000000000085d13
0000000000085d20	0000000000085e8a
0000000000656e30	00000000006570c2
00000000006570d0	0000000000657209
0000000000085e8a	0000000000085edb
0000000000085edb	0000000000085f27
0000000000657210	0000000000657222
0000000000657230	0000000000658037
0000000000658040	00000000006580b2
00000000006580c0	0000000000658132
0000000000658140	0000000000658152
0000000000658160	00000000006583ec
00000000006583f0	000000000065840d
0000000000658410	0000000000658525
0000000000658530	0000000000658577
0000000000085f30	0000000000085f93
0000000000658580	00000000006585af
00000000006585b0	0000000000658d54
0000000000085fa0	0000000000086037
0000000000658d60	0000000000658e6d
0000000000658e70	0000000000658f16
0000000000086040	0000000000086059
0000000000658f20	00000000006590a9
00000000006590b0	00000000006591c4
00000000006591d0	0000000000659502
0000000000659510	00000000006597bd
00000000006597c0	00000000006598fb
0000000000659900	000000000065993c
0000000000659940	0000000000659c8f
0000000000659c90	0000000000659d19
0000000000659d20	000000000065a11e
000000000065a120	000000000065a272
000000000065a280	000000000065a359
000000000065a360	000000000065a3b5
000000000065a3c0	000000000065a9e3
000000000065a9f0	000000000065ac8a
000000000065ac90	000000000065adf5
000000000065ae00	000000000065af05
000000000065af10	000000000065af5e
000000000065af60	000000000065b064
000000000065b070	000000000065b0c6
000000000065b0d0	000000000065b126
000000000065b130	000000000065b22e
000000000065b230	000000000065cf53
0000000000086060	00000000000860c0
00000000000860c0	0000000000086123
0000000000086130	0000000000086193
000000000065cf60	000000000065efd3
000000000065efe0	000000000065efe5
000000000065eff0	000000000065f0a1
000000000065f0b0	000000000065f192
000000000065f1a0	000000000065f1d9
000000000065f1e0	000000000065f2a7
000000000065f2b0	000000000065f368
000000000065f370	000000000065f4b8
000000000065f4c0	000000000065f655
000000000065f660	000000000065f6a0
000000000065f6a0	000000000065fa62
000000000065fa70	000000000065fd0e
000000000065fd10	000000000065ffad
000000000065ffb0	0000000000660117
0000000000660120	00000000006601fc
0000000000660200	000000000066032b
0000000000660330	00000000006603ff
0000000000660400	000000000066053f
0000000000660540	0000000000660aa8
0000000000660ab0	0000000000660be2
0000000000660bf0	0000000000660c7e
0000000000660c80	0000000000660fd2
0000000000660fe0	0000000000661123
0000000000661130	0000000000661482
0000000000661490	000000000066169d
00000000006616a0	0000000000661a40
0000000000661a40	0000000000661d17
0000000000661d20	0000000000661f57
0000000000661f60	00000000006620f9
0000000000662100	0000000000662591
00000000006625a0	0000000000662973
00000000000861a0	000000000008620c
0000000000662980	0000000000662b69
0000000000662b70	0000000000662cc4
0000000000662cd0	0000000000662ce4
0000000000662cf0	0000000000662da7
0000000000662db0	0000000000662e45
0000000000662e50	0000000000662e61
0000000000662e70	0000000000662e8e
0000000000662e90	0000000000663158
0000000000663160	00000000006632de
00000000006632e0	000000000066373a
0000000000663740	0000000000663854
0000000000663860	0000000000663985
0000000000663990	0000000000663a19
0000000000663a20	0000000000663aa1
0000000000663ab0	0000000000663d9f
0000000000663da0	0000000000664025
0000000000664030	0000000000664154
0000000000664160	00000000006641c2
00000000006641d0	00000000006644d0
00000000006644d0	0000000000664759
0000000000664760	0000000000664817
0000000000664820	0000000000664974
0000000000664980	0000000000664c37
0000000000664c40	0000000000664c99
0000000000664ca0	0000000000664cb4
0000000000664cc0	0000000000664d6e
0000000000664d70	0000000000664e01
0000000000664e10	0000000000664e21
0000000000664e30	0000000000664efc
0000000000664f00	0000000000665207
0000000000086210	0000000000086299
0000000000665210	00000000006652bd
00000000006652c0	00000000006653ab
00000000006653b0	0000000000665463
0000000000665470	0000000000665676
0000000000665680	00000000006656cc
00000000006656d0	0000000000665733
0000000000665740	00000000006657ee
00000000006657f0	0000000000665941
0000000000665950	0000000000665d4c
0000000000665d50	0000000000665f61
0000000000665f70	0000000000665f78
0000000000665f80	0000000000666191
00000000006661a0	00000000006662b8
00000000006662c0	00000000006667c7
00000000006667d0	00000000006669a4
00000000006669b0	0000000000666a1d
0000000000666a20	0000000000666a28
0000000000666a30	0000000000666a40
0000000000666a40	0000000000666bb5
0000000000666bc0	0000000000666d94
0000000000666da0	0000000000666f15
0000000000666f20	0000000000666fec
0000000000666ff0	0000000000667004
0000000000667010	000000000066706b
0000000000667070	000000000066733a
0000000000667340	000000000066738a
0000000000667390	00000000006674d0
00000000006674d0	0000000000667701
0000000000667710	0000000000667841
0000000000667850	00000000006679a6
00000000006679b0	0000000000667ce1
0000000000667cf0	0000000000667cf5
0000000000667d00	0000000000667da1
0000000000667db0	0000000000667ec4
0000000000667ed0	0000000000667f84
00000000000862a0	00000000000862b9
0000000000667f90	00000000006680e6
00000000006680f0	000000000066827a
0000000000668280	00000000006682a9
00000000006682b0	00000000006684f0
00000000006684f0	00000000006687c6
00000000006687d0	00000000006687d5
00000000006687e0	00000000006688ec
00000000006688f0	00000000006689d5
00000000006689e0	0000000000668a19
0000000000668a20	0000000000668af0
0000000000668af0	0000000000668bd4
0000000000668be0	0000000000668d40
0000000000668d40	0000000000668ed8
0000000000668ee0	00000000006691ca
00000000006691d0	00000000006694b9
00000000000862b9	00000000000862f1
00000000006694c0	0000000000669a8a
0000000000669a90	000000000066a3db
000000000066a3e0	000000000066aa52
000000000066aa60	000000000066ad79
000000000066ad80	000000000066b0c9
0000000000086300	000000000008639a
00000000000863a0	0000000000086403
0000000000086410	000000000008654c
000000000066b0d0	000000000066b292
000000000066b2a0	000000000066b452
000000000066b460	000000000066d4df
000000000066d4e0	000000000066d7b5
0000000000086550	00000000000865d9
000000000066d7c0	000000000066d92e
000000000066d930	000000000066da7f
00000000000865e0	0000000000086643
000000000066da80	000000000066e4f2
000000000066e500	000000000066e744
0000000000086650	00000000000866c9
000000000066e750	000000000066f398
000000000066f3a0	000000000066f508
000000000066f510	000000000066f6c2
000000000066f6d0	000000000066f728
000000000066f730	000000000066fc2b
000000000066fc30	000000000066fc35
000000000066fc40	000000000066fcf4
000000000066fd00	000000000066ff89
000000000066ff90	000000000066ffc9
000000000066ffd0	0000000000670051
0000000000670060	0000000000670158
0000000000670160	00000000006703bb
00000000006703c0	00000000006706e5
00000000006706f0	000000000067187b
0000000000671880	00000000006718ef
00000000006718f0	0000000000671bdb
0000000000671be0	0000000000671df5
0000000000671e00	0000000000671eb9
0000000000671ec0	000000000067243a
0000000000672440	0000000000672445
0000000000672450	00000000006726d9
00000000006726e0	0000000000672719
0000000000672720	00000000006727a1
00000000006727b0	00000000006728a8
00000000006728b0	0000000000672bd5
0000000000672be0	0000000000672ec9
0000000000672ed0	0000000000672ed5
0000000000672ee0	00000000006730d5
00000000006730e0	0000000000673119
0000000000673120	00000000006731a1
00000000006731b0	000000000067324d
0000000000673250	0000000000673402
0000000000673410	00000000006736cc
00000000006736d0	0000000000675139
0000000000675140	0000000000675159
0000000000675160	00000000006754c0
00000000006754c0	00000000006754c5
00000000006754d0	00000000006756c5
00000000006756d0	0000000000675709
0000000000675710	0000000000675791
00000000006757a0	000000000067583d
0000000000675840	0000000000675afc
0000000000675b00	0000000000676033
0000000000676040	0000000000676217
0000000000676220	00000000006768bc
00000000006768c0	0000000000676a35
0000000000676a40	00000000006773f4
00000000000866d0	0000000000086727
0000000000086730	00000000000867b7
0000000000677400	0000000000677509
0000000000677510	0000000000677cc3
0000000000677cd0	0000000000677d4e
0000000000677d50	0000000000677e9d
0000000000677ea0	0000000000678408
0000000000678410	0000000000678c73
00000000000867c0	000000000008682d
0000000000678c80	0000000000678c94
0000000000678ca0	0000000000678f8f
0000000000678f90	000000000067925e
0000000000679260	00000000006792c1
00000000006792d0	00000000006793c4
00000000006793d0	00000000006793e2
00000000006793f0	00000000006794d1
00000000006794e0	00000000006795aa
00000000006795b0	00000000006795fa
0000000000679600	0000000000679603
0000000000679610	0000000000679613
0000000000679620	0000000000679628
0000000000679630	0000000000679636
0000000000679640	0000000000679641
0000000000679650	0000000000679653
0000000000679660	0000000000679661
0000000000679670	0000000000679674
0000000000679680	0000000000679681
0000000000679690	0000000000679693
00000000006796a0	00000000006796ab
00000000006796b0	00000000006796cf
000000000008682d	000000000008686f
00000000006796d0	0000000000679788
0000000000679790	0000000000679804
0000000000086870	0000000000086b90
0000000000679810	0000000000679828
0000000000086b90	0000000000086be0
0000000000679830	000000000067984f
0000000000679850	000000000067985a
0000000000679860	0000000000679969
0000000000679970	0000000000679997
0000000000086be0	0000000000086c00
0000000000086c00	0000000000086c72
0000000000086c80	0000000000086d07
0000000000086d10	0000000000086d60
00000000006799a0	00000000006799ec
00000000006799f0	0000000000679a71
0000000000679a80	0000000000679b04
0000000000679b10	0000000000679b36
0000000000679b40	0000000000679b90
0000000000679b90	0000000000679c97
0000000000679ca0	0000000000679d9e
0000000000679da0	0000000000679daf
0000000000679db0	0000000000679dbf
0000000000679dc0	0000000000679ef1
0000000000679f00	0000000000679f0e
0000000000679f10	0000000000679f1f
0000000000679f20	0000000000679f2f
0000000000679f30	000000000067a266
000000000067a270	000000000067a4b4
000000000067a4c0	000000000067a698
000000000067a6a0	000000000067a8be
000000000067a8c0	000000000067a906
000000000067a910	000000000067a955
000000000067a960	000000000067a9a5
000000000067a9b0	000000000067aa00
000000000067aa00	000000000067aa50
000000000067aa50	000000000067ac3d
000000000067ac40	000000000067ade1
000000000067adf0	000000000067ae43
000000000067ae50	000000000067affb
000000000067b000	000000000067b03f
000000000067b040	000000000067b054
000000000067b060	000000000067b182
000000000067b190	000000000067b559
000000000067b560	000000000067b577
000000000067b580	000000000067b588
000000000067b590	000000000067b59e
000000000067b5a0	000000000067b5a8
000000000067b5b0	000000000067b5be
000000000067b5c0	000000000067b5c1
000000000067b5d0	000000000067b5d8
000000000067b5e0	000000000067b5ee
000000000067b5f0	000000000067b5f8
000000000067b600	000000000067b60e
000000000067b610	000000000067b618
000000000067b620	000000000067b62e
000000000067b630	000000000067b8ff
000000000067b900	000000000067ba4b
000000000067ba50	000000000067ba67
0000000000086d60	0000000000086da6
000000000067ba70	000000000067ba8c
000000000067ba90	000000000067bceb
000000000067bcf0	000000000067bd0c
000000000067bd10	000000000067bd2c
000000000067bd30	000000000067bd4c
000000000067bd50	000000000067bdc0
000000000067bdc0	000000000067be33
000000000067be40	000000000067be5c
000000000067be60	000000000067bec8
000000000067bed0	000000000067c032
000000000067c040	000000000067c079
000000000067c080	000000000067c081
000000000067c090	000000000067c1b2
000000000067c1c0	000000000067c1c1
000000000067c1d0	000000000067c1d1
000000000067c1e0	000000000067c20b
000000000067c210	000000000067c211
000000000067c220	000000000067c221
000000000067c230	000000000067c2a8
000000000067c2b0	000000000067c2b1
000000000067c2c0	000000000067c2c1
0000000000086db0	0000000000086de4
0000000000086df0	0000000000086e24
000000000067c2d0	000000000067c2de
0000000000086e30	0000000000087291
000000000067c2e0	000000000067c44f
00000000000872a0	0000000000087b9a
000000000067c450	000000000067c5be
000000000067c5c0	000000000067c799
0000000000087ba0	00000000000880e9
000000000067c7a0	000000000067c945
00000000000880f0	000000000008868d
0000000000088690	0000000000088f5a
000000000067c950	000000000067cadc
0000000000088f60	0000000000088fbd
0000000000088fc0	0000000000089083
000000000067cae0	000000000067cd56
000000000067cd60	000000000067ceab
000000000067ceb0	000000000067d2ca
000000000067d2d0	000000000067d497
000000000067d4a0	000000000067d5e4
0000000000089090	00000000000890fa
000000000067d5f0	000000000067d6d4
000000000067d6e0	000000000067d823
000000000067d830	000000000067e399
000000000067e3a0	000000000067e614
000000000067e620	000000000067e7d8
000000000067e7e0	000000000067ea44
000000000067ea50	000000000067ec6d
000000000067ec70	000000000067f041
0000000000089100	0000000000089378
000000000067f050	000000000067f185
0000000000089380	00000000000895df
000000000067f190	000000000067f6d6
00000000000895e0	000000000008963d
000000000067f6e0	000000000067f771
000000000067f780	000000000068061c
0000000000680620	0000000000682ac9
0000000000089640	000000000008969d
0000000000682ad0	0000000000682b80
0000000000682b80	0000000000682b9f
0000000000682ba0	0000000000682bae
0000000000682bb0	0000000000682bcf
0000000000682bd0	0000000000682c2e
0000000000682c30	0000000000682ce0
0000000000682ce0	0000000000682d21
0000000000682d30	0000000000682d3e
0000000000682d40	0000000000682d81
0000000000682d90	0000000000682dba
0000000000682dc0	0000000000682fd8
0000000000682fe0	0000000000682fee
0000000000682ff0	00000000006833da
00000000006833e0	00000000006833f1
0000000000683400	00000000006834b0
00000000006834b0	00000000006834b3
00000000006834c0	00000000006834ce
00000000006834d0	000000000068396c
0000000000683970	0000000000683df8
0000000000683e00	0000000000683eb0
0000000000683eb0	00000000006840c8
00000000006840d0	00000000006843ff
0000000000684400	00000000006844b0
00000000006844b0	000000000068462b
0000000000684630	0000000000684662
0000000000684670	000000000068467e
0000000000684680	000000000068474d
00000000000896a0	00000000000896fd
0000000000089700	000000000008975d
0000000000684750	0000000000684931
0000000000684940	0000000000684b10
0000000000684b10	00000000006852be
0000000000089760	00000000000897e5
00000000006852c0	00000000006853d2
00000000006853e0	00000000006854d3
00000000006854e0	00000000006855b5
00000000006855c0	00000000006855e1
00000000006855f0	0000000000685611
0000000000685620	00000000006856fa
0000000000685700	00000000006859c6
00000000006859d0	00000000006859f4
0000000000685a00	0000000000685a24
0000000000685a30	0000000000685d38
0000000000685d40	0000000000685d50
0000000000685d50	0000000000685d9e
0000000000685da0	0000000000685e7a
0000000000685e80	0000000000685e98
0000000000685ea0	0000000000685f92
0000000000685fa0	0000000000686112
0000000000686120	0000000000686198
00000000006861a0	00000000006862d2
00000000006862e0	00000000006862f2
0000000000686300	0000000000686310
0000000000686310	0000000000686384
0000000000686390	000000000068652a
0000000000686530	0000000000686c07
0000000000686c10	0000000000686d39
0000000000686d40	0000000000686db7
0000000000686dc0	0000000000686dd0
0000000000686dd0	0000000000686de0
0000000000686de0	0000000000686ded
0000000000686df0	000000000068700a
0000000000687010	00000000006874f8
0000000000687500	000000000068762f
0000000000687630	000000000068783b
0000000000687840	00000000006878c3
00000000006878d0	000000000068798c
0000000000687990	0000000000687d10
0000000000687d10	0000000000687fdd
0000000000687fe0	000000000068804a
0000000000688050	0000000000688228
0000000000688230	00000000006882e8
00000000006882f0	0000000000688302
0000000000688310	000000000068837a
0000000000688380	0000000000688753
0000000000688760	0000000000688881
0000000000688890	0000000000688a08
0000000000688a10	0000000000688b31
0000000000688b40	0000000000688ebd
0000000000688ec0	0000000000689099
00000000006890a0	00000000006890dc
00000000006890e0	000000000068915a
0000000000689160	0000000000689192
00000000006891a0	00000000006892a3
00000000006892b0	0000000000689881
00000000000897f0	000000000008985d
0000000000689890	0000000000689e00
0000000000689e00	000000000068a3e7
000000000068a3f0	000000000068a443
000000000068a450	000000000068a4b9
000000000068a4c0	000000000068a726
000000000068a730	000000000068a7a6
000000000068a7b0	000000000068a927
000000000068a930	000000000068af96
000000000068afa0	000000000068b0ee
0000000000089860	00000000000898dd
000000000068b0f0	000000000068b453
000000000068b460	000000000068b652
000000000068b660	000000000068b7e2
000000000068b7f0	000000000068b972
000000000068b980	000000000068bb61
000000000068bb70	000000000068be4c
000000000068be50	000000000068d318
000000000068d320	000000000068d438
000000000068d440	000000000068d4d2
000000000068d4e0	000000000068d57f
000000000068d580	000000000068d5ec
000000000068d5f0	000000000068d6df
000000000068d6e0	000000000068d6f2
000000000068d700	000000000068d98f
000000000068d990	000000000068de69
000000000068de70	000000000068e5cf
000000000068e5d0	000000000068e91e
000000000068e920	000000000068ecf8
000000000068ed00	000000000068f5bd
000000000068f5c0	000000000068f883
000000000068f890	000000000068f8fc
000000000068f900	000000000068f9ff
000000000068fa00	000000000068fa12
000000000068fa20	000000000068fc58
000000000068fc60	000000000069095c
0000000000690960	00000000006925f9
0000000000692600	0000000000692751
0000000000692760	0000000000692ea8
0000000000692eb0	00000000006930d5
00000000006930e0	0000000000693242
0000000000693250	000000000069345d
0000000000693460	00000000006934d9
00000000006934e0	00000000006934e8
00000000006934f0	00000000006934f8
0000000000693500	0000000000693518
0000000000693520	0000000000693602
0000000000693610	00000000006939f4
0000000000693a00	0000000000693a44
0000000000693a50	0000000000693a7f
0000000000693a80	0000000000693b20
0000000000693b20	0000000000693b96
0000000000693ba0	0000000000693bb9
00000000000898dd	0000000000089918
0000000000693bc0	0000000000693d0d
0000000000089920	000000000008999d
00000000000899a0	0000000000089adc
0000000000693d10	0000000000694eeb
0000000000694ef0	000000000069508c
0000000000695090	0000000000696c19
0000000000696c20	0000000000696f35
0000000000696f40	0000000000697d40
0000000000697d40	00000000006981a3
00000000006981b0	00000000006995cc
00000000006995d0	000000000069a3ed
000000000069a3f0	000000000069a84d
000000000069a850	000000000069a8c8
000000000069a8d0	000000000069aa32
000000000069aa40	000000000069aa50
000000000069aa50	000000000069ad68
000000000069ad70	000000000069b5f7
000000000069b600	000000000069b745
000000000069b750	000000000069b8e9
000000000069b8f0	000000000069bbbe
000000000069bbc0	000000000069d793
000000000069d7a0	000000000069de80
000000000069de80	000000000069dea2
000000000069deb0	000000000069e10c
000000000069e110	000000000069e121
000000000069e130	000000000069e19c
000000000069e1a0	000000000069e29f
000000000069e2a0	000000000069e2b2
000000000069e2c0	000000000069e350
000000000069e350	000000000069e811
0000000000089ae0	0000000000089b43
000000000069e820	000000000069ec6a
000000000069ec70	000000000069ef11
000000000069ef20	000000000069f2c8
000000000069f2d0	000000000069f358
000000000069f360	000000000069f59d
000000000069f5a0	000000000069f9aa
000000000069f9b0	000000000069fa5a
000000000069fa60	000000000069fb66
000000000069fb70	000000000069fccb
000000000069fcd0	000000000069fe00
000000000069fe00	000000000069ff04
000000000069ff10	000000000069ff73
000000000069ff80	00000000006a0079
00000000006a0080	00000000006a084a
00000000006a0850	00000000006a16c8
00000000006a16d0	00000000006a1927
00000000006a1930	00000000006a1a60
00000000006a1a60	00000000006a2723
00000000006a2730	00000000006a27a1
00000000006a27b0	00000000006a2ac4
00000000006a2ad0	00000000006a2cc6
00000000006a2cd0	00000000006a3a3a
00000000006a3a40	00000000006a3f50
00000000006a3f50	00000000006a4212
00000000006a4220	00000000006a4436
00000000006a4440	00000000006a4543
00000000006a4550	00000000006a45c7
00000000006a45d0	00000000006a4848
00000000006a4850	00000000006a48cc
00000000006a48d0	00000000006a493d
00000000006a4940	00000000006a49a0
00000000006a49a0	00000000006a4b57
00000000006a4b60	00000000006a4dd0
00000000006a4dd0	00000000006a598e
00000000006a5990	00000000006a604f
00000000006a6050	00000000006a60bb
00000000006a60c0	00000000006a6238
00000000006a6240	00000000006a7ed3
0000000000089b50	0000000000089bb7
00000000006a7ee0	00000000006a806c
0000000000089bc0	0000000000089c83
00000000006a8070	00000000006a8eb6
00000000006a8ec0	00000000006a96c6
00000000006a96d0	00000000006a98cc
0000000000089c90	0000000000089ced
00000000006a98d0	00000000006a9b68
00000000006a9b70	00000000006a9da7
00000000006a9db0	00000000006a9f01
00000000006a9f10	00000000006aa13f
00000000006aa140	00000000006aa153
00000000006aa160	00000000006aa554
00000000006aa560	00000000006ab813
00000000006ab820	00000000006abc1b
00000000006abc20	00000000006abc77
00000000006abc80	00000000006abcd9
00000000006abce0	00000000006abd3e
00000000006abd40	00000000006abdd6
00000000006abde0	00000000006abf66
00000000006abf70	00000000006ac5c5
00000000006ac5d0	00000000006acc50
00000000006acc50	00000000006acc89
00000000006acc90	00000000006ad51f
00000000006ad520	00000000006ad5f2
00000000006ad600	00000000006ad6d2
00000000006ad6e0	00000000006ad70f
00000000006ad710	00000000006ad7e8
00000000006ad7f0	00000000006ad991
00000000006ad9a0	00000000006adb5b
00000000006adb60	00000000006adc32
00000000006adc40	00000000006ae074
00000000006ae080	00000000006ae1a6
00000000006ae1b0	00000000006ae288
00000000006ae290	00000000006ae3d6
00000000006ae3e0	00000000006ae4dc
00000000006ae4e0	00000000006ae62d
00000000006ae630	00000000006ae878
00000000006ae880	00000000006aea76
00000000006aea80	00000000006aeb3a
00000000006aeb40	00000000006af186
00000000006af190	00000000006af8f9
00000000000908c0	0000000000092cbb
0000000000225be0	00000000002286f3
0000000000236cf0	0000000000243d12
000000000024e570	000000000024fe9b
0000000000288a80	000000000028d616
000000000028e810	000000000028f42f
00000000002a31e0	00000000002a38dc
00000000002bd330	00000000002be9fd
00000000002c01c0	00000000002c0441
00000000002d9880	00000000002d9d17
00000000002da070	00000000002da294
00000000002da2a0	00000000002daf84
00000000002dafb0	00000000002db077
00000000002db0e0	00000000002db13d
00000000002db140	00000000002db175
00000000002db180	00000000002db300
00000000002dca10	00000000002dd329
00000000002f0ba0	00000000002f0c06
000000000005e930	000000000005e963
00000000003256a7	0000000000325fe5
000000000032d420	000000000032d4bb
0000000000334430	00000000003344db
00000000003479c0	0000000000347a6b
000000000034d340	000000000034d66b
00000000003518c0	000000000035197c
0000000000351db0	0000000000351e6c
0000000000374110	00000000003741cd
0000000000375ba0	0000000000375c14
00000000004233c0	000000000042345f
0000000000423460	000000000042351d
0000000000426250	00000000004262c4
00000000004262e0	0000000000426354
000000000049e060	000000000049e10b
0000000000508780	000000000050882b
0000000000538b20	0000000000538bde
000000000053bab0	000000000053bb53
000000000053c0a0	000000000053c14d
000000000053e960	000000000053e9d4
000000000053e9f0	000000000053ea9c
000000000053eda0	000000000053ee3b
0000000000603020	00000000006030cb
0000000000607910	0000000000607eae
0000000000607eae	000000000060821e
0000000000608290	000000000060834a
0000000000608590	000000000060885e
00000000006088c0	0000000000608a8f
0000000000608a90	0000000000608c35
0000000000608c40	0000000000608c7c
0000000000608c90	0000000000608ddc
0000000000608ddc	000000000060ceb6
000000000060d730	000000000060d932
000000000060d940	000000000060dc58
000000000060df10	000000000060e671
000000000060e8f0	000000000060ec10
000000000060ec10	000000000060f8e2
000000000007d8d0	000000000007d974
00000000006109f0	0000000000610d08
0000000000610d08	0000000000613be3
0000000000613bf0	0000000000613cd7
0000000000614270	00000000006147c7
00000000006147d0	000000000061485a
0000000000614860	00000000006148ba
00000000006152e0	00000000006176bc
00000000006176c0	0000000000617765
0000000000617770	00000000006177c3
000000000007d9f0	000000000007f7fa
0000000000618090	00000000006181b3
00000000006182f0	0000000000618bf1
00000000006195b0	0000000000619fa3
000000000007f8e0	0000000000080860
0000000000080860	000000000008103e
000000000061d260	000000000061d370
000000000061db10	000000000061e4d3
0000000000620310	0000000000620425
0000000000620d50	00000000006216d6
00000000006217a0	000000000062189f
00000000006218a0	0000000000621c65
0000000000621fb0	0000000000622326
0000000000623380	0000000000623433
00000000006234e0	000000000062359c
00000000006235a0	00000000006238f5
0000000000623970	0000000000623a1f
0000000000623a20	0000000000623b2f
0000000000623b30	0000000000623bd5
0000000000623be0	0000000000623e64
00000000006240f0	0000000000624200
0000000000624200	0000000000624310
0000000000624310	00000000006243b7
00000000006243c0	00000000006244f6
0000000000624e60	0000000000624ec0
0000000000625510	0000000000625f03
0000000000626680	00000000006270e6
0000000000627e00	0000000000627f3f
00000000000813f0	0000000000081494
00000000006286c0	0000000000628c0b
00000000000814a0	0000000000081541
0000000000628dd0	0000000000628f5c
0000000000628fa0	000000000062913e
0000000000629880	0000000000629998
0000000000629a10	0000000000629c88
000000000062a570	000000000062a5eb
000000000062a720	000000000062a7c9
000000000062a7d0	000000000062a903
000000000062acc0	000000000062adde
000000000062ade0	000000000062aee5
000000000062af40	000000000062b067
000000000062b070	000000000062b0c4
000000000062b0d0	000000000062b1b2
000000000062bbb3	000000000062bcf0
000000000062bd00	000000000062bd8e
000000000062bdd0	000000000062bec2
000000000062bed0	000000000062bf5f
000000000062c2a0	000000000062c3b8
0000000000081a40	0000000000081b64
000000000062cbd0	000000000062cda2
000000000062d0f0	000000000062d2b3
000000000062d300	000000000062d4e8
000000000062d4f0	000000000062d56c
000000000062d570	000000000062e833
000000000062e840	000000000062e89d
000000000062e8b0	000000000062edcc
000000000062ee40	000000000062f628
0000000000081cd0	0000000000081f18
00000000006304f0	0000000000630662
0000000000630850	000000000063099d
0000000000630a30	0000000000630f2b
0000000000630f50	000000000063113a
0000000000631250	000000000063147b
00000000006314c0	0000000000631bfe
0000000000082090	000000000008212d
0000000000631f10	0000000000632157
00000000006321a0	000000000063220c
0000000000632210	0000000000632385
0000000000632600	00000000006327e9
00000000006327f0	0000000000632848
0000000000632850	0000000000632913
0000000000632920	00000000006329e8
00000000006329f0	0000000000632a50
0000000000632a50	0000000000632aa2
0000000000632ab0	0000000000632b57
0000000000632b60	0000000000632bbb
0000000000632cb0	0000000000632db5
0000000000632dc0	000000000063310c
0000000000633110	00000000006331d8
0000000000633350	00000000006342af
00000000006342b0	0000000000634ab1
00000000006356f0	0000000000635a45
0000000000635ae0	0000000000636d4b
0000000000636d50	000000000063820d
0000000000638210	000000000063842b
0000000000638570	0000000000638996
00000000006389a0	0000000000638b50
0000000000639460	000000000063960f
0000000000639690	0000000000639c38
0000000000639c40	0000000000639d35
0000000000639ef0	0000000000639f65
0000000000639f70	000000000063a05b
000000000063a140	000000000063a3f6
000000000063a400	000000000063a5c8
000000000063a660	000000000063a720
000000000063a720	000000000063a8f9
000000000063a940	000000000063a9ef
000000000063ab90	000000000063ae18
000000000063ae20	000000000063afec
000000000063aff0	000000000063b04a
000000000063b050	000000000063b138
000000000063b270	000000000063b31d
000000000063b790	000000000063bbbc
000000000063bbc0	000000000063bc09
000000000063bd90	000000000063bde7
000000000063c480	000000000063c756
000000000063c900	000000000063e228
000000000063e230	000000000063e6b3
000000000063e9f0	000000000063f569
000000000063f8b0	000000000063fb63
000000000063fb70	000000000063fbc4
000000000063fd60	000000000063ffb9
00000000000823fa	0000000000082472
00000000006400c0	00000000006401eb
0000000000640530	0000000000640901
0000000000640cc0	0000000000641008
0000000000641010	00000000006412ed
0000000000641360	00000000006414fe
0000000000641880	000000000064191e
0000000000641c30	0000000000641db4
0000000000082480	0000000000082521
0000000000641dc0	0000000000642120
00000000006426f0	0000000000642839
0000000000642840	0000000000642952
000000000064bf40	000000000064c8b5
0000000000654240	00000000006542ea
0000000000655190	00000000006552e5
00000000006af900	00000000006afb8d
00000000006afb90	00000000006afd59
00000000006afd60	00000000006aff2e
00000000006aff30	00000000006b0089
00000000006b0090	00000000006b02f7
00000000006b0300	00000000006b058a
00000000006b0590	00000000006b0f37
00000000006b0f40	00000000006b1f3b
00000000006b1f40	00000000006b22cd
00000000006b22d0	00000000006b2d65
00000000006b2d70	00000000006b7062
00000000006b7070	00000000006bb879
00000000006bb880	00000000006c01fd
00000000006c0200	00000000006c43da
00000000006c43e0	00000000006c4ea1
00000000006c4eb0	00000000006c6dd2
00000000006c6de0	00000000006c7316
00000000006c7320	00000000006c734f
00000000006c7350	00000000006c73c7
00000000006c73d0	00000000006c765d
00000000006c7660	00000000006c7711
00000000006c7720	00000000006c78e3
00000000006c78f0	00000000006c78f5
00000000006c7900	00000000006c7911
00000000006c7920	00000000006c8f02
00000000006c8f10	00000000006c9046
00000000006c9050	00000000006c9dbe
00000000006c9dc0	00000000006cae26
00000000006cae30	00000000006cb0bf
00000000006cb0c0	00000000006cbb5d
00000000006cbb60	00000000006cbcf1
00000000006cbd00	00000000006cbd4e
00000000006cbd50	00000000006cbf15
00000000006cbf20	00000000006cc17b
00000000006cc180	00000000006cc403
00000000006cc410	00000000006ccca1
00000000006cccb0	00000000006cccc9
00000000006cccd0	00000000006ccdfb
00000000006cce00	00000000006ccf48
00000000006ccf50	00000000006cd269
00000000006cd270	00000000006cd289
00000000006cd290	00000000006cd3ed
00000000006cd3f0	00000000006cd46f
00000000006cd470	00000000006cd485
00000000006cd490	00000000006cd536
00000000006cd540	00000000006cd593
00000000006cd5a0	00000000006cd61f
00000000006cd620	00000000006cd767
00000000006cd770	00000000006cd9c6
00000000006cd9d0	00000000006cdaec
00000000006cdaf0	00000000006cdce1
00000000006cdcf0	00000000006cdd09
00000000006cdd10	00000000006cdd1c
00000000006cdd20	00000000006cdd29
00000000006cdd30	00000000006cddcf
00000000006cddd0	00000000006cdfdc
00000000006cdfe0	00000000006ce086
00000000006ce090	00000000006ce4bc
00000000006ce4c0	00000000006ce62a
00000000006ce630	00000000006ce7c6
00000000006ce7d0	00000000006ce857
00000000006ce860	00000000006ce94d
00000000006ce950	00000000006ceae1
00000000006ceaf0	00000000006cebd9
00000000006cebe0	00000000006ced19
00000000006ced20	00000000006cf2a3
00000000006cf2b0	00000000006d0b07
00000000006d0b07	00000000006d0db6
00000000006d0db6	00000000006d0faa
00000000006d0fb0	00000000006d16dc
00000000006d16e0	00000000006d16fd
00000000006d1700	00000000006d171d
00000000006d1720	00000000006d173d
00000000006d1740	00000000006d175d
00000000006d1760	00000000006d177d
00000000006d1780	00000000006d17d8
00000000006d17e0	00000000006d1bcf
00000000006d1bd0	00000000006d1e9a
00000000006d1ec0	00000000006d223b
00000000006d2240	00000000006d2c13
00000000006d2c20	00000000006d376c
00000000006d3780	00000000006d38fb
00000000006d3900	00000000006d397a
00000000006d3980	00000000006d411c
00000000006d4120	00000000006d46f9
00000000006d4700	00000000006d4c89
00000000006d4ca0	00000000006d4dc9
00000000006d4de0	00000000006d4f5c
00000000006d4f60	00000000006d538d
00000000006d53a0	00000000006d53f8
00000000006d5400	00000000006d546f
00000000006d5470	00000000006d54f9
00000000006d5500	00000000006d55d8
00000000006d55e0	00000000006d56e8
00000000006d56f0	00000000006d5e8e
00000000006d5e90	00000000006d6014
00000000006d6020	00000000006d603d
00000000006d6040	00000000006d605d
00000000006d6060	00000000006d607d
00000000006d6080	00000000006d6294
00000000006d62a0	00000000006d64f7
00000000006d6500	00000000006d6b45
00000000006d6b60	00000000006d6cff
00000000006d6d00	00000000006d7399
00000000006d73a0	00000000006d74ff
00000000006d7500	00000000006d7782
00000000006d7790	00000000006d7873
00000000006d7880	00000000006d793d
00000000006d7940	00000000006d796d
00000000006d7970	00000000006d79bb
00000000006d79c0	00000000006d79e1
00000000006d79f0	00000000006d7ab2
00000000006d7ac0	00000000006d7af1
00000000006d7b00	00000000006d7d55
00000000006d7d60	00000000006d8295
00000000006d82a0	00000000006d84a3
00000000006d84c0	00000000006d89da
00000000006d8a40	00000000006d8b27
00000000006d8b40	00000000006d931c
00000000006d9320	00000000006d946c
00000000006d9480	00000000006d9d2a
00000000006d9d40	00000000006d9dd4
00000000006d9de0	00000000006d9eab
00000000006d9ec0	00000000006da687
00000000006da6a0	00000000006da7ee
00000000006da800	00000000006db15c
00000000006db160	00000000006db1ed
00000000006db1f0	00000000006db210
00000000006db220	00000000006db49f
00000000006db4a0	00000000006db519
00000000006db520	00000000006db84b
00000000006db860	00000000006dbb3b
00000000006dbb40	00000000006dbee5
00000000006dbf00	00000000006dc20a
00000000006dc220	00000000006dc267
00000000006dc280	00000000006dc4ac
00000000006dc4c0	00000000006dc501
00000000006dc520	00000000006dc6c0
00000000006dc6c0	00000000006dc70b
00000000006dc720	00000000006dc962
00000000006dc980	00000000006dc9c5
00000000006dc9e0	00000000006dcb9e
00000000006dcba0	00000000006dcc6a
00000000006dcc80	00000000006dcd20
00000000006dcd20	00000000006dcde2
00000000006dce00	00000000006dcee4
00000000006dcf00	00000000006dcf54
00000000006dcf60	00000000006dcfaf
00000000006dcfc0	00000000006dcffd
00000000006dd000	00000000006dd051
00000000006dd060	00000000006dd35d
00000000006dd360	00000000006ddaac
00000000006ddac0	00000000006de01c
00000000006de020	00000000006de077
00000000006de080	00000000006de0d8
00000000006de0e0	00000000006de126
00000000006de140	00000000006de194
00000000006de1a0	00000000006de4a1
00000000006de4c0	00000000006dec0b
00000000006dec20	00000000006df175
00000000006df180	00000000006e0377
00000000006e0380	00000000006e150e
00000000006e1540	00000000006e1739
00000000006e1740	00000000006e38ac
00000000006e38c0	00000000006e5ae1
00000000006e5b00	00000000006e8140
00000000006e8140	00000000006eb10d
00000000006eb140	00000000006ec2bb
00000000006ec2c0	00000000006ec5fd
00000000006ec600	00000000006ed4bc
00000000006ed4c0	00000000006ee3b7
00000000006ee3c0	00000000006eeada
00000000006eeae0	00000000006eeb4e
00000000006eeb50	00000000006eebbe
00000000006eebc0	00000000006eec58
00000000006eec60	00000000006eee06
00000000006eee10	00000000006eee78
00000000006eee80	00000000006eeee0
00000000006eeee0	00000000006ef2c3
00000000006ef2d0	00000000006ef653
00000000006ef660	00000000006ef711
00000000006ef720	00000000006ef7f2
00000000006ef800	00000000006ef876
00000000006ef880	00000000006ef8ee
00000000006ef8f0	00000000006ef958
00000000006ef960	00000000006ef9bb
00000000006efa10	00000000006efa11
00000000006efa20	00000000006efa23
00000000006efa30	00000000006efa38
00000000006efa40	00000000006efa49
00000000006efa50	00000000006efab4
00000000006efac0	00000000006efad4
00000000006efae0	00000000006efb17
00000000006efb20	00000000006efb57
00000000006efb60	00000000006efb97
00000000006efba0	00000000006efbd7
00000000006efbe0	00000000006efc17
00000000006efc20	00000000006efc57
00000000006efc60	00000000006efcfa
00000000006efd00	00000000006eff30
00000000006eff30	00000000006effeb
00000000006efff0	00000000006f00ab
00000000006f00b0	00000000006f04ac
00000000006f04b0	00000000006f0653
00000000006f0660	00000000006f09e8
00000000006f09f0	00000000006f0b19
00000000006f0b20	00000000006f0c35
00000000006f0c40	00000000006f0db2
00000000006f0dc0	00000000006f0e68
00000000006f0e70	00000000006f0eb0
00000000006f0eb0	00000000006f0ef0
00000000006f0ef0	00000000006f1627
00000000006f1630	00000000006f178b
00000000006f1790	00000000006f18e8
00000000006f18f0	00000000006f242d
00000000006f2430	00000000006f2fe8
00000000006f2ff0	00000000006f30ef
00000000006f30f0	00000000006f3ac4
00000000006f3ad0	00000000006f4633
00000000006f4640	00000000006f8a9b
00000000006f8aa0	00000000006f8de9
00000000006f8df0	00000000006f8f4d
00000000006f8f50	00000000006f9f1a
00000000006f9f20	00000000006fb00d
00000000006fb010	00000000006fb0ab
00000000006fb0b0	00000000006fb1ef
00000000006fb1f0	00000000006fb33f
000000000070be30	000000000070bef5
000000000070bf00	000000000070bfbe
000000000070bfc0	000000000070c068
